pretty_comp,max_ir_mode
AlICl6,522.7130593
BiN,479.6606438
CdSnP2,324.9728386000001
BaSi6N8O,1103.26379
SrIF,286.2077657
Rb2ZrF6,490.70703089999995
Ni(PS3)2,548.908884
Li2PNO2,1062.384393
K2MgH4,1183.654898
NaF,255.48294429999999
AlGaN2,653.4910156000002
BeGeN2,776.5867994
TeO2,653.5801267999999
Er2O3,489.8709131
Te2Mo3WSe6,268.4750705
TmClO,479.0365319
Zn2GeSe4,261.4011353
K2PtCl4,307.10460889999996
Ca(ZnP)2,260.8023027
DyBi2ClO4,460.80785549999996
AgAsO2,719.5368553
LiCdBO3,1281.868214
YOF,425.7663768
Zn(InS2)2,347.0200233
ThSO,472.919575
CaH2,1172.1613539999996
Ba2YF7,360.6301583
Sr2CdAs2,176.10204030000003
Mg5(HO3)2,3764.977548
ThNiSn,147.83888249999995
BaC2,165.86075559999995
Rb2Pd3S4,288.1196879
TmIO,500.6533683
HIO3,2966.095907
Ca3UN4,555.7048136
Li4Si2NiO7,947.4959779
SrB4O7,1304.870476
SiGeN2O,954.0276087999999
ZnCu2SnS4,329.73251719999996
Te2I,166.3654078
UCO5,1476.720358
SiH4,2155.69074
NaNdSe2,144.85225659999998
K2Te2Pt,172.3002404
TmBi2ClO4,472.5494567
SmIO,467.3653659
HfBrN,597.0771227000001
K3AuO,254.52229759999997
Li2CrPO4F,1051.1332710000001
ZrS2,316.1525640000001
SrO,123.00920719999999
ScZnMo3O8,753.7159697000003
KErTe2,146.3149543
RbTmO2,338.0330988
K2Mg2O3,645.1302039
Ba(AgS)2,162.1583053
NaErSe2,158.4749312
Zn2Sb2O5,607.0770535
Ce2Dy2O7,546.3226248
ZrPdF6,454.50160389999996
In2S3,331.0369024
Al5CuSe8,378.5131287
TaCl4,356.0533711
Ca4Al6O3,789.6087738
KrF2,509.7064926
Ba(MgSb)2,230.1432141
KH3F4,2661.386662
GaCuO2,596.7096723999998
NaGaO2,709.5793457000003
LiAlSe2,370.8946213
RbH3O2,3552.5795020000005
CaHClO,3610.4842399999998
SrAl2O4,857.7247814
NaSmS2,230.21068119999998
AlSbO4,631.0129822
CaGaBO4,1320.008174
HgBr,148.1456692
BaSr3O4,319.6151611
VCu3S4,430.1033109
BaO,123.2888803
ErTlTe2,136.8039678
AlBN2,924.473339
NdZnPO,422.892674
DyZnPO,453.2235319
KBe2BO3F2,1272.367366
Tl2S5,462.8057539
Ga2Os,246.1889997
KSmTe2,146.6035985
NaV(OF)2,1018.627192
Na2GeO3,748.9835046000003
CdF2,219.6359631
NaCuO2,630.9063289
KF,197.50943869999998
Li3CrPCO7,1484.129494
SnPSe3,429.3794825
S5N6,1010.79898
K2S5,472.24130269999995
AlBr3,472.87111739999995
Th2SeN2,468.5495244
RbBr,94.76519225
Si3H,2063.142823
NdTlTe2,136.85182509999999
ZnCN2,2076.644804
NdCuO2,593.6813589999998
ScSbPt,218.2985614
InGeCl3,177.1901175
BiSBr,281.6315454
K4HgP2,310.3220835
LiCoO2,547.5512388
GaB3N4,961.4609236
NdTlSe2,155.66409319999997
Pr2SeO2,387.02321489999997
WCl4O,735.5401863
TlS,230.31546690000002
SmSnAu,134.3528762
HgTe,164.598158
PrZr3F5,639.0282545
SbO2F,749.7302778
GeRu,287.0850708
NdCl3,200.4341003
B2O3,1222.476533
Xe(OF)2,691.6318431
Sr7(HCl)2,1034.5654240000001
InBr3,196.48249219999997
AlTlSe2,337.3609962
P2Ru,355.3930744
MgPSe3,413.3775855
Na6MnS4,293.68480239999997
DyNiBi,165.81119750000005
Li3CuF4,510.412979
BNCl2,1303.4137150000001
LiCoS2,463.5659005
Al2Se3,411.29211000000004
Zn(CN)2,2251.0731739999997
Zn(SbO3)2,755.1761661
TbF3,482.3047986
RbF,132.07720559999998
KLuS2,244.5243011
Cd(GaS2)2,351.884521
AlGa3N4,639.4113126
NaZnAs,219.03212799999997
HoTlSe2,159.52282160000001
RbAlF4,657.9777578
K2Pt,98.56765920000001
NaHF2,1839.553484
Ba2BiBr,82.84860359999998
LiMgBi,251.75281349999997
Sr(GaTe2)2,194.0070217
Sr4I6O,334.6810903
SrHClO,3632.314716
SmBi2IO4,425.4049962
MgH4(ClO)2,3454.911326
BH4O2F3,3521.895968
Rb2PdC2,502.59443830000004
KNdGeS4,397.18816150000004
Ca(MgAs)2,272.58075560000003
Ba2CuClO2,617.6811196000001
Be2C,620.2511039
BH5CN2,3333.1491079999996
NaPrO2,336.2933293
InBr,71.3035673
PHF2,2301.392855
UN2,302.3185504
LiYF4,453.77880939999994
K3ClO,307.0383425
Dy2TeO2,433.96644150000003
PbBrF,263.1850601
ZnCl2,292.3904555000001
H5CNO2,3111.3699739999997
Ba(BS2)2,881.4981622000001
YCuO2,594.9611986000001
CClF3,1100.947799
Zn(HO)2,3644.685665
Rb2O2,204.3878762
Na2Pd3O4,536.698115
LiAuO2,623.0870212
Rb2PbO3,562.4134329
PrOF,389.4452587
BeTe,453.4483776000001
NaCrSe2,258.3449079
LuSBr,255.83512030000003
PtI2,79.58227125
RbAuC2,598.3182763
ScOF,588.1267498
HOF,3191.056331
ErTlS2,209.1148385
ScPS4,565.2753297999999
Al3GaN4,647.7434099
Th(TeI)2,195.1908133
KCaBr3,221.43119359999997
RbBaSiHO4,2843.020467000001
NbBi3O7,650.8501957999998
K2Sr(P2O)2,1206.492912
KSmSe2,172.6991398
FeP4,495.3684605
InSe,179.9478957
TiFeSe,270.9438376
Rb4I2O,239.17936329999998
CdI2,130.8089718
LiMn5O3F5,577.2288369
SrSnO3,674.4519241
HgSO4,1069.383691
LiV3O8,1030.425755
MgBr2,297.8777645
CaH2(BrO3)2,3517.7841799999997
Li2V(CO3)2,1471.82151
AlSCl7,479.288091
NaCN,2112.5529149999998
SrAl2B2O7,1248.608192
Tm2O3,495.1355107
NaCoO2,547.0791362000001
Ba2ZrS4,357.5377129
Al2Si2H4O9,3684.577668
MgPdF6,573.8857995
BaF2,190.9101741
HgPbF6,441.8422107
NaAlTe2,289.9931575
H4NClO2,2998.282259
LiBeP,610.7505894
Rb2ZnF4,371.9311727
KScO2,466.84830750000003
ScGeAu,218.0990951
Na2ZnSiO4,913.2525648
Pm2O3,459.19258160000004
K2H6Pt,1676.388675
NiP2,397.6316164
TbCl2F,472.30706889999993
Ga2HgTe4,208.2435364
ThO2,270.9063855
H7NF4,3293.532143
HgCl2,359.8847858
MgGeP2,360.274614
MgS,329.8226956000001
Mg3Si2H4O9,3737.8368840000003
Ga2HgS4,351.24873660000014
MgSiN2,749.6362975
Rb3TaO8,850.3326872000001
CS2,1526.814126
Li2ZnGeO4,698.4265721
BaNa2(SiO3)2,992.0340025
SiS2,556.2524206
NdBi2BrO4,425.70661359999997
Zn4(B2O)3,1032.190204
RbBr,83.2320619
TlInS2,201.4174251
MgO,385.9174957
ZnNiF6,591.9219131
PrClO,467.04343839999996
KAuSe2,215.596311
BaBeF4,845.9141124
SbIrS,308.2602198
SmSF,352.630127
AlF3,670.591028
NdB2H,3091.331227
Zn(InSe2)2,200.03636819999997
LiZnN,461.2821258
VO2F,1003.7495240000001
Si3As4,411.59909669999996
NdTlS2,196.2838262
Dy3CuSiSe7,424.91958700000004
ZrSnPd,190.0715216
Zn4P6N2O,989.6213301000001
NaH,512.8231168000002
Al6Cd4SO2,789.567253
SmCuSeO,456.9406228
LiTeHO4,2769.489886
K2MnF4,417.7633106
CrBiO3,493.1865367
Rb2LiVO4,869.8653487
Na3ClO,411.94383569999997
SnC2(SN)2,2100.941412
ZnSiN2,901.2054776000001
SrAlSiH,1208.3168560000001
KHF2,1448.280245
RbCl,111.2749764
ErClO,474.30650139999995
ZnCl2,280.13569789999997
Pd(Se3Br)2,248.807008
Mg2Sb2O5,700.6042271000001
Mo3W(SeS3)2,363.6248883
KTlO2,316.5294523
CdSe,164.45902180000004
Pd(Se4Cl)2,324.9052048
TaSbRu,223.8219551
Zn3(PS4)2,586.6786593999999
Y3GaO6,645.6434937999999
HoAgSe2,203.111505
RbCaSb,182.2237997
Tl2SiF6,678.2822717
Rb2GeF6,553.4048642000001
LiBF4,1009.1517240000001
KZnP,305.8158315
AgB(CN)4,2277.567114
BBr3,771.1633889999997
TaCuN2,623.7926071
SbI3(BrCl3)2,334.6644153
CaF2,352.74938660000015
Rb4SnO3,518.0631355
CoHgC4(SeN)4,2105.136876
RbCd(NO2)3,1341.3136550000004
Ba(BSe3)2,621.8381637
S(IO3)2,1001.68706
Tl4SiS4,481.1596263
Mg2SnO4,656.2283502
Te6MoW3Se2,228.46710980000003
Na3AlF6,566.7800818
SmOF,463.7192438
TmAg(PSe3)2,418.7158867
NaNiIO6,666.4209440000002
Ge2N2O,798.4175092999999
Na3Sr3GaP4,291.48456949999996
Sr2HN,709.8481801
KNbSe2,177.04157659999996
KYSn,145.3607774
Rb2NiF6,608.7729677
Ga2PdI8,244.7838641
Ba3BPO7,1158.062442
BaSe,109.55011440000001
Pr2Be2GeO7,921.8202798000001
CaC2,283.757708
Ca(BeAs)2,452.6963683999999
NbCu3S4,415.61240239999995
Rb2TeBr6,189.67265559999998
CoSnC4Cl3O4,2098.965692
NaBe4SbO7,787.707657
TlI3,148.903748
Bi2TeSe2,151.04525159999997
MoSe2,337.25374260000007
BaTe,95.9367444
YAgO2,510.7277029
BrCl,264.8551281
UCdO4,440.7502317
NbRhO4,778.0454617
SrHCl,964.0103642999999
Na2H4Pt,1687.011884
RbDyS2,234.0225528
GeF2,476.0534078
SbAsO3,715.7791107
Li2AlFeO4,740.6077187999997
KPH2SO3,2508.629355
Na3BrO,376.1802962
PdCl2,317.4533474
PbCN2,1973.399073
Mg2Al2Se5,442.28783339999995
NdO2,425.558006
Ba(PrS2)2,270.7563772
Sr2SnS4,346.7134034
SO3,1408.855509
KC2IN2,2122.751812
KTa(GeO3)3,858.1864455
Te2Mo2WSe4,331.70466949999997
MnZnF6,573.3979224
GeH3Cl,2136.751108
Rb2O,180.39141730000003
ZrSeO,444.2651216
Y2SO2,428.0825343
LiAlO2,814.4658961
NaMgSb,275.7719504
LuTlTe2,136.2947133
Rb2Te,86.535246
Yb(YS2)2,302.8796642
Ta3SBr7,407.8539918
Dy3CuSiS7,534.9980987
LiGaS2,390.0611331
LiHF2,1598.650893
Tl3SbS3,303.6274712
P4S3,451.03227010000006
TmBrO,471.8752864
TiF4,740.4965966
Bi2Te3,128.2545953
InSe,162.0229043
Li7SbO6,678.9768521000002
Na2H6Pt,1743.685907
BaHgO2,589.6471096
NbI5,214.61365319999996
CdBiO3,529.6385536
Ga(IO3)3,761.5110653
Ge3Sb2O9,835.5247870000003
Ca4Mg3H4,1508.331255
Tb2PbS4,237.1131307
LiMnO2,626.9409138
HfTeSe4,218.1164704
CrOF3,1100.618368
LiTmO2,445.9627366
KCrS2,313.6891662
Ti3TeO8,879.5436520999997
Ca2Ge,159.9341605
SmClO,483.29556039999994
CaZrSi2O7,993.0017194000001
LiCuSi2O5,1053.626517
Rb2Zr2O5,736.1461558
AlSbI6,364.776197
CaGaSiH,1133.950092
YBi2BrO4,453.70507249999997
Li2TeO4,729.6166927
LiHoSe2,183.03397130000002
LiAgC2,542.501115
SrLiP,426.82050360000005
Mo2WS6,453.15399709999997
BaCl2,132.8145408
HoClO,501.6530012
Ba(GaTe2)2,193.6730882
HgPS3,537.8424535
Ga2Te3,221.99784350000002
KSnAs,175.4976383
KTeOF3,838.0123635
KCaBi,149.14013280000003
MnTeMoO6,891.3547547000003
CdPtF6,551.8046311
LiBC,1148.461844
NaH,342.705834
ZrZnN2,665.333067
KCl,126.8303835
BeI2,442.8311716
YBrO,488.3320774
Y(HO)3,3662.200752
GeSe2,278.5567421
Na2PdC2,511.8498637
CrF3,507.1084942
Li2CdGeO4,722.0545135
Hg3(SeCl)2,212.6040489
Li2CaSiO4,848.8999379
CuBiO2,599.6086545
Tb3CuSnS7,373.16008680000004
RbNa2Sb,126.447759
BaAl2B2O7,1251.38438
Zn(GaTe2)2,209.63649919999997
TbTlS2,205.5158066
RbH2N,3303.4172829999998
RhCl3,316.8130607
Na6P4W,383.2470278
LiC,427.98148380000003
CaCN2,2040.6210010000002
NaYSe2,217.6334957
H2C5N2O,3066.1231620000012
SrBiBrO2,539.190694
IO2F,800.9588126
Ac2O3,412.4399836
H2O2,3064.769352
TlP5,442.8094274
Li3VO3F2,866.6533435
YbI2,124.1114247
SrSe,136.9836243
KLiZnS2,415.4857057
Tb2YbS4,304.9046095
K2PbO3,559.2913392999999
Al2Te5,325.5829434
Mg(BeAs)2,468.8967312
NaCaTaTiO6,816.7099843
BiTeCl,163.4943063
Li4WO5,658.7862952
W2Se3S,238.97816269999998
TeMo2Se3,333.3267468
LiMn(PO3)3,1188.166686
Li7BiO6,654.7025543999998
GaI3,258.62511459999996
LiHSeO3,2723.363134
NaAuC2,590.0209631
BiTeI,147.021374
ScIO,549.1874565
Li2CuSb,354.59921099999997
Cu2HgI4,114.33020320000001
NaCaAs,193.22829919999998
MgSnF6,554.9351623
LiSiBO4,921.9910984999999
SiS,513.0535986000001
Ta(TeBr3)2,235.976496
HoBi2ClO4,464.7618315
KH,488.5326109
Ti3MnO8,683.6145698
Mg2H2O3,3749.3941600000003
NaSb(PS3)2,629.9766308999998
Ba2Ti3Tl2,673.0874422
SiBi2O5,971.6561186
Ge2N2O,842.0995393999997
PrBi2IO4,410.1020152
Li2BeSiO4,960.4479507000001
BaO,240.12590299999997
LiZnPO4,1095.451752
Li4TiS4,465.4564119
LiScMo3O8,754.096093
Te6MoW2,234.07671319999997
Rb2PdCl4,310.9772109
TiF2,308.9760442
Mo(WS3)2,423.9230556
NaNbS2,397.8265472
SrCa3O4,401.8125392
PI2,299.28026539999996
Li2MnP2HO8,1754.1077489999998
Cd(GaSe2)2,247.9741585
TlCl,84.05413940000003
ThIN,552.4834037
LuTlSe2,160.8757644
NbCoSn,245.30752579999998
RbHoO2,329.7562291000001
InCl,102.0485321
WBr4O,614.3923427
SeBr,247.7178304
FeSiW,351.7582913
BaSe3,237.6066106
Rb2Pd,68.13401665
Ca(MgSb)2,242.8230175
NdSF,345.92590989999997
Si3NiP4,481.0491044
Dy3BWO9,1302.367758
H2SeO4,2909.730271
RbSrCO3F,1403.642771
PICl6,595.7325174
Ag3AsS3,333.28402539999996
BiSI,274.0640969
YAlO3,655.7051888
K4CO4,863.9996173000003
Al2CdTe4,318.01536160000006
Yb4Br6O,413.56694680000004
TlAgI2,99.98340005
AsF3,646.4547325
Sr4CaCr2(SO3)2,640.9270034
Li2CeN2,486.86777889999996
MgTlF3,384.5954016
Na2SnO2,582.4192307999998
Au2O3,597.0711864
K2PdF4,499.33027369999996
Ba2SbAu,99.6965567
BCl(OF2)2,1221.481035
PbI2,110.8719416
KAgSe,131.2860436
SiH,2078.346887
RbSb,145.82590990000003
Bi4O3F7,465.43706889999993
CdSbS2Br,304.4329738
AcGaTe2,77.61939029999998
Bi2PbSe4,163.5867525
NaCrS2,317.483329
ScCuS2,363.35542030000005
HgCN2,2076.920108
WSe2,237.54538
HfSe3,270.5620468
Tl3AsSe3,231.30075930000004
Al6C3N2,879.0838890000001
Bi2Te2S,192.085895
YbBr2,148.89147519999997
Mn2OF2,505.6864169
ZnPS3,529.5932643
FeCl2,199.6055196
MgGeN2,737.5767041
Nd3SiAgSe7,420.82220599999994
BaF2,325.3582645
NaLi2AsO4,804.8234772999997
HgN3,2135.4716359999998
AgBi(PSe3)2,411.0190068
Sr2NCl,386.4348876
KHCO3,2665.8664670000007
SrHI,896.7168677000003
UF5,540.4291796
SnF4,639.951049
Th2HN3,3173.577062000001
Li3VS4,436.66709110000005
ScNiSb,234.9179003
AgCl,115.51696299999999
RbLuS2,240.2024412
Si4P4Ru,495.4445318
Na2Se,161.2006601
AlP,423.3499692
CoCuO2,676.3019487
NaTmO2,407.74787210000005
MgSnAs2,283.20626569999996
W3(Se2S)2,299.8604887
CN2,1170.3769630000004
SrLiAlF6,570.6946381
K3AsSe3,226.3966418
Hg2IO,480.0395999
Na2NiO2,576.3743097999999
SmZrF7,599.3420546
HfCl4,370.9930705
RbNaO,285.0330453
Li3Bi,310.5033074
Sr2H3I,972.5476642000001
CaTlF3,407.9614121
V2ZnO6,839.1020747000001
P2S7,642.4320888999998
ZrS3,503.5671244
NdHO2,3561.0097149999997
NdIO,467.18430880000005
NaLuO2,427.262091
YTlTe2,170.83210669999997
Bi2Se3,174.4482472
MnAlF5,663.7008513
LuTlO2,261.3133247
SrC2,212.6701486
KMgF3,470.78337410000006
Ba(MgP)2,298.1461652
K2PtS2,296.1155505
Pr4S3NCl3,494.5494512
CaCdO2,325.2275659
Ag2HgSI2,327.0140253
KNO3,1325.791731
SiP,513.0071087
K3BrO,263.819744
Tl3PO4,937.0024004
LiAlAs2O7,926.2730383999999
ZrSiPd,252.75544790000004
KAgO2,570.977346
RbScO2,447.33535589999997
NdBrO2,809.4229092
AlI3,395.151377
Ag6Mo2ClO7F3,787.5620176
Rb2LiAsO4,825.3522366000003
LiN3,2207.154492
Al2HgSe4,366.68068210000007
Ga2TeS2,342.8293290000001
Rb2SeCl6,265.728698
RbClO3,867.9362846000001
GaCuO2,596.1874114
CaHfN2,361.4508685
Ca2CoSi2O7,980.8957360999999
FePH5CO4,3410.749789
Na3Mo(OF)3,867.3139069
RbTlO2,305.72825439999997
V2O5,1064.402369
Tl2Sn2S3,264.6404875
Li2MnBr4,319.71988010000007
Ti(NCl)3,2195.275322
FeSi,448.54299280000004
RbSmS2,227.26337489999997
TlSbS2,306.0206005
K2ErF5,362.2943567
LiMn(CO3)2,1643.350698
AcClO,437.97637879999996
LiCrO2,540.4504902000001
KH4O2F,3478.128128000001
Rb2PtF6,548.1703816
Hg(AsO3)2,601.5407201
AlPS4,570.4322736
PdI2,207.58607450000002
DyCuSe2,207.6156226
Sm3CuSnS7,371.6325568
KInO2,375.0531329
Rb2SiF6,691.1957919
K6CdTe4,151.16694569999999
NaDyO2,303.87759619999997
SnH4(NF)2,3356.122789
TeWSe,226.5403136
Na2PtSe2,222.83052630000003
SrTa4O,846.6877657
HfZrO4,457.838138
H4CN5Cl,3300.892055000001
Er2Be2GeO7,966.4753295
Cu2SO4,1023.2801509999999
Li2NbOF5,899.6277891000003
PrSF,341.7676318
Mo3(Se2S)2,438.1508993
Au7I,485.9217728
NdOF,396.87824
Ag3SI,243.54597880000003
Yb(SmS2)2,300.8476487
TbBi5O9,573.7417275
TaTlPt,161.79218899999995
LiFe(CO3)2,1508.6516490000001
RbSrCl3,252.08918160000002
K2GeF6,553.9784842
Ca3AsCl3,241.09995640000002
BaZrO3,488.4720807
RbPbCl3,152.13559650000005
ErTlO2,252.44669359999997
CaBiAsO6,816.8030641
BiSbO3,545.38589
ScCuO2,603.3940129
NaSbO2,555.0512203
BiAuO2,564.040546
Sm2CdS4,306.0287378999999
TeAuCl7,346.02946160000016
Sr(NdS2)2,233.52820580000002
KBrO3,749.5376816
AlAsO4,936.617975
Li3VO4,827.4759646000001
ZnSnF6,528.3718872999998
LiVPO4,1029.953753
Na2CeO3,388.97192210000003
Tb3BWO9,1298.375463
KNaO,302.81579889999995
PbF2,117.98459620000001
ZnSeO4,860.0211957
Na3PO4,994.7863113
InBi2S4Cl,260.53643650000004
Ca2Sn,146.4190063
RbTa(GeO3)3,857.2464757000001
Sb2S3,322.49983599999996
LiNbS2,391.5923984
BaHBr,859.9568636
YNiSb,191.1803424
MgSiP2,456.4459756
FeN3ClO3,1917.4230989999999
Sr4Sb2O,304.9193168
LiCrBO3,1240.566607
TlBrO3,741.9490557999999
BaS,149.9535727
Al2Si4O,1081.011602
YbSe,153.54426709999996
Ca(BeP)2,499.37562970000016
NaBF4,1031.486619
NdSeF,300.11778389999995
Li4CO4,989.8990687999999
Sr(NdSe2)2,173.03524109999995
KTlO,349.9315117
Tl2SnF6,507.965089
Ba2ZnF6,466.2654829
VCu3Te4,87.0071485
Hg(BiS2)2,334.4633148
BrO2F,887.8548056
YbO,260.9591144
HgNO2,1355.044484
InI,57.86391750000001
XeF3,527.6006018
BaP3,386.81257630000016
LiZnSb,217.5660287
ZrFeCl6,308.0289042
Sr2H6Ru,1447.8034400000001
AlHO2,3032.623787
Li8SiO6,880.9677971000001
KNdTe2,146.3659464
Li3As,439.4936704
Cd2BiAsO6,792.7172606
H4C,3041.942878000001
NaBrO3,741.4627461
Ga3PO7,1076.365781
BaClF,284.6212395
Ga3BN4,714.6295029
ZnH8(N2Cl)2,3312.219616
CaGeO3,667.1388027
Nd2PbSe4,167.1862514
LiYS2,276.8084684
LiZnP,358.3447829
Rb2S3,434.55163389999996
Bi2Pb2Se5,130.2855436
Ba2BrN,345.67475099999996
TmH3(CO2)3,2982.100372
KPrSiSe4,435.0046937
LiY3WO8,613.8605769
MgMnF6,594.9941484
Al4C3,716.8447432999999
AlAgO2,836.5932209
AsBr3,268.7222273
Fe(HO)2,3537.675921
Sr(PrS2)2,231.30766269999998
Zn(InTe2)2,173.03794240000005
PCl3,477.6443362
RbH,449.7055404
AlBiO3,600.4314991
Ag3SnP7,435.4371431
GeS2,381.7246336
Nb(SeCl)2,339.0153897
Na6ZnSe4,227.62815719999998
Bi(BO2)3,1420.840065
CaSnF4,257.4847114
Sr2SnO4,685.5128185
LiBiB2O5,1104.716049
In5AgSe8,206.7649642
KNdO2,313.6941687
NaScS2,335.17276929999997
BeGeP2,583.9982199
LiV(PO4)2,1191.571255
Hf3SnO8,668.7251622
AlCuO2,666.7763882999999
BaIF,244.8232838
Ca(CdP)2,226.7164349
LiAsF6,642.034857
Li4MnSb2WO2,709.2969713
Sr2SbAu,114.5836966
Li5P(S2Cl)2,518.8820446999998
Ca2SiB2O7,1172.655902
U(BiO3)2,592.3003022
B2AsP,738.9365502999997
Ca2AsI,191.62503130000002
Sr2IN,348.5115687
KNa(BH4)2,2392.086279
ErSF,369.18946919999996
DyBi2BrO4,453.49893619999995
BeZnO2,683.0022637999998
TlIO3,688.6493193
Ta(ICl)2,335.29062819999996
CrAuO2,587.7572318
Re3Se4Cl,315.84354289999993
Er2TeO2,406.806535
Sr(CdP)2,221.2481688
RbCdF3,419.9288595
Rb2CaH4,1171.4745779999996
LiNiBO3,1300.810347
TbAgTe2,148.9121189
Na3AsO4,780.7961363
Pr2PbSe4,166.5378273
NdZnAsO,426.97878269999995
Ba3Si6N4O9,999.3205439
Na2PtO2,491.4931238
HgBr2,231.23015730000003
SrTiN2,688.6435831
NaSmTe2,159.0387463
LiCl,194.79338140000002
BaZnCl2,107.5680572
Rb2HgO2,596.3907464
WOF4,853.7404902999997
As(S8I)3,457.68963049999996
PSe,397.40236860000016
Li2CeP2,343.83563189999984
YbClF,371.6621716
RbLuSe2,173.20422549999995
NaSrP,243.9064923
HfIN,596.8055537
NdOF,451.10260530000005
TaAlO4,579.9372571
SnS2,331.8048195
TaCu3Se4,268.9295309
TlZnF3,354.85884080000005
MgAs4,282.9472029
Mo2Se3S,350.8948598
Cd(AgI2)2,139.77755390000002
SbTeI,168.1248538
BaB2F8,1050.784296
KAuO2,581.4462779
SnHgF6,510.2497973999999
LiErSe2,255.27990950000003
SrGaSiH,1060.2846439999996
Ca(HoSe2)2,211.04820469999999
KH2N,3303.921602
Al3BN4,752.0988949
BeCl2,577.1335226
GaTeCl,342.7729675
K3BiTe3,133.6114057
Rb2MgCl4,288.0338450000001
AcTlTe2,64.54518979999999
NaLi3(H2N)4,3278.33188
VCu3Se4,331.220861
CuBS2,633.0117144
Ca3CdO4,361.65900580000016
Ba2AsBr,116.5505462
Li2ZrTeO6,627.5532865
YAgTe2,161.13696159999995
SmBrO,491.85220319999996
Sr(BiO2)2,590.2943997000001
Ba3Ti2O7,592.6554463
YZr5O,664.3339342999999
K4ZnP2,392.3185613
TmBi2BrO4,465.5168421
Hg3(TeBr)2,174.1393929
HfSO,591.1938492
H2SeO3,3011.14462
LiGaSi,314.0663547
KNbS2,394.3969333
ZnCoF4,486.2705805
LiBeBO3,1292.410516
KSmF4,335.1722357
Yb(HoS2)2,247.6548989
NdTeF,267.12289469999996
BaSe,83.12204025
ZnC2S2(OF)6,1154.6356289999999
KTmO2,351.4544394
NaTbSe2,187.43630469999997
GaF3,541.0714672
AlSiTe3,344.1561921
Li2NiPO4F,1051.419447
BeGeAs2,536.8143731
RbBiO2,509.88754969999997
Pr2TeO2,413.9957945
B4CCl6O,2122.523265
PrCuO2,594.0956994
Rb2Se,104.2969224
SmTlO2,235.1110301
CoCuO2,676.4924438999999
LiCrS2,365.94881630000003
Ba(CuS)2,154.267662
PrBr3,135.8266127
Tl9SbTe6,104.28538329999999
ZrInAu,168.334792
LiMgH3,1296.0543699999996
Ga2PbO4,736.9448882999999
KLiTe,333.8130565
LiCuF2,527.9115239
InSnCl3,136.38175680000003
KMgH3,1196.861265
Na2CdSnS4,332.2287647
Li5GaO4,697.9029103999999
CdGeP2,357.7970758
Cd(HO)2,3640.0715600000003
AuI,188.98060980000002
Te(HO2)2,3370.373011
AgCNO,2208.62376
TiOF2,913.4669052000003
H(CO)2,2029.262724
Y3CuSnS7,372.84512939999996
Ba2HfO4,529.3994675
MoW2(SeS2)2,360.2765483
Pr3SiAgS7,521.8576985000002
KPrS2,222.09105669999997
TcS2,454.5445254
Te8Mo3W,280.8679972
Mg(AlSe2)2,435.70981270000004
RbI3,150.6988451
Sn3As4,212.18727400000003
YbC2,260.0625663
BPS4,711.2573842999999
RbBF4,1116.498604
PrTlTe2,136.72612890000002
NaInS2,251.38332889999998
HgC2(SN)2,2099.764391
Li3BrO,467.6996663
Ca(PrTe2)2,167.1585375
KAlF4,640.0010073
Li2O,453.579343
Al2CO,825.926657
Sr4P2O,381.9045569
TbTlSe2,158.99745900000005
PrTeCl,200.83596780000002
FeI2,137.46162980000003
KPrS2,221.9730978
YbGeO3,731.6892617999997
Y3CuSiS7,535.2212102
Ag2HgI4,102.8709765
K2CuP,329.47789
Sr2InI5,124.47283870000001
Sm2Be2GeO7,938.5621799
SrO2,206.66878280000003
TeW2Se3,242.3197994
RbTbSe2,170.4496823
Sr(MgSb)2,231.95782090000003
RbF,165.1933888
Al2HgTe4,318.4364720000001
TaGaO4,806.9617126
Mo2H2O7,3373.4350409999997
TlGeF3,399.45912979999997
Rb2NiO2,805.9833236000003
CO2,1837.6569359999999
TbH2Br,1246.618798
RbLiCl2,374.1102617
Ba2SbBr,98.42195305
CdPdF6,562.7352603999999
Ga2TeSe2,276.2972129
CaZnSO,516.096486
In2HgTe4,168.6353089
H3BrO,2844.484632
Tb2TeO2,432.66015530000004
NbBr2O,470.1697007
BiIO,429.69273899999996
BaLiP,371.4738108
MnH4(ClO)2,3446.0976539999997
TePbO3,705.8400102999999
CeZrO4,483.2256588
Th3As4,158.6134004
BaTe3,135.7868595
AgI,64.23526825
Li5Cu(PO4)2,996.9401877
AcBrO,419.851721
Na2CN2,2019.7507039999998
BC2N,1219.981419
Tb3GaO6,644.0752434
KV3(SeO)2,935.4299812999999
YAgSe2,194.28706169999998
YbS2,183.1036061
LuIO,502.52663780000006
KI,84.88605515
Al(IO3)3,771.8946211
HfS2,299.868426
Ta(TeCl3)2,366.7064283
InClO,461.1280822
ZnPtF6,549.1395993
Sr3TaGa3(SiO2)2,948.0165047
VF5,755.9912401
Ba2Ti3O8,712.7073422999997
Li2VGa3O8,841.1636050000003
LiGaO2,532.0878776999998
AlAgTe2,301.56410669999997
ZrCl2,334.44653969999996
Yb(ZnP)2,266.981991
Pd(SeCl3)2,363.4171511
MgSnP2,349.06197710000015
H5NO,3408.9221759999996
Na4WO4,578.8903672
Ca2Pb,129.26396640000002
MoW3(SeS)4,358.7159017
Li7NbO6,715.7294859
Rb2MgF4,418.6933421
Li2Se,282.87643419999995
NaHg2IO2,566.1812825000002
KHoS2,238.63929339999999
GaBN2,919.9043222999999
KTaO3,526.0596651000002
KAcTe2,131.2932138
ThTe3,172.11801599999995
Nd3SiAgS7,523.9654184999998
Mg2PN3,963.3934227
Na6BeO4,622.3121006
AlAgS2,427.0991095
NaCdF3,371.48975210000003
VFeSb,266.9546773
Li5CuSO2,617.6588418
DyClO,497.61525
RbAs,195.3598978
Tl3VO4,803.7833575
LiNbO3,647.9767598
KMg(PO3)3,1200.4043359999996
ZnGeP2,368.7814319
Sm3CuGeS7,410.1832225
AlN,439.7786128000001
GaP,347.1456861
Tm2SeO2,480.84060020000004
NaNbSe2,300.1330582
ZrSe3,282.2574249
BaCO3,1370.391887
TiBrN,572.9561016
CaAlF5,639.9888679
K2O2,267.5493412
YHSe,1075.83048
ZnAgF3,463.4740879
InGaS3,368.0037099
SrTe,78.65594165
RbErSe2,171.9415945
K2PdF6,569.0119972
TiZnN2,731.5653999
DyTlTe2,137.0783716
ScTlO2,379.30095570000003
ScNiP,300.3009421
Be2NbRh,380.2282858
PI3,273.12559460000006
AgBiSCl2,315.85354789999997
KGeBr3,127.87790700000001
RbErS2,237.10425959999998
Ba4Cl6O,344.7570257
RbGeIO6,665.9239623
CuRhO2,665.690579
Ca2NCl,430.81049759999996
Al2ZnSe4,368.1200014
SrAlGeH,1226.702078
W3(SeS2)2,416.56751299999996
CaC2,307.4018908000001
MgGeAs2,286.0476857
NaAuO2,561.6590559
TlNO2,1265.346724
Na2LiAlF6,587.9434248
RbScO2,446.754499
Ba2Sc2O5,728.5718372
NaAlO2,657.7867957000002
K2AgP,286.1425665
Yb(NdS2)2,296.5719452
SrAuO2,563.071295
ZnBr2,190.70910690000002
BaHfN2,628.7171015
InBrO,455.5373882
IrCl3,305.8337071
NaAlO2,842.45425
Li2H2SeO5,3348.941334
CuB(CN)4,2254.09365
Hg(ClO3)2,1020.6846210000001
Tm2TeO2,411.5725835
BaSnF6,525.9529117
BaFeF4,408.78042139999997
AlSeBr7,392.6772405
CIN,2173.761037
Ba2BiAu,83.61328575
MgCN2,951.2066656999999
BaMgO2,621.9013620000002
Mo3WSe8,274.5225594
GaAgSe2,231.082817
Na4CO4,834.3921543
SrC2,240.0376255
NaCl,102.72253559999999
Na5MnO4,511.72626860000014
YNiBi,178.36270349999995
HoAgTe2,148.92335780000005
LiTa2CuO6,850.7903159
BiI,120.734904
LiTlPHO3,2275.56995
Li2MgBr4,343.0968961000001
Mg3ZnO4,499.18460089999996
Er2SeO2,414.794527
PNO,1341.388192
Be(CN)2,2268.384192
RbCaCO3F,1455.4968509999999
TlBr,62.9932809
AcInTe2,67.5713688
KBi2F7,388.2996528
KHoO2,342.0038832
CdBr2,157.877566
KMnPH2O5,3413.7731340000005
CaSiO3,707.7949206000003
CBrN,2196.13712
CuSe2Cl,277.8956451
RbLiSe,354.47454869999996
PaTlO3,419.6924414
BN,1762.524455
GaBr3,326.5140755
Mg(BiO3)2,601.7747704
BH3,2624.084987
MoWS4,368.68238239999994
TlInS2,198.9246126
SnC,540.7574103
ThSbRh,144.4361153
CrHO2,2118.108758
Cd(InTe2)2,168.369376
AsCl3,372.8704754
USeO5,908.8449287000001
Ba3NbGa3(SiO2)2,943.1314633999999
SrH2O3,2922.650528
KAuC2,597.3335509
K2Se3,233.2960231
Li2CaHfF8,495.1398462
PbIF,259.25129419999996
NaHoS2,239.3577858
CaClF,340.2694831
MoWSe4,274.4301465
PrHSe,1029.051068
In2HgSe4,208.8758858
IOF3,794.855229
BP,788.8682037000003
K4HgAs2,219.3777341
Nd2Be2SiO7,959.7254562999999
MoWSeS3,363.2145499
Ge3N4,728.3547287
DyTlS2,206.5650309
Ca2MgSi2O7,980.2999050000001
BaI2,111.02811969999999
HoCuO2,594.5009686000002
GaPO4,1006.387909
CaGaGeH,1165.950517
Cr3WO8,778.3462787000003
Nd5AgSe8,179.204891
Hg3(SF)2,311.5706075
KAuS,318.2478111
K2BaCdSb2,148.4438515
RbAuO2,576.9715416
HgPb2(ClO)2,547.2656628
Ho2CF2,549.6836045
KMgSb,265.0541609
KTbGeS4,401.07306969999996
Sc2CCl2,588.4978686000002
RbYO2,352.8617427
Ba2NCl,357.1158354
SmH3(CO2)3,2955.301446
NiPbF6,591.2503775
Zn(InSe2)2,206.9600283
SnICl,203.2793222
KYO2,365.7924048
ScAuO2,530.5951650000002
RbNO2,1306.128104
Zr(MoO4)2,842.7774782
BaZnO2,600.4665165
ZrNCl,505.1996403
Mg(AlS2)2,521.42715
SmTlS2,200.8544771
CaTlCl3,286.626575
YBi2ClO4,461.35649630000006
MoW3(Se3S)2,350.71423619999996
RbIO3,694.8185357000001
CS2NClO2,1742.934332
NaN3,2183.3253839999998
KZnSb,200.1581624
ScCl3,348.7145368
Na4CrO3,683.7520718999998
SnBrCl,201.4710185
Ga2Te5,188.0514454
YCl3,266.5282976
Sm2SO2,422.03194389999993
NbTl3Se4,304.85758599999997
SbF3,534.7933964
ZnSnP2,313.73325489999996
NaTbS2,235.83315770000002
Rb2BeF4,832.6947392999997
RbHF2,1443.484715
Li3ClO,558.7262902000001
BeSnP2,562.1232878999998
Li3BePCO7,1519.242175
Te4Mo2WSe2,255.933136
ZrSiO4,746.1637955
SmAgO2,506.2489313
TaI2O,416.9239245
BAs,675.2435197000002
HfSe2,212.64226800000003
RbSrSiHO4,2696.9826510000007
NdBr3,169.0488155
KBiO2,488.15905760000004
ClO3,1183.469906
Tl2O,294.13502739999996
KPrO2,304.41789960000006
LiSbTe2WO2,891.0626087000003
H6CNF,2957.332127
MnTlCl3,233.041129
HoF3,487.41805389999996
RbBe2BO3F2,1265.9947140000004
HoSI,241.2834815
Li2GeO3,756.0237563
Ba2H6Os,1458.929734
GaTe,187.58181069999998
NaClO2,767.4924211
LiAlSiO4,1001.742087
Th3P4,239.66527280000003
NaYS2,267.0430215
Pr2SO2,406.6663983
Al5HO8,2689.288772
Tl2CdTe4,137.0719017
ZnB2(CN)8,2299.407362
Te4W3Se2,221.94034810000002
CaBr2,212.81952330000001
BaAl2O4,893.2246892000003
Ca(SbO3)2,761.012983
BaAuO2,550.8941761
MgMoN2,687.4069651000003
AgHgSI,330.8541111
K2CuSb,230.8830839
Li8VO5F,645.5202989000003
Ga2PdBr8,306.4916026
DyTlO2,246.08151260000002
LiZnPS4,518.0731738
SrCa(CO3)2,1513.875259
BH6CN3F4,3491.656856
P2Pd,349.08865710000015
Ba3Ga2(GeO)4,763.3217702000003
CaF2,257.2858453
Ag3P,433.54916629999997
Li2CrP2O7,1142.99181
H8(NO2)3,3292.311433
Pr2PbS4,214.44266780000004
K2HgO2,596.5515933999999
SnI4,192.1372206
RbMgBO3,1294.468711
BaBrCl,160.75330319999995
ZnS,264.43908680000004
Zr3GeO8,706.8070936
FeTeCl7,401.4960477
Ag3PS4,499.03402570000003
Ba2H6Ru,1354.642083
B2S2O9,1367.91665
Rb3NaBe2F8,860.9297498
PbClF,284.57191489999997
CdGeAs2,246.50996009999997
CaTi2,695.5475332999997
LiAuC2,460.8943654
GaS,309.1172147
BeS,556.6920069
GaS,306.7942872
BH3OF4,3130.569002
Li4MoO5,665.1954982000002
Zn2Bi2O5,545.7990632
HfBrN,571.1308893999999
Li2MnPO4F,1048.808275
NbCl4,384.1056235
CaMg2N2,465.1930136
ZnSbAsO5,801.990028
Te2Mo(WSe2)2,266.3399701
BiSeBr,180.6364064
BaLiAs,362.1349103
LiYF4,478.72010710000006
TiTl2F6,535.2994160000002
Ga2S3,381.682079
Sm5AgS8,299.5749793
ScCuO2,603.509504
LiNi(CO3)2,1574.651099
LiYSe2,188.1485606
CdPbF6,458.2993352
H4BrN,3071.660196000001
HgBr2,125.4396885
Ba(NdSe2)2,168.4676584
Nb(SCl)2,560.7854193
Nd2TeO2,417.6521551000001
GeC,646.712428
NbIO2,645.7078926
RbUO3,402.5512751
RbYS2,260.2649341
Hg2GeSe4,261.1180605
SrS,185.61526130000001
YOF,472.143187
RbCaI3,187.16526919999998
LiInP2O7,1148.858142
BaLiF3,370.5408445
ZrIN,591.7432905000003
MoW3Se8,274.6626961
KAlSiO4,1003.424995
SmCuO2,593.7817759
KCaSiHO4,2509.86734
K2HgSe,116.58412959999998
NbTlBr4O,648.1537483
Tl2Sn(AsS3)2,376.12170019999996
Na2O,287.48753860000005
H4NCl,3069.490612
TaCu3S4,396.3723872
Ca(SmS2)2,223.26961239999997
Ca3AsBr3,198.06835139999998
TiSnPd,209.26071140000002
Nd3CuSiS7,526.9190279000002
AlPNCl5,1125.772138
Li2Ge2O5,907.5673236
LiCoO2,539.3609123
RbPrSe2,166.02023530000002
KP,341.3444203
BaCaAlF7,658.6289833
RbTmS2,238.90475940000002
KLiS,407.2462881
Na3BiO4,520.5801267
ScBrO,568.539361
LiSiNO,1001.083592
AgBiO2,491.77643200000006
LiErO2,464.9176427
CdS,272.8864084
Li3NbO4,742.2413352000003
SiPbO3,247.4984874
K2S,172.6426115
PbI2,111.5261686
Y2Be2SiO7,988.6676200999999
ZrCoBi,208.1642635
Nb3TeI7,263.13937059999995
ErTlSe2,159.89140580000003
InI3,210.219057
SrBeF4,911.0702742000001
BaAl4S7,497.03089129999995
As2Se3,260.21717689999997
NaBeSb,395.4130077
SnO,371.41698239999994
CaPtF6,555.8832027000002
BiClO,468.39544739999997
HfZnN2,687.6407819
RbCaCl3,289.10101160000005
V2O5,1023.7049300000001
KSbS2,310.0089604
YbS,197.1170426
Y3CuGeS7,411.60109769999997
NaS2,437.6648898
LiVOF3,714.2550824
SrO,212.8578758
LiI,169.2588872
ZrC,515.2656374
SiAs2,406.96267969999997
PrIO,461.7728044
Ag2HgO2,553.9157862000002
KSnSb,147.82684319999996
MoO3,938.1296304
Rb3NbO8,855.1628011
CdSO4,1077.536132
RbBiS2,217.5977779
CaB4O7,1301.842896
RbAcTe2,103.6810146
RbCaBr3,222.3675616
Sm3BWO9,1283.06808
Nd2TeS2,240.32940469999997
AlAgSe2,348.5433179
ZnTeMoO6,904.4972560000001
KCN,2094.943382
Nd3CuSnS7,377.1721585
Mg4H2O5,3737.5744200000004
NaScO2,486.32394050000005
MgI2,256.265402
RbGeBr3,191.34279030000002
LiCrP2O7,1088.95724
BiI3,134.5806234
SiSe2,439.62747060000004
GeS,276.8492888
MoW(SeS)2,442.84617910000003
MgNiF4,476.07128339999997
YbTe,108.72740320000001
Nb3Sb2Te5,222.08358629999998
Pd(SeBr3)2,265.49301349999996
MgTeH2O9,3276.015523
CaZrN2,388.30425510000003
KF,165.16193969999995
TaBe2Rh,372.4772456
Sc2O3,510.7577846
P2Se5,352.594209
TlSbSe2,208.2208918
K2Te,110.47244199999999
Te8MoW3,226.8501017
PrOF,445.9370905
Na4S2O5,956.2800678
CaP,265.58529300000004
TbNiSb,166.7347924
KNdS2,224.42949199999998
Mg2PbO4,551.7988282
MgMnF4,464.14515660000006
Y2Be2GeO7,952.1192217
TmTlO2,257.0947832
CaThBr6,179.3358565
AlCuO2,667.3134566000001
Li2CrO4,972.1610376
Pb2O3,555.6345451000002
CdP2,435.5806148
ZrCl4,384.3749915
SrCN2,2012.1976960000002
Y2SeO2,467.4913289
ZrSnPt,183.5225488
K2NaAlF6,571.7567688999999
HfNCl,602.6993658
GeBi2O5,753.6720477000001
SrP,225.23879649999998
Sr2H5Rh,1736.32673
SrF2,219.34268319999998
Tl2O,294.4153341
Ge3As4,264.2100724
ZnSe,234.69832390000002
LiMn2F6,429.0052288
MgScGa,248.1998379
Cu2O,616.3182385
Mg(ReO4)2,1000.971135
ScSbPd,207.8936949
S3(NCl)2,1025.168561
YN,435.56410660000006
IrI3,176.2485136
Na2ThF6,361.5236048
Yb(PrS2)2,294.708614
Dy2PbS4,282.8018636000001
RbN3,2129.228115
Er2SO2,439.46102069999995
CaHBr,1025.921871
NaCN,2117.973791
BaHI,809.7795541
Ga2HgSe4,249.15151349999996
HgS,324.764301
Sr(AlCl4)2,514.6779771
Ba3Bi2F2,462.6277983
InAgSe2,197.96466619999998
InPbCl3,161.0476836
BiSeI,177.60876000000005
PbO,413.5907921
RbAgO2,570.7815148
LiSmS2,264.0656669
NaY3SiS7,526.7777239
P3N5,1144.776069
K2ZnF4,426.20836439999994
TiSiPd,275.8970463
Ca2YSbO5,640.2838153
Ca2BiAsO6,766.2516344
NaRhO2,498.19407259999997
AlTeI7,330.28015760000005
NbFeSb,255.16541899999999
Ca3AsN,365.74124589999997
AgRhO2,597.4916299
RbPbBr3,109.20981100000002
HCN,3088.8998109999998
KNiIO6,661.5812252999998
SbSeI,204.6351665
PrBi2BrO4,420.28056860000015
SrMg2N2,417.29417620000004
MgSe,181.031804
GeF4,702.916516
Na2SiO3,975.7835146
Hf2SN2,533.3039186999998
HoTlO2,249.03448840000001
SrGaGeH,1087.348102
K2Se,127.783093
BaO2,175.6415102
YbMgSn,221.02075519999997
K4I2O,279.4833385
Ti(CuS)4,424.851553
Na2ZnGeO4,722.2026876
CdBiClO2,503.0581367
Sr(YS2)2,289.5982268
Mn(GaS2)2,344.5996137
BaS3,428.83684460000006
AlN,668.2304482999998
YH3(CO2)3,2971.449282
NaSrAs,200.9948138
HoNiSb,173.6177655
SmTaO4,823.0518203
RbNaS,227.97596439999998
MoSe2,340.3789378
Li5V(SiO4)2,977.331755
RbCaF3,413.4728665
Na3ScF6,486.93861430000004
Nb3SBr7,421.36997970000004
LiCoP2O7,1135.4928289999998
MgTe,145.51565480000005
SrHBr,922.6489939999999
ErSbPd,148.34566909999995
NaSi2BH2O7,3701.1586880000004
Dy2SeO2,470.953359
Dy2Be2GeO7,956.3149852
KYTe2,179.64137580000005
Al2Te3,365.59097080000004
KNa2BN2,1645.6955369999994
Sr2ZnN2,628.0484006
TiCdF6,540.4371502
KMgBi,243.5633875
HoSF,367.1586876
LiSiBi3O7,849.9574997000003
Ba7(ClF)2,317.8231322
LiZnAs,319.9763082
Li5MnO3F,641.5578186
GaP,346.3162383
GaCuS2,345.022992
SiH8,2148.1012140000007
Y2TeO2,428.5857525
PAuS4,548.7564745
RbAgSe4,231.3026602
TiSiPt,245.6343892
TiZnF6,537.3661154
RbCl,124.70688899999999
BaSi3SnO9,980.3308205
Dy3CuSnS7,374.36929110000005
BaBAsO5,1081.808034
NaHO,3520.911376
Pr3CuSnS7,377.87807799999996
CuBi(WO4)2,814.5627779
Li7SbO6,684.6395821000001
KCrP2S7,564.4018599
Ge2S3I2,382.4806114
CrCuO2,643.8899508
ZrFeTe,228.01221580000004
TmTlS2,210.7830389
Na6MnTe4,202.58931069999997
BaHfO3,513.6987544
KMgAs,292.8453828000001
NaP,365.8664418
Li3AsO4,783.045227
TeRhCl,236.6485985
K4BeAs2,772.1026918
K2AgAs,217.28805640000002
KGeNO,795.3366696
BiI3,134.485209
KSmS2,229.55778819999998
H2C,2950.498679
NaHoO2,305.70824439999996
Sm3SiAgS7,527.5103901000001
NaTlO,395.2795077
AuBrF6,607.917807
Ca2H3Br,1082.77495
NaInTe2,156.04434990000001
Li2AlVO4,748.6351305
Na2Te,139.5298634
Li2GeF6,582.8046234
Lu2CCl2,551.4441176
NdClO,471.91460610000007
MoSBr,450.43030260000006
NaNO2,1314.29065
Ca(InTe2)2,160.3804168
PbF2,119.195568
Ho2SeO2,411.610269
Hg3(SCl)2,298.6524516
Pr3SiAgSe7,419.58255310000004
KLi2As,441.9480303
Zr2SN2,523.880376
NaDySe2,155.519621
ZnSiP2,461.91787689999995
KH8N3,3354.054989
CaZnSe2,242.2673398
DySI,239.3681576
ErNiSb,176.57067460000005
NdH3(CO2)3,2945.508518
K6HgS4,224.107231
Li4FeSi2O7,946.1484712000001
MgH2SO9,3354.149103
Ni(AsO3)2,580.8160962999998
ThBrN,544.8583597
CaPdF6,568.976346
Ca3PN,385.772123
NaBr,141.9271948
Hg3(TeCl)2,177.9839809
As2Os,243.5472795
Lu3AlO6,730.2689519999999
TaBi3O7,673.9973302999998
Pr3CuSiS7,524.9638173999998
Li2BF5,1045.320066
BaBe2Si2O7,956.3526707000001
TlN3,2042.6926030000002
BaNaP,189.89616730000003
Tl4GeS4,350.117638
BaAl2(SiO4)2,1129.0739210000004
Li8MnO5F,639.4641056
KUO3,443.30560870000005
HgHOF,2551.0940760000008
Tb3CuSiS7,534.7865929999998
RbLiS,388.79520049999996
Lu2(CN2)3,2064.830833
CuCN,2169.762773
WSeS,240.79553760000002
ScAgSe2,256.0087071
Sr2C(NCl)2,2010.0675649999998
Dy5AgS8,308.6751605
Pr5AgSe8,177.71024409999995
Yb4Cl6O,439.6982726
AgAuCl4,330.3242463
H3ClO,2847.73629
NaSnN,469.30353449999996
LiMn3OF5,548.7527392999998
SiF4,927.5523777999999
K2AgAs,217.2788518
LiScS2,362.7272397
Mg(AlC)2,638.0252866000002
Sr(PrSe2)2,157.207798
Mo3WS8,368.7603547
SrCl2,143.1337311
HgI2,189.81435980000003
BaBeSiO4,934.2766382000001
Zn4B6SeO2,1000.7635650000001
CaS,227.7421809
NaHS,2528.7341690000007
Dy3Sb4Au3,162.0076967
PrCl3,197.6508094
Bi2SO2,454.83383660000004
LiNd2HO3,1434.845931
K6Fe2O5,619.1750662000002
LiGaO2,665.8890115
Na2BeF4,838.1914863
PdF4,629.2824172999998
Li3PO4,997.9150414999999
CuCl,60.10427045
LiBr,301.1850506
Sm2PbSe4,141.6698996
Li2SiO3,988.1018707000001
KBaSiHO4,2723.942357
YbSe,134.27703830000002
LiMgAs,321.0413738
Pr3AgGeS7,402.185559
ZrMnO3,493.90873099999993
ZnGeN2,730.7116732999997
LiNbP2O7,1072.498515
Te2Br,185.148628
Sr7(HBr)2,1022.729342
K2NiO2,804.5582448
Te3W2Se,220.13111060000003
Na3VO4,783.6515299
SNCl,983.8678214
CaMgNiH4,1510.2354070000001
SrH2,1086.484037
TiFeTe,255.1302014
Ca(HO)2,3674.5209090000003
SiC,772.930272
BeBr2,516.4455271
H3NO,3096.722054
BaSr2Mg(SiO4)2,953.8058980000001
DyAgTe2,148.8619605
Na4FeO3,571.3510661
CaHI,966.4684594
ErZnAsO,439.0300053
HfS3,497.92063590000004
FeCl2,302.1176167
ZrBrN,568.3874183999999
ErSeI,161.5844519
PrCuSO,471.4401023
SrCeN2,268.54073660000006
Mn(Sb2O)2,794.0003684999997
PdBr2,233.8820159
V2MoO8,952.5018796
Li3Sb,334.2755876
RbAu3Se2,237.0439628
NaAlSe2,342.7092023
KLiBeF4,795.7382703
MgTiSiO5,942.8080017999999
Mg2TiO4,693.7253893999997
RbSmTe2,142.443853
HoIO,492.9312425
SnH8(CI)4,3063.275772
MnH4(BrO)2,3434.919501
Ta2ZnO6,904.7595204
H4NF,2886.6211559999997
Rb2HfF6,474.19798049999997
Zn(GaSe2)2,247.9455108
RbErO2,333.4151243
K2O,214.26074350000002
BaLi2Mg(PO4)2,980.1322879
NaPrS2,225.27104590000002
KPrTe2,146.4377156
KAgC2,553.9990611000002
Sn(CO2)2,1593.017744
Li4CoO3F,685.057591
KYGeS4,401.3713854
Zr(MoO4)2,887.0455011
Nb(PS4)2,597.1224787000001
NaBeAs,570.1808480000002
ErCuSe2,209.5400844
LiYMo3O8,764.4760804
BaGaGeH,1082.0986460000001
Sr(Si3N4)2,1031.297791
RbMgF3,398.2938474
LiYbAlF6,567.4472819
SmBr3,173.7132466
Hg2P2S7,557.249052
HgI,112.29852120000001
K4ZnAs2,310.1934192
TlI,52.19858625
Br2O,438.69813949999997
LiNbO3,648.0693394
Li2Si2O5,1125.577741
BaSi4O9,987.6077571000001
AgClO3,836.8643563999997
ReNCl4,1008.2456710000001
Li3N,577.3509312000001
Tb2SO2,431.65095099999996
RbNdSe2,166.7723445
CaNiF6,611.7671641
Mo(WSe3)2,295.8629242
Na2H4Pd,1551.4696470000001
SeOF2,876.7884752
PbCl4,306.1587029
Rb3BiSe3,170.2411447
K3SbSe3,198.8058533
TmNiSb,177.6821967
Mg2FeWO6,700.1000084
Li2CeAs2,320.58891439999996
TiZnSiO5,925.4415229
WSe2,294.0053292
KZnAs,230.6461321
Li2VBO4,891.1853699999997
NaInO2,388.04562589999995
Sn(WO4)2,971.0819650000001
RbAuS,316.86922210000006
Be4TeO7,792.0267822000003
Zn(GaS2)2,354.00007830000015
Mg(BeN)2,785.9135603999997
SrClF,310.6234675
NdTeCl,201.6544102
Cd(GaTe2)2,207.6107535
GaCuI4,203.980606
IBr,177.9822133
SiC,831.5100806
Hg3AsS4Cl,362.46637599999997
ZnSbF5,554.5470349999998
Na2HgO2,591.9638007
KPF6,765.3429468999999
KTbS2,235.34247909999996
BeSO4,1077.743236
HoTlTe2,136.8535593
Ca(MgBi)2,231.5128319
CuSe2Br,193.70377019999998
Mg(CO2)2,1608.057093
LuSF,304.80809460000006
Ca2Si,220.18573790000002
K2AgSb,186.8147274
TiMn3O8,703.3837495
Li2PdO2,570.5306228
NaZnP,277.3134541
PtO2,550.7989619
Ca2Al2SiO7,923.5142597000001
Na2NiO2,549.7238579
Ba2AsAu,105.1739274
CaAlH5,1745.4121699999994
ZnI2,157.34843490000003
NaPH3NO3,2893.183969
Pt(SCl3)2,434.9301898
K2LiBO3,1240.987984
ZrSO,510.27534349999996
Na3VH6O7,3165.511732
YCuSe2,216.8425004
DyTlSe2,159.1828517
B2S3,847.6333382000001
NaSm3SiS7,527.0955828
KHS,416.1027808
ErBi2BrO4,461.2317006
Cu2WS4,431.8377777
YbB4O7,1180.385064
K4Au6S5,332.1155748
SnF2,402.98942739999995
BCl2,926.2900802999999
NaMnCrF6,532.4505256
NbCl2O,513.7164632
CdPS3,523.4048383
Ca4Bi2O,316.99395110000006
ZnPdF6,556.1382302000002
Sm2PbS4,232.7154996
Na5Li3Ti5O4,720.0777256
CdCl2,238.44222819999996
RbCaAs,199.3974823
Ag5P(S2Cl)2,479.521541
NdBi2ClO4,432.3631402
YOF,535.0678336
Al2ZnTe4,317.1557987
RbCaH3,1125.926382
KCuC2,288.0065647
NdBrO,459.96486749999997
ErAgTe2,148.8456857
Na3VS3O,856.1551302999999
BAsO4,989.4161275
Ca(PrS2)2,290.48960560000006
CdSiAs2,365.8972906
KBi(PS3)2,623.5430157000002
SbSI,323.2791588
Rb2PtCl6,318.3842459
Na7NbO6,629.1267729
Li3Mn3OF7,544.3534407000002
ClF,619.6961266
RbNdTe2,142.0724341
Nb2Te6I,237.80450950000002
K2SiF6,699.957137
GaAgS2,342.4413351
BaLiH3,575.0903347999998
HoBi2IO4,445.96773909999996
HS7N,3271.534717
K2MnF6,595.1223458
GaCl3,429.9136161
SrMgH4,1414.840533
BaZnSO,577.7620367000002
K2PdBr4,243.68398109999998
SbAsO5,886.6925581
ErSCl,259.0423898
HgIBr,216.37239879999998
BeSiAs2,525.0945161000002
KCaCl3,290.77588199999997
SrBrF,289.8030291
Yb(DyS2)2,306.01733219999994
SnB4O7,1150.13518
Na5SbO5,557.5848198
Ca(NdTe2)2,169.14409650000005
KSrCO3F,1400.548858
Sc4C3,578.619832
Pd(SCl3)2,449.2474448
RuO2,530.0120736
AgBrO4,729.3880785
Te2Mo,227.98410180000002
TaTl(GeO3)3,857.5249815999997
BSb,583.8882649
NaScAs2O7,872.4738189
TiSnO4,746.6058497
PrGeBO5,1071.88254
Na3MoNO3,935.0817406
NbCu3Se4,304.3516998
Ag2GeS3,384.514161
SrHgO2,595.4691191000003
Li2Te,254.4182122
AuCN,2233.8064449999997
Rb3SbSe3,198.3942142
BiSeCl,204.139352
Tl2ZnI4,174.37597780000004
P4S5,634.885284
Al2HgS4,442.0356074
KHoBeF6,838.1964555
YI3,187.8184957
TbH3(CO2)3,2968.939094000001
Ca(DyS2)2,246.27457579999998
DyNiSb,168.2724275
BaNa2O2,401.305786
HgSeO4,809.5211582999997
HoTlS2,207.98887580000002
HfSnPd,185.0097253
ErF3,489.18356960000006
Na2AgAs,235.8132144
Sr(AsO3)2,638.1590534
Nd2SO2,411.3068507
Mg3(HO2)2,3760.4107659999995
NaSi2N3,1067.703618
Al2Si2H4O9,3684.499129
MgGeO3,636.1891356000001
Li4CuSi2O7,949.1607432
CdTeMoO6,897.0008096000001
SmOF,412.69744560000004
Sr4As2O,360.7286075
TlBSe3,620.1667284
SbAsO4,835.7547352000001
K2PdCl4,316.9138111
Li2TiTeO6,703.6176997
CdCu2SiS4,493.52397199999996
MoF4,664.1004176
Bi2Te2Se,136.4520586
CO,2128.682443
HoHSe,1105.777112
SNF,1095.566543
CdSnAs2,214.27658480000002
ZrNiSn,220.0687794
LiCaAs,279.49974669999995
Ca2IN,377.39106789999994
KClO3,869.5122722000001
YNiP,254.11756200000002
CS2NF5,1920.7348539999998
TbBS3,854.9330196000003
Cd(CN)2,2220.22309
Te6Mo3WSe2,250.92850159999998
K3TaF8,533.7174587000002
SbClO,480.31056860000007
K2NiF6,618.3584247
Na2PdS2,319.43710539999995
KAg2PS4,494.76322469999997
MgBi2O5,588.7451587999999
LiDyS2,269.91155499999996
Ho2TeO2,402.99699780000003
BaTm2F8,458.32331380000005
KTe,124.50945700000001
BPO4,1026.526407
K3SbSe4,234.70185899999998
K2Se5,253.74657659999997
BrF3,591.3577644999998
Nd3BWO9,1271.2659820000001
TiCoSb,248.93620589999998
KYSiS4,541.4184073
K2SmF5,344.664146
MoH2Cl2O3,3582.1888329999997
ThCN,505.8337572
K5ThF9,457.21165830000007
Mo3(SeS2)2,446.69883780000004
SCl,561.4422808999999
K2RbSb,108.6015737
Nd4S3NCl3,500.96052180000004
NaPN2,988.0989026000001
TlInSe2,187.6207635
MgSiN2,820.8692629
Li3SbS4,430.47943219999996
RhF3,556.2049302
Cu3TeS3Cl,299.458421
LiH,571.1366922999998
LiSbO3,650.4412915
Mo3W(Se3S)2,436.90127479999995
LiPF6,770.9862005
ReTeS,426.08513610000006
Yb4As2O,409.02581069999997
Mg2ZnAs2,301.2043603
CdCl2,200.32434550000002
BaHCl,896.3874697999997
Rb2Hf2O5,773.1839988
IrBr3,218.5669622
LiH2N,3378.2881
Mn(SbS2)2,303.07809669999995
Ba(H2O3)2,3235.818567000001
KCN,2106.356452
Rb2ZrCl6,306.66445560000005
ZnCu2GeS4,347.9848722
LiCaAlF6,565.7515678
Li8TiMn3O2,699.7283227
Yb4Sb2O,339.8795882
YCuO2,594.8272984
Na2MgSiO4,908.6791125
BaCrF5,607.9909436
Sr2ZrO4,589.3128092000002
AgHgAsS3,346.33171269999997
BaSiCl,156.75854009999995
SrCuSF,317.96116780000006
TmTlSe2,160.63811230000005
BiTeBr,155.6843366
BH3NF4,3194.278041
Zn2W3O8,798.4645995
Mg(InTe2)2,249.1511133
V2Te2O7F2,922.7658524
HfFeCl6,292.7331268000001
Cu2SiS3,525.2573641
KErS2,240.13617480000002
Tm2SO2,443.91441299999997
V2ZnO6,903.6880848999999
TiMnO4,628.0954241000002
UO3,444.4732256
Mg(HO)2,3678.0998310000004
HgSe,212.7231418
Ba(MgBi)2,219.54965330000002
TlClO3,857.6731890000003
Li3Sb(PO4)2,1046.276277
Ag2HgI4,126.82388030000001
LiAuF6,601.6785222999998
K2Mg2Si2O7,894.6513021
PbF4,564.8415797
K3IO,230.0510014
CaH2(ClO3)2,3535.2564450000004
NaPrSe2,141.8964795
As2SO6,1201.910255
LiErS2,289.7512698999999
HgF,323.3388553000001
K7NbAs4,263.1997341
SrHfO3,587.944492
RbLiCrO4,901.4644737
Ba(CdP)2,211.1899089
SnSe2,232.2953563
ZnO,218.159025
MgTa2O6,899.1260050000003
HgF2,191.5734055
K2Pb2O3,534.5674168
Tl3AsS3,336.3433877
Sm2SeO2,401.4219107
LiInTe2,331.5596303000001
MgAgF3,526.1903304
Al2PbO4,858.2428070000003
RbInTe2,153.5343622
Ho2SO2,435.7447302
Ba2CuBrO2,616.4081501000003
KYS2,263.8348849
SCl2O,1152.078418
AgBr,86.490557
NaSbS2,283.49270889999997
LiAlO2,708.6709584
XeO3,692.5293917
NaC,241.59770519999998
Hg4OF6,485.592675
MgCl2O,673.0066352000001
Na4MnO4,700.7759796
RbNdO2,299.9503336
SbTe2F6,609.0534746000002
H4IN,3273.998348
TmCuSe2,210.63393100000002
SmBi2BrO4,436.3060107
K2ReF6,521.4650022
Ba2H3I,889.9891389000003
SeCl,313.5810122
KTeHOF4,3194.612675
BaCaI4,140.74903940000004
Sr3PN,286.47750049999996
UTl2O4,595.1267146
Cd(InSe2)2,204.45124119999997
K2TiF6,561.9989924
Zn(GaS2)2,337.4232273
K4Br2O,295.6002596
TiNCl,591.5384881
Ba2ClF3,303.3527339
LiAlSi,357.9295754
TeOF2,715.7180802
KrF2,484.79754429999997
Rb2S,150.6612263
PrTlSe2,154.8835364
KMgP,340.53488239999996
Na4SnS4,328.1410886000001
LuTlS2,212.4391665
MgSiO3,775.2264862000003
AgH,675.7606448
LiHF2,1626.659557
AlTlF4,612.0887581000002
CeO2,273.8964131
Li2MnSi3O8,1017.5791019999999
Ca(NdS2)2,292.4482844
K2O2,256.6955837
TiS3,534.0201767
MoCl4O,969.6555187999999
K3Ta3(BO)2,1295.667743
KAsSe2,278.74213480000003
K6MgO4,449.581912
Ho2Be2SiO7,994.4390377000001
NaMgF3,484.3385483
Ca2PI,251.30478959999996
Sr(MgAs)2,262.22624759999997
AgNO2,1335.545539
Ho3CuSiS7,534.8470566000002
RbMnF3,354.0510704
Ca4P2O,462.0140249
SiSn,332.4873273
TbTlTe2,137.2426871
Th3Bi4,111.9441775
Li(CN)2,1858.1830940000002
K2PtF6,558.7657098999998
Nd5AgS8,297.8930721000001
RbHoSe2,171.3540342
S2N,995.6102563999999
TmTaO4,882.6579751
TlCd(NO2)3,1326.777157
BaS2,178.516447
BaMnF4,439.360904
RbAlF4,648.4839466
TiGeO3,627.6121492999997
AlB3N4,984.6384399
AcCl3,182.83630580000002
Na4CoO3,599.4234953
Pd(Se3Cl)2,325.1869122
ThSnPt,137.11692419999997
Te2W3Se4,288.4127343
Te3MoWSe,253.87520750000002
SrCaO2,382.03398819999995
BeSiN2,863.8581799000003
BaNaH3Pd,1345.440718
KZnF3,414.3582423
Ca2SnN2,502.96915889999997
As2Ru,268.8588289
NaHoSe2,157.2528872
GeI2,177.92111609999995
Bi2Te4Pb,130.5959987
RbSmO2,309.93595719999996
LiV(PO3)3,1181.5654880000004
MoBr3,270.4230106
Na2PtS2,342.5709999
CuH,926.5521779
LiGaSe2,355.302229
RbYbF3,399.24709049999996
AlF3,629.4638079
Ba2PCl,222.6842865
FeBr2,163.81269880000005
KHO,3406.023961
SrBe3O4,978.0778278999999
LiB6C,1128.12388
Ca4As2O,431.3601056
RbV(CuS2)2,471.994446
NaTmS2,243.0170478
K2Cu(ClF)2,418.1117181
K2H4Pd,1480.10605
BeSiP2,586.8770252
BeSnAs2,514.7762928999998
AcBr3,119.3924998
Sm2AlNO3,747.6931597999999
MnTlF3,344.3288784
Na3Sb,187.9559644
BaGaSiH,1066.5076869999998
LiHoSe2,253.82661659999997
BeCN2,1045.650097
Rb2ThF6,328.9334846000001
CSO,1993.3306010000001
LiMnSiO4,977.0921686
Al5CuS8,444.60842649999995
NaInSe2,195.39448180000002
AgCl,73.77763705
ThSeO,434.6133648
LiNbSe2,306.12768739999996
Te2O5,758.1008277000003
CaHCl,1034.105361
Te4Mo3WSe4,261.833518
PtS2,296.8311414
PbBrCl,186.5651693
NaGe2N3,852.4534471000003
Sr(ZnP)2,246.4024397
AlClO,614.4644454
ZnSiAs2,375.99253569999996
Li2WS4,466.9962148
Zn(IO3)2,758.5154014999997
CaI2,204.81575669999998
RhF3,548.029211
TmAgTe2,138.24668880000002
Zn(SnO2)4,675.9775199
B4PbO7,1290.215052
XeF2,453.08296160000003
BiF5,546.9206237000002
LuAgO2,511.7124951
SbBr3,215.3963777
BaH4O3,3631.5091799999996
Rb2H6Pt,1657.531818
CaO,381.02118210000003
Cd(CN)2,2232.0987579999996
VSbRu,228.20454530000004
Sm3CuSiS7,529.4299827
ZnCdS2,279.6634285
Sr2CuBrO2,615.5518887999998
K6MnSe4,196.9402876
YBi2IO4,442.3894842
NaSmO2,327.8247972000001
NaLuS2,245.4561668
RbCuC2,652.3671539
LiTaO3,649.1817287
CdSnF6,524.5548797
Fe(SiP)4,493.75185260000006
ZnWO4,857.2834275
Na3Ca3AlAs4,350.0425338
NbI2O,352.8837871
BaGa4S7,379.5810957
NbBiO4,709.4716252000003
ZrSe2,240.4391262
BaAlSiH,1228.404896
NaDyS2,237.3840994
YbMgNiH4,1583.414945
LiTbSe2,250.2189136
InPS4,516.4241164
RbTeAu,193.0628832
NaClO3,914.919798
MoWSe3S,350.89059100000014
HgPSe3,419.80373030000004
Nb3TeCl7,359.38576980000005
Li4V2OF7,619.8161532
AcOF,338.4421365
SmTlTe2,137.35901189999998
InS,272.8709673
NaTlO2,324.20572189999996
Tl3VS4,455.89860210000006
KInTe2,154.106915
NbCu3Te4,250.9091586
SrS2,202.06434840000003
P2Pd3S8,677.0501558999998
TiMn2O6,620.7291428
PrBS3,846.6647542000003
TmTlTe2,136.9373345
HoNiBi,165.6520513
TbBi2ClO4,456.687463
K4CO4,853.4052561000003
Ca2SiO4,716.4081251
RbHoS2,235.44626430000002
TbSF,362.244365
BiBrO,455.30120350000004
Ho3CuSnS7,375.3550838
U3H2,3268.391546000001
FeSeCl7,395.7272648
CdBiS2Br,297.9398622
LuNiSb,179.6498801
GaAg(PSe3)2,409.0591941
Li2SnTeO6,681.3522059
ThI4,139.5132885
CdSiP2,451.9233821
Ca2BrN,410.0563591
SBr,548.7981953
BaBrF,264.54840809999996
KNa2Sb,144.5514396
Hf(B2H3)2,2612.393677
NaLiS,444.11161150000004
RbSnF3,357.02445639999996
Cd3AsI3,236.730306
ScCoTe,241.47010809999998
LiDySe2,252.52123089999998
Nd2SeO2,391.3878962
CdCN2,2006.479405
NClOF4,2195.266418
BaHgS2,340.5015324
Bi3BrO4,385.5579827
SrSiO3,603.9177080000002
Li3MnSi2O7,991.5387883
MnZnF4,478.198313
Li2Si2NiO6,1001.0239619999999
CdSiO3,692.6840356
ZrSiPt,249.4254838
Ca4Cl6O,421.69144040000003
Sb2TeSe2,166.3152494
AlH3,1736.099182
TlHgF3,362.17576410000004
K4CdP2,329.12354619999996
RbPbIO6,591.8165271
Li4MnSi2O7,938.1214263
Ca2AlBiO5,710.1964541
NaHS,2529.236253
HgB4O7,1258.307606
Ca7(HCl)2,1111.2832640000001
Al2CdCl8,554.5369966
BCl3,892.7856364
NaLi2Sb,279.3080176
Li6FeO5F,699.6293399
CF4,1143.3962119999999
NaSmSe2,151.9053481
LiVSiO4,1027.515634
CdHClO,3573.4588700000004
SiAs,476.4871911999999
LiNbWO6,924.9398054999999
BaZnF4,469.232499
Na4CO4,834.4408786
AsI3,192.8379375
Li2GePbS4,383.75117969999997
PBr3,365.68928660000006
TaCu3Te4,215.2863894
SrS,127.9604149
TbBi2BrO4,449.40839189999997
P2Os,345.0764187
CaSe,207.3472218
Mo2SeS3,363.7412798
RbI,69.78017265
Mg(SbO3)2,757.546484
CuBr,134.5574118
Cd(HO)2,3644.291435
Sb2S2O,537.9389017000002
DyCl3,243.26550530000003
As2PbO6,590.8663188999999
Zn3CdS4,253.17255640000002
MgSiAs2,375.1346736
CeTh2O6,400.28530930000005
SmTlSe2,157.58835480000005
KNaThF6,354.9635264
Nb(SeBr)2,332.2901287
Sr2BrN,371.4667072
SrCuSeF,289.3568728
BaAgTeF,239.44409559999997
Rb2SnO3,629.2014435
KBr,100.86687490000001
ScNiBi,209.8890588
TlCdF3,412.0856399
KErO2,346.80141410000016
Mn(AlTe2)2,339.7193415
Zn4P6SN2,989.3567312000001
Li2Si3NiO8,1082.439116
DySBr,242.62538540000003
HoBrO,463.8713198
TbCl3,240.81304640000002
IrF3,538.8159734
Li4V2SiGe,921.4381889
YAuO2,524.4555634
Mg3NF3,575.478262
ErBi2IO4,449.6831959
TiMnO3,564.2057286
NaMgAs,307.336158
Li8FeO5F,638.0262203999997
Na4SnSe4,231.66037230000003
TiSnPt,206.51640659999998
Rb2S5,475.4085522
P4PtF2,804.5853582999997
TlI,35.11755
NaAgO2,558.6081644999998
LiLuO2,450.99791960000016
GaSeBr7,271.8464887
BaTe,71.25470955
CSO,1993.28868
NaHo2F7,542.4829725999998
FePb2(CN)6,2032.89564
Ba(MgAs)2,263.23325090000003
SrThBr6,150.4809696
VNCl4,1178.516797
KLiSe,370.3778297
LiVF6,656.2427241
BrN3,704.2390769
Te2W,234.6707434
ScHO2,2484.587873
Ba(InTe2)2,158.4368789
BI3,666.4567285
PbIBr,130.9563455
Rb2PtS2,293.6542538
KPrGeSe4,285.6157699
Zn2GeS4,366.5747291
LiCaRh,385.1096253
CaAlSiH,1244.6878
GaTeI7,218.1262086
Ba2HfS4,362.7675932
RbHF2,1442.482447
Ca4Sb2S,222.91576890000002
RhBr3,249.14964590000002
Ca2YSnO5,629.8105479
HBr,2250.299087000001
SbSBr,305.7261200000001
Ca3TaGa3(SiO2)2,950.4949433
LiSb3P2,1089.931393
Mg(CN)2,2226.420087
NaLi2Bi,264.16521659999995
Pr2AlNO3,676.2626624
Rb2Se3,233.3391446
Mg(BeP)2,504.9675243
LiSi2N3,1027.892323
NdCuTeO,415.3374983
KCl,150.99719419999997
LiSbO2,579.4052245
VCuO3,896.6274563999997
K2PAu,279.40776739999995
NbOF3,1028.20808
ZnCdSe2,192.43363540000001
