pretty_comp,slme
HgB4O7,0.186772019
K2NaInP2,14.57616389
K4CdAs2,22.16057012
Ba2H6Ru,13.93100398
K3P,23.09754629
Ca3(AlN2)2,0.8940621790000001
Pr2PbS4,5.87392835
Yb2PrDyS6,28.65179754
ZnGeP2,16.81699452
NaAgF4,32.35799817
Te4W3Se2,5.844484962999999
K2H4Pt,0.009365373
LuSBr,0.068868308
K2NaBP2,6.216751532000001
MoW3S8,31.59985549
DyBiPt,5.841769454
ZnWF6,3.994371788
LiInTe2,16.79302575
K2TiO3,0.000495631
Sb2H8Pt(O2F)2,5.515232861
VCu3Te4,11.92355654
BaHI,0.480625411
CuSe2Cl,13.30209619
NaAg3O2,33.94340932
Na4Ti5O2,4.684608778
Rb4CuSi2O7,30.67361979
Rb2PdBr6,33.33924118
P2Pd3S8,26.42125342
Rb2PtS2,12.84709382
SrTa2Bi2O9,2.08e-11
ErAgSe2,4.410691926
BaNa4O3,1.6399999999999998e-08
K2TiS3,33.91702992
ZnS,0.927583527
TeBr2,30.54504908
Rb2Se,0.018242668
LaN,5.841769454
Ca4P2O,19.27628154
NbRhO4,25.30087502
NdTlS2,4.389902988
KNa2BN2,3.72e-06
Sr2SbAu,27.93341033
RuO2,10.38987202
SmAgO2,0.000202914
K2SeBr6,11.16909085
Pr2CdSe4,21.63444328
Ce3ZrO8,27.7647819
TlI,3.320837482
K2TeS3,1.847282735
K2PdCl4,30.51343129
Sm2TeO2,2.60484231
ZrSnPd,8.097783198
Ag2SnHgSe4,14.73143531
NbBiO4,0.997191595
Na2Pd3O4,11.34948073
CaSi2WO6,29.97056827
AgClO3,6.86e-06
BaAg2GeSe4,29.08218821
KNaTiO3,5.69e-07
K2Hg3(GeS4)2,5.120255959
HgO2,10.29590946
Ca(BH)2,0.440952131
HfTeSe4,33.75943838
PbBr2,0.951680504
Tl2AgI3,1.419722341
Mg2NiH4,16.78275665
NaLaSe2,3.853606949
SrSnO3,0.364301433
Ho6WO2,0.710327864
Zr(MoO4)2,0.193258491
InBr,20.32292275
AcTlTe2,22.63263076
KCuO,25.08639501
DyBr3,0.043163543
Nd2O3,33.3637332
Dy2TiO5,1.540091026
Mg2TiO4,0.064009925
KThCuS3,14.68886619
WBr4O,33.36563777
NaSbS2,30.33581886
MgFeF6,2.416630729
YCuSe2,14.46335983
CuH,7.6054775239999985
NaCaAs,8.252422344
KPrGeSe4,15.83225339
Sm2SCl4,4.17e-20
Cd4OF6,1.3e-13
MoCl4O,26.46732272
Te4W3S2,5.841769454
MgSnO3,4.3e-09
FePb2(CN)6,0.196784706
TmBi2ClO4,1.5713323890000002
LuBi2IO4,2.075757341
Sr4As2O,25.65858396
Zn2SiO4,1.8100000000000006e-05
Dy3CuSnS7,20.28738541
VSbRu,0.976148256
MgH2,1.02e-10
NaClO2,0.04723668
Ba2CuClO2,8.900262307
LaAgO2,0.227026657
SrCuSF,6.933031045
RbYS2,0.193695651
LiSb3O8,19.32785252
Bi4O3F7,4.994862782
Th(PS3)2,3.3228067830000003
K2TeBr6,8.039931075
TeAuCl7,14.76322483
Te2Br,20.74306594
AlCuO2,4.959786449
Sb2O5,31.90183231
K2HgS2,1.6937104040000002
SNCl,1.289392911
ScVO4,5.442404354
Na6PbO5,8.900262307
Te2Mo3W(SeS2)2,0.029046396
NaIO4,2.25355163
TaAgF6,0.244096402
CdSbS2Br,14.71331935
Cd3(BO3)2,0.984458324
DyBi2IO4,2.883432054
ZrCl4,0.088550801
BaSrTa2O7,0.01678657
NbAsPCl3,5.864393375
KAuF6,18.09624417
Rb2IrF6,3.053525563
LiVOF4,2.035586197
Sr3AsP,22.5538704
Tb2Ti2S2O5,32.29098168
ZrNCl,25.29772034
B6P,2.609183265
Rb3Os2Br9,20.00114522
Li8BiO6,28.33052387
NaMgP,3.242725053
MoS2,21.13026529
Na5SbO5,0.57974269
Ga2PdBr8,32.56857933
YPbAu,5.841769454
RbPrS2,0.611217267
Sn7S2,11.46434533
K2S3,9.744448412
Rb3PS4,0.002877046
K3SbSe4,16.44979312
SiAs,26.11642445
Li3TaO4,2.66424522
BiAuO2,8.837179639
K2VAgS4,29.02490175
H6RhN5(Cl2O)3,29.15265448
Sm3CuGeS7,15.00269511
Rb2PdF6,18.18887524
Ga2HgSe4,21.33757317
Ca2As,5.644994842000001
Y6UO2,18.68559304
YbS,0.001802671
Na4SnO3,0.311031079
InSn2Br5,11.96729423
K3CrO8,28.83121003
TlBrO3,0.001428655
Na5ReO6,4.0536729939999985
PrTeCl,28.87568427
Lu2TiO5,0.640588255
HgTe,5.841769454
Na3AlP2,4.548650181
Zr6BI2,32.54832777
KDyS2,0.018866058
LiScF4,1.074817166
CS2NF5,0.063789396
Ba3AsN,16.61645284
ScInO3,0.030187972
TbH3,7.484469069
K2B2S7,0.500819362
Cr4InCuSe8,9.199585622
ErBi2IO4,2.3735053930000003
K2Ti(SiO3)3,0.94179943
Rb2SeCl6,2.849577495
Ba2NbInO6,0.009302818
Li2MgCl4,10.32264021
Li2GeF6,12.10603435
ZnNiF6,25.18567512
CaTi2O5,1.809383349
Pd(SeBr3)2,32.35108047
DyMoClO4,0.164882475
GeAsSe,19.55486015
K2Li4UO6,20.62535841
Sr3CdO4,5.280153294
In5CuS8,18.12922398
NaZnP,28.23156888
SmTlSe2,8.100539545
TlInS2,12.71143154
RbSmSe2,1.033648968
KClO2,0.000116325
CuAsSe2,24.95304777
HoBiO3,0.014472017
K3BP2,6.398618382
CdBiS2Cl,8.05428233
Yb(NdS2)2,6.334614003
Dy3SnC,0.011503558999999998
H2AuC4N,1.882978906
Hf(Te2Cl3)2,32.42588141
KBi(PS3)2,5.4710644739999985
InAg(WO4)2,16.08843529
K2B(CN)3,4.4716611980000005
CoHgC4(SeN)4,3.251858347
Ag6Mo2ClO7F3,10.82633638
B2AsP,21.97123166
Hg3(BO3)2,1.445046066
BaNaBr,12.22789666
GeClO2F5,17.51663091
Rb2CuCl3,2.514216197
HoNiBi,0.29178728600000003
RbNdTe2,9.080775388
Re2SCl2,31.59956969
K2Ge2PbS6,5.049261679
Al2CdTe4,6.582519209
ZnGeO3,6.62e-06
TeW2Se2S,4.354529642
Ag2H3IO6,33.19700482
RbLiMoO4,3.123704657
ErSF,14.82038629
Sr2PbO4,6.529009798
InAgO2,9.574924824
V2Te2O7F2,15.53161498
Ta2Tl3Cu3S8,14.681385999999998
Cd(GaO2)2,1.10583021
YCuO2,3.062069933
Mg2FeH6,30.57164383
Mo2W(Se2S)2,33.80556295
Ho2TiO5,0.711926981
LaWN3,8.973591329
SrPdF4,24.41333936
SrGaSiH,14.74864309
Rb2TaCuS4,8.761707074
K4BeP,3.4640307580000003
Li2AlVO4,4.585765859
KLiSi2O5,2.634266636
Se2NCl3,33.71477289
TiBeZn,0.001646418
InAsF6,8.904135859
ZnH4(ClO3)2,2.4e-17
PtF4,29.47075515
Tl6TeO6,16.25200186
Sm2ZnS4,12.68247515
Ta3SBr7,33.80301098
TlInCl3,6.311348112
Mg2H6Ru,3.128442667
LuBr3,5.71e-07
CS2NClO2,3.13633776
Y(AgCl2)3,6.31e-15
Ti3Zn2O8,10.00219444
Er2Pt2O7,17.12586062
Sm2Ti3(BiO)2,6.208264709
Rb3Ir,14.99042165
KAuN2,26.63112696
KOsF6,4.726481501
Nd5AgSe8,16.65941273
H2W2O7,12.58351242
Sr3P4,28.44040678
SrGaSnH,18.61090944
LiErS2,0.297564047
Mo2H2O7,7.481760952
K2Ag2SnSe4,26.14792874
Cr2OF2,17.55039039
NaB5,19.19210254
DySI,2.330638646
NaAlTe2,14.21061973
Sm2PbS4,5.589399617000001
Ca2HN,6.1302368839999986
Sr3Sb2,16.95558782
PbI2,3.209368842
Sr3As2,16.31940087
RbBiS2,9.208794379
GaI3,5.615228015
LiSmS2,30.44339017
MgTi4O9,5.313869621
CuAs2Pb6Cl7O6,6.393060666
Rb2U3(IO5)4,21.90662691
BiI,29.99371642
HoVO4,2.292838468
DyBi2BrO4,1.940576783
Rb2PbO3,15.72489196
Ba2TbBiO6,13.51912411
Li2CeN2,26.69624806
Rb4I2O,19.17316417
Zn(InSe2)2,20.81788335
VPbClO3,13.53212587
As4S5,7.271042676
Sr2LiIn,0.48931015
BiTeBr,25.16657414
Ba3Sb2,16.85811668
LiGaSe2,1.625748887
HoHSe,4.5805332430000005
MgSn2O5,1.655479146
NaTl2RhF6,24.3466234
BaCeO3,22.31966199
IF7,13.40092463
Hg2SeO4,6.396373587999999
Te2Mo3(SeS)2,0.99921462
ZrGeRu2,0.098121382
H4N2O3,5.43698042
LuTlSe2,4.154416845
K2SbAu,26.5908011
RbAuO2,18.99696889
Sn(HgSe2)2,33.38669602
Na2UO4,15.80716164
InTeCl,10.53225225
HoBr3,0.026325448
Li4Ca2Mg(SiN3)2,3.47e-14
Rb2ZrCl6,0.014610884
CaGaSiH,11.00052234
CaPS3,0.047383034
TmBi2IO4,2.320120198
Er(BiO2)3,1.065617055
CoH9(CN2)3,29.92781841
KV(CuS2)2,29.09152097
Na3LiP2O7,14.02105218
YNiSb,1.207500096
RbIO4,0.196438611
CaTiO3,5.194791808
SrC2,3.2139099
YVF5,3.364556535
Li8TiS6,33.60974949
AsS2NF6,8.982622497000001
KSnAs,33.98110225
HgPbF6,3.620232792
TaCu3Te4,19.7620213
TaO2F,0.715758048
Ba(InTe2)2,17.80541294
PrAlO3,0.002203615
LiTl2InF6,30.97823498
Li3AsO4,1.608340705
AlH3,0.07799824799999999
Rh(OF3)2,24.24215602
Ag3SI,7.996884385
K3AuO,25.50760281
Dy5AgS8,9.166171246000001
ZnSnAs2,26.38266257
Rb2TiCl6,12.10636853
SbF4,1.5891261630000002
TlGaO2,2.915937516
Ta(ICl)2,31.79714551
Sb2O3,6.981822115
LiBeH3,0.104553516
InPS4,0.340926675
Ca3BiAs,5.841769454
SrAuO2,21.49703414
Li4H3BrO3,0.511416126
NaBi2AuO5,22.53673583
RuCl(OF3)2,14.03733264
GaCuCl4,17.48473656
InCuS2,23.72352756
ScTlTe2,1.003862247
Ca2Sn,31.64600519
GaN,0.711642254
NaFe2O3,0.078317611
NaLuS2,1.23e-08
BaZrSe3,4.587158462
NaAuO2,13.73227674
K3Ag3As2,28.44350604
NaAuO2,16.16809468
FeN3ClO3,24.3906218
PbCl2,2.49e-17
Ge2O3,0.468763404
NaGe2N3,0.057088653
YbSe,8.53e-06
Ca2SnS4,0.8387496059999999
SbSI,28.21566312
KLiZnO2,5.71e-07
SnC,33.23896696
LiAuF4,33.60086429
Ba3In2O6,2.721165698
TbI3,11.31747982
Ta2I5,11.93951947
KCO2,9.84e-05
Ca3BiN,31.48425231
HoPbAu,5.841769454
LuAgS2,1.446789339
Na2TiSiO5,0.282869724
KYGeS4,2.738784805
BaHg2(ClO)2,4.2191719339999985
SeI2,28.67812699
HgF2,1.5835060769999998
Ca3(AlAs2)2,24.06557828
Hg2GeSe4,33.52186064
Zn(InTe2)2,27.07485646
MgB9N,21.78912926
MnAlAu2,0.275583619
Ta3O7F,0.001443209
BaSm2PdO5,17.92435565
Mg(BeP)2,0.885807763
UCd2O5,18.60004555
Si2B2O5,22.74145389
K2AgBi,23.11204601
K2HgO2,1.850559199
CuCN,5.704389471
PPbS3,4.081221115
Ca2PI,12.97798076
PrCuSO,6.674668365
PrPtF7,10.99174812
Tl3Ga9S3O2,2.834928892
K2P2Pd,33.11777164
Th2HN3,9.806880065
K2Te,0.01917362
K2Pd3S4,27.81169026
CoSiH2(OF)6,11.14579954
ZrFeTe,17.24607075
Li3BO3,14.02328084
PtI2,32.59709036
SrHgO2,1.705556964
BeGeAs2,21.12868321
Ge(PbS2)2,6.72991781
YP5,13.31856667
CuCl,31.01585052
NdTlTe2,15.13703138
NaNdTiO4,5.240864355
SnS,19.84145147
PPdSe,18.49116194
USeO5,18.26385436
KNbO3,2.061197716
ZnPdF6,29.25596752
Li8CoO5F,2.670931412
Li8IrO6,1.953235626
TlPS3,13.29376025
NaLi5N2,0.6274322170000001
Na2CrF4,12.70626002
BaHfS3,16.72336477
Pb(ClO2)2,0.930394667
CdSb2Se3Br2,27.88179764
LiAg2F4,1.267414445
Rb4CO4,5.69e-07
Li2CeAs2,19.11521043
BaS2,10.89324885
KNdGeS4,2.4753981
CaTe,19.09031974
MgMoN2,14.65921832
LiTlO2,11.75818468
Li2PNO2,6.032024162000001
AlVPt,5.841769454
PPbSe3,12.7548022
CaPtO3,30.76983579
K3Al2As3,14.96764954
Sb2Os,15.53780181
Pr2CdS4,8.688652464
Ba3Bi2,5.841769454
Ta2Zn2SnO8,2.414920419
SrLiP,18.08746902
Sr(GaTe2)2,19.15615899
KAuC2,3.869578457
Sb4I2O5,2.642164166
GaSeBr7,4.612774718
SrMgGe,7.102726455
Hg2P2S7,5.920639655
CuSnH2(NO3)2,21.21306917
Mg(BeAs)2,1.7394829790000002
Rb2B2Se7,6.347880438
Rb2BrCl6F,33.46257156
Yb4Sb2O,24.33527128
H4INO4,0.445094472
Rb2TeI6,18.4750482
SmBi2ClO4,3.875069161
Li2VGa3O8,11.98060648
Lu2MgS4,5.0075503
Li(CN)2,27.36452721
RbNaTiO3,0.038398857
Ba2CaI6,4.77e-21
K3GeSe3,5.658028119
Na3BS3,0.030066576
LiMoIO6,24.98997073
PbCClO2,0.024236997000000003
Rb2LiDyBr6,28.84030645
ZrInAu,16.887751
Ca3(GaN2)2,1.160193624
Ba2BrN,20.92262224
Ca(InTe2)2,21.05597019
TlIO3,0.07982141400000001
Te2O5,5.9168884460000015
BaNd2PtO5,6.175437577
SrLi2Nb2O7,7.851860367
Ca(AuF)2,27.3228278
KLiSO4,26.05331312
NbAlRu2,0.731132855
BrCl,5.151828708
LiNi(CO3)2,5.063848084
BaTe2,15.68355469
Zr(PS3)2,17.16224349
LiBr,0.431432519
ErTlS2,1.368802347
LiV(PO3)3,5.287965094
HoTaO4,0.003292986
LuVO4,2.515406554
IrF6,3.881560512
VZnF6,3.531363364
NaP,27.86923566
K2LiAlP2,3.23725502
Au2S,10.26489364
MgSnAs2,33.23896696
Li3Al(BO3)2,12.43662594
Rb2NaMoF6,3.258254009
TlBiP2S7,6.201104387999999
BaLiF3,4.2700000000000015e-05
KPrTe4,12.96374409
Ba4Tb2Cd3,8.120239016000001
KMgSb,23.15108482
LiAsO3,14.204893900000002
NaSr2AlP3,32.13557995
Mg2Ni3O8,15.08759811
KYSn,33.75422556
Zn(CO2)2,1.8e-15
Sm3BWO9,1.78e-15
KAuS,1.041744964
MgTe2,28.36282186
NbCu3Te4,24.47780848
CeZrO4,29.08460782
Dy2TeO2,1.985797165
CrSi2,3.114898843
Hg2IO,23.42046998
ErI3,11.52417059
PrN,22.59672154
Li3Nb3TeO2,7.628856027999999
PrBi2ClO4,4.679452513999999
Pr2SeO2,0.0008249560000000001
InGaO3,0.890877582
MgTi3O7,1.4448785780000002
BaSrO2,0.144168623
Rb2SnSe3,7.839454511
Na3BrO,0.016710055
Na2LiN,19.33268001
KZnAs,30.480285
Na3CuO2,20.47715306
SmCuO3,0.077366435
SiS,31.57941707
U(SbO3)2,31.36220848
LiAsS2,25.97076282
RbInTe2,16.79071401
GaCuSe2,33.81127379
NaFeO2,1.994820938
P3BrCl4,15.75661817
K3VSO3,1.589242934
Li7NbO6,1.01e-10
CdSnSb2,5.841769454
Tl2MoO4,0.7923305979999999
NaHoS2,0.01524513
LiGa(MoO4)2,16.02595317
Na2H4Pd,5.204929703
Hg2MoO4,12.80195792
SCl,0.754389671
PdI2,25.3509095
Cd2Bi6O,13.12946693
PdF4,30.45255639
CdBiSe2I,23.72270695
CrSiO5,30.40404642
Sb2S3,22.83084495
HfBrN,2.617432097
Tm2S3,24.78620728
LiB6C,15.98784534
ZrCoBi,14.62705534
BiClO,9.609999999999998e-11
K2AgP,19.73128295
CaNiF6,31.0462262
Na3AgS2,0.622994707
RbTbSe2,0.706283668
Tm2TeO2,24.83199762
Li2TiSiO5,26.63002535
K3GeS3,0.538256029
HgCl,0.2442384410000001
Zn(AgO2)2,16.58291478
SrP3,31.13770661
PtCl2,31.90763632
ZnCdS2,6.1362495710000005
Sc3InC,2.245024366
Zn2Bi2O5,13.05768661
NaBiF6,1.4515305669999998
TlAgSe,33.46818921
U(HO2)2,10.49640183
AcH2,30.97660369
Li6I3N,0.42099383
LiTeHO4,25.27402084
LiFe5O8,4.12616025
NaGaTe2,26.73544546
Y2TeO2,2.383023277
Ca4As2O,21.41543594
Th2SN2,10.64756271
V2ZnO6,12.00027071
InPbCl3,0.3750109820000001
Ba2Ga2O5,6.152499912000001
Ti(SiO3)2,0.512493035
ThNCl,1.974539209
K3MoF6,3.738696867
AsCl3O,0.95660373
KAg2SbS4,25.60132479
TaBi3O7,1.956326614
Ag3SI,17.83213326
LiMgBi,33.43473613
AgAsO3,31.76117193
Sr(CdSb)2,15.85347553
SnO,1.69801685
CaPbI4,0.68643816
Na3As,32.30782855
DyCuSeO,16.54153205
MoW3(Se3S)2,5.422456627000001
Mg2Sn3O8,2.07e-06
LiAgF2,0.147987251
XeO3,17.93998539
TaTl3Se4,9.423355713
SnF3,0.004066129
KSbS2,13.64240415
Li6V(OF)3,4.298440976
GaPS4,3.072837335
NbI2O,27.08610328
LiNO3,21.63383425
NbFeSb,12.81378682
Tb3CuGeS7,14.82038629
Ba3P2,27.5207843
AlVF5,20.06826799
ZrPbO3,4.17e-05
H8(NO2)3,14.4991343
RbAuS,1.542520065
MoWSe4,33.25699428
Nd3SiAgS7,8.335941273
Ti2MnIn,5.841769454
AuSeClO3,25.47920095
ZnSe,9.436553125
KTiPCO7,6.38072998
Rb2H4Pt,0.121325559
Na2PdS2,21.98310953
TlF,3.028906066
PbS,33.38011014
Na3VH6O7,2.92e-11
HfS3,23.99849489
TiO2,17.58339869
TeMoS,3.714904699
Li7VN4,12.37946212
K2NaAlAs2,7.409256991
Ba2NF,32.38315417
Te3As2,14.07312234
Nd3Si2S8Br,1.564459873
LiCuF3,3.131380338
ZrSiPt,15.07751502
Ga2TeO6,19.32785235
AlAgO2,11.19708352
Te2MoW2(SeS)2,5.849813941
Ba2DyNbO6,0.665777639
Bi2SeO2,12.3449332
Sr3N2,33.81743976
Na3UF8,1.3014033390000002
CaWN3,32.08929004
CaC2(SN)2,5.489999999999999e-25
Ag2HgI4,26.27759302
NbAlFe2,3.936203
AcI3,4.0536729939999985
Ca(MgAs)2,7.527355525
Sr4PdO6,27.3247407
NaPrS2,5.079166316
TlN,5.841769454
In2HgSe4,30.38038595
HoTlS2,1.678756947
Ba2NdBiO6,14.62437312
TmI3,8.05428233
Te2Mo3WS6,13.85991243
Na2ZnSe2,0.909650466
AlAgS2,3.095906254
SnH8(CI)4,0.0052518880000000006
NaAuF4,14.82038629
SrNiF6,24.82447079
K2PdF4,32.03670478
KTeAu,5.606869446
NbTeCl9,11.20727415
Na2CuAs,16.72205588
Cd(AsO3)2,0.091271902
Sm6Si4S7,2.530817866
Ba2SbAu,22.63510201
TmSbPd,10.85921963
ZnI2,2.600084348
Li4H6Os,3.463416688
Ca5W(N2O)2,1.5722181469999998
Sr(ZnAs)2,33.63422658
TiPbO3,28.83226744
Rb2MnF6,5.4659307639999986
Bi2SeO6,0.044708662
K2S,2.7300000000000003e-12
Li8Ni(O2F)2,15.05181266
Ba2H3I,2.53695851
TlBS2,7.424526244
KLiCO3,9.649703072000001
Rb2PbCl6,22.52466611
ScTaRu2,0.495705999
CrCdF6,4.617289411000001
K2NaTiOF5,2.93e-11
ZrSeO,32.15205373
KSb2,22.38319939
Na2V2ZnO7,2.243833606
LiCo(CO)4,24.28021374
Mg(PtO2)3,23.18478883
TiSnPt,20.3500161
K2PbO3,12.4776251
SnI2,17.39717781
Sr2HN,4.73688276
BaMo4(PO3)2,16.43894033
Mg2Al2Se5,16.88226347
CaBiAsO6,26.32595043
Si2Hg6O7,13.16047315
K2AgAs,19.23334346
GeClF,0.029575827
Tl4SiS4,6.574515319
K2NpO4,17.91106985
BeTe,1.4199999999999998e-12
Hg2SeO3,6.315443419
SrH2,0.000124844
KHo2CuS4,32.0668509
Mg(AuF4)2,14.5816499
Zn(GaS2)2,1.822885756
TlInTe2,24.52817466
Nd3PbC,0.900223958
Ga2HgS4,6.674668365
RbBS3,1.092504907
Si3As4,29.39307612
Li4TiS4,3.772624623
NaYS2,0.230753567
NaSmTe2,5.832143216
CuBiSCl2,19.52437263
NbAlO4,0.000475651
Sr3DyRhO6,19.55833814
Li3Sb,4.58452145
AlAgTe2,23.09568553
BaTi(BO3)2,16.30046459
Sr(AlTe2)2,12.1869555
BaVClO3,10.75162827
YNbO4,6.03e-09
Na2Zn3S4,0.000185603
LiHoSe2,1.347163752
Hf3N4,10.8479346
KCrP2S7,1.541197448
NdBiPd,0.777266087
TmBiO3,0.006334365
WBr6,33.82769582
RbCd(NO2)3,0.999950343
Li3VO3F2,4.942456798
NClOF4,4.73669705
NaDySe2,0.915411998
InHO2,0.15019955
LuBi2BrO4,1.562754942
HgSO4,0.334432519
KO3,21.57006343
ThSO,27.45635105
Pb3O4,15.51240211
TlSbS2,23.60661741
Si2Mo,8.638132339
SmH2,2.110038736
NbCl3O,6.17320561
LiAsO3,6.844203314
NdTe2BrO5,0.000622653
Ba2YBr7,0.35577568600000004
Ba2BiSbO6,0.393705735
RbHoS2,0.000804745
Y3CuSiS7,15.83837144
Li2MgCu2(Si2O)2,4.156423018
RbSmTe2,6.63391754
KLiSO4,26.19928132
Pd(Se3Cl)2,29.58282434
Hg2P3Cl,12.90579946
In2S3,13.25799933
SnS2,7.125440871
K3ClO,0.8380476729999999
SrS,4.03463432
KP2AuS7,22.55773355
KNdPdO3,11.10717387
VFeSb,4.044794474
MgIn2O4,0.17796038100000006
Ti2Al2O7,33.086762
Ba2MgUO6,16.39914615
S(IO3)2,1.485409721
Li4CuSi2O7,5.460554611
Rb7Au5O2,16.76110126
Te2I,17.348290300000002
TlCl,0.259827605
Ca2PbO4,5.067734864
InOF,0.6484784379999999
Tl2TeCl6,3.079511347
Mg(RhO2)2,33.41180841
KPrS2,0.703199192
RbAu,8.47653182
BaU(SiO4)2,11.32526391
RbNO3,3.6000000000000003e-16
CuH6(NO)4,24.16791648
ScCuO2,10.85584546
LiSiBi3O7,2.309837084
ZrSe2,9.017737486
Li8SbS6,31.28090051
TmTlTe2,10.11446213
LiIn(I2O)2,21.76125237
K2AsAuS4,28.75080532
Rb3BS3,0.00934255
Rb2As3,25.63394726
Sn3As4,31.82041783
BaTiF6,1.62e-08
HgI2,7.147059252000001
NiCO3,4.643028282
KCuC2,8.688740489
InSb2S4Cl,17.62606581
NbO2F,18.20104393
BiI,31.80514918
Li4NpO5,13.41817962
CaTcN3,12.92948882
K3AsSe3,2.571455557
Na2ZnS2,1.05e-10
Na2Ti2O5,0.8554963
MgSnP2,18.35218753
AgCO2,8.110082967
PbO,1.13840098
Ba3Ti2O7,10.31008911
Ho2CdS4,13.22342242
AcN,14.25638844
SmBS3,2.156107799
SbS2NF6,7.20084603
RbCaSb,15.21687415
LiAuF6,24.23107625
AgSbS2,29.23752887
MgSiP2,17.93228614
AlPS4,1.415339243
Ca3Pb,4.684915039
K4V2O7,0.632092933
CuBi(WO4)2,20.7518484
KAu(I2O)2,13.04776508
Al2CdS4,1.715336671
Li7BiO6,9.331381908
Ba2BiAu,21.5586086
SbS8Cl3,0.7991100240000001
YAuO2,0.497997604
Zn2Ni3O8,17.90154392
K2Pb2O3,3.267818255
TlI,3.94704203
Bi2SeO5,6.26e-09
NaTbS2,0.07200923099999999
SbClF8,0.01232857
NbAlPt,0.386649098
LiC,1.822885756
HoBi2IO4,2.685306483
Mg2H6Os,0.7213591020000001
AuO2F,25.07652306
RbV(IO4)2,2.459598
K3IO,7.516811837
KV(CuSe2)2,27.91904371
Rb2LiVO4,0.053509725
CaHN,0.480625411
Al2Os,4.33599656
GaAs,33.63780456
Yb3SiO,5.841769454
AuCl3,23.83371257
ThTaN3,26.21041161
Sr2Sb2O7,4.624255382
K4Ru2O,23.42952034
Ho2S3,1.045715835
Li2ZrTeO6,5.81344774
BiI3,5.352028837
Bi2Se3,32.28275542
ZnGeO3,0.34886481
HfZrO4,8.18e-10
Li3CuSbO5,8.862793952999999
LiAs,22.09878498
Bi2WO6,1.5204624880000002
MgPSe3,6.392262051
TbSF,11.31747982
ZrZnN2,1.79418301
HoCuO2,2.438716712
AgCNO,3.04e-07
Na3PaF8,0.043163543
CdS,2.721640107
Th(AlC)4,9.621756007
GeO2,14.34960052
Rb3H5Pd,3.0154062510000004
Ba(PdS2)2,26.99822227
NbTl3Se4,21.56086894
RbSbS2,6.875171567000001
Ba(MgAs)2,12.13403003
Sr3(AlGe2)2,5.841769454
MoO3,1.467139385
HfVF6,15.624424800000002
Fe(Sb2O)2,3.617741337
Pb2O3,11.59834653
Dy2Ti2O7,3.351730145
HAuO2,15.30799546
TeHO3,2.222402097
CaTiO2,5.841769454
YAgTe2,33.8125939
NaNiIO6,30.39227011
Rb2Ti(CuS2)2,25.92332416
RbTlO2,19.82704148
TlHgF3,3.67e-06
Nb(SCl)2,17.913225
NdSeF,26.77788142
Li6FeO5F,2.149377403
PrLuSe3,19.59628721
Ba2Bi2O5,3.1146726360000003
KAuBr4,33.85862944
LiMnF6,3.5645584360000004
ICl3,2.9019629960000004
Na5InO4,2.07e-22
KSmSe2,1.061443898
LiAuI4,25.7298762
BSb,1.270350741
LiAgC2,3.725875892
InAgS2,30.19194264
ReF6,1.2799999999999998e-13
Al2ZnTe4,8.973583246
YSbPt,17.29083088
K3BS3,0.00359601
TiSnPd,12.31722329
BAs,1.164247281
TmMoClO4,0.327109604
KAuO2,15.23349651
Ba2InBiS5,6.291557257000001
Sm2Ti2O7,3.2991977410000004
Ge2S3I2,2.236071725
Ca3AsBr3,19.17316427
Rb2SnAs2,23.50955559
TlInS2,20.34562362
K5CuSb2,21.21623965
PAuS4,21.03911141
Ba2TmNbO6,0.7213591020000001
BP,0.946957698
RbGeIO6,0.411833004
TlGeBr3,33.59643729
MoW2(SeS2)2,23.72352759
Te2Mo,33.49012425
Na3BiO4,28.06350889
CdO,32.21226893
AcInTe2,27.45199077
LiTiV3,28.81800505
PbF4,3.06694249
TiAl2O5,0.716679772
UCl6,31.32804514
CsK2Sb,20.73274012
HIO3,5.13e-13
Te4Mo3Se2,5.8417695689999976
LiTlPHO3,6.277092958
Pr2SiTeO4,9.850152258
RbLiS,0.508579629
TlPd3O4,23.8158163
Er2TeO6,0.13921381800000002
Zn3CdS4,2.7960761310000004
PrNbO4,1.99e-22
Sr3SbAs,5.841769454
PdSCl,27.156153000000003
BaLi2Mg(PO4)2,26.10522975
K2NaGaP2,12.0469517
NaLiFe2(Si2O)2,3.39254984
Rb2MnCl6,2.98093266
IrBr3,27.29190779
Ta2O5,3.72e-23
ScS2,13.51157693
Sm3CuSnS7,19.80860253
BiCl3,8.55e-12
YTlO2,17.19758931
Tb2SnS5,27.54224286
RbBiF3,8.357850987
Tl2PtCl6,19.02731814
HoTlO2,19.22336208
K3Si,0.066978434
ErSeI,5.6140764710000015
Li2NdIn,0.020687589
SrAlSiH,18.3429698
K2PAu,28.33713318
KYSiS4,1.246872514
LiAlO2,4.892132674
Sm3AlC,0.281943007
Sb2Ir,15.91049697
Te(HO2)2,14.31171463
KCrF6,10.17854744
AgBiI4,24.33721063
Nb3TeCl7,29.14653604
MgTe,1.25790251
SmI3,6.1362495710000005
NbSbRu,2.91259138
Li2TlBi,14.11534155
W3(Se2S)2,31.45046969
BaCaO2,0.671999253
KRb2RhF6,22.37184861
K3AsSe4,19.99868817
BaWO4,3.231156122
UTl2O4,30.34087447
SrP3,10.911210699999998
Li3NbS4,2.225869637
GaTe,17.99482943
BiN,17.65262495
HoO3,21.65704980000001
SmMoClO4,0.05985344
SiH,4.660072148
TmBi2BrO4,1.5906237719999998
MoW3Se8,17.89545219
U(BiO3)2,27.11070549
RbHfAgTe3,21.50538111
AgTe3I,31.94713501
Al2Te3,14.20554461
Hg3AsS4Cl,5.879500921
Rb2SnCl6,0.445094472
BaLiP,32.47184208
Ta2ZnO6,0.004390078
Ca3PCl3,11.42219912
KrF2,6.8e-06
BNCl2,3.619676445
TlSbO3,9.776248477000001
CuSe2Br,24.39489851
KAuSe,2.383816697
InSe,18.79325153
KNaSmNbO5,7.65e-19
Hf2SN2,2.088912543
Ba3(PS4)2,6.565289649
Hg2GeO4,16.79302575
KGeBr3,30.13072117
K2PtSe2,14.78473144
RbAuSe,3.3139771110000003
InGaS3,5.365040631
NaSrAs,25.16657414
Mg3Nb6O,20.82529499
IO3,12.20190616
GeC,0.000539891
ScNiBi,0.144513639
Sr3V2O8,0.021889304
K2Os(Cl2O)2,22.15614874
CdPtF6,8.900262307
Ca2TaAgO6,24.45331401
KSnSb,33.25975408
LiBiF5,28.26942022
RbSb2,26.60168856
Rb2Te,0.8819017090000001
LiCaAs,7.869427448
SrO,0.029452537
SF4,23.46223815
SrPS3,0.00171021
NaBeAs,9.525034185
CuS4BrN4,22.65858993
SrTiO3,15.18340109
CaCr2F2,4.4211231060000005
Rb4CO4,28.94927014
LiCN,0.119548438
LuP5,16.42553494
Cu2HgGeS4,19.70581876
LiCl,2.372117326
Rb2Hg2PdBr8,33.1377877
CuBSe2,20.45143077
Rb2GeS3,1.822005052
CoSnC4Cl3O4,7.391791117
Zn(InS2)2,25.37773557
YBiPd,0.165279505
SmCuSeO,15.62886151
SnBr2,12.88823681
KSiH3,1.50056563
AlSCl7,0.323160076
CaHgO2,0.239572598
CdHg2SO6,5.526650943
SbTeI,22.07252292
Tb2Be2O5,9.170000000000002e-11
SbN,9.084427613999999
Sr2BiAu,21.59817251
SbSCl9,13.64240415
K2Cd(AuS)4,3.008789702
Ag2PdO2,7.988744242
MgGeO3,2.07e-22
TaSbRu,8.045941251
LiH,2.243833606
Rb2Sb4S7,7.26925086
CrAgO4,26.6667278
Te3W2Se,0.481171599
ErBi2ClO4,2.091472475
TlCuO2,11.68768852
YNiBi,0.428130189
Li4SeO5,15.68395583
LiScS2,4.943788668
Mg2PbO4,11.70914256
AgNO2,18.78528066
Re2NiO8,2.165442716
KZnP,20.81788335
TlF,0.127091327
Te2Mo2WSe4,5.841769464
Ag3AuS2,19.65124896
TbTlS2,2.118768577
SeBr2,24.70125393
CaAs3,5.841769454
ScCl3,0.010733238
CaCrF6,3.5407007110000004
NaVCdO4,1.440045995
TaAsO4,3.93e-06
YBi2IO4,1.6964940030000002
KFe(SO4)2,3.223943487
RbClO2,6.06e-06
CdAs2,12.92306998
TaNO,1.461413834
BiTeI,29.4739725
OsC4(ClO2)2,0.7118877159999999
ZnCu2SnS4,18.84059275
SrTiO3,7.666405891
HgC2(SN)2,2.214284292
NaLi2N,31.37116761
P2PdO6,32.35863946
SrTePd,27.97488275
Tl2CS3,17.01508321
LuCuSe2,13.96021125
Ba(AlTe2)2,20.68858783
K2RbSb,23.82747781
K3H5Pd,2.728072802
K3Sb2Au3,30.3084167
Ba(PrS2)2,7.218098962999999
ZnTeMoO6,0.406289656
Zn(IO3)2,0.007822345999999999
SnICl,3.048204906
ThTe3,26.87585039
Li5Si2BiO8,2.313363218
InAgSe2,31.92266305
Ca2AsI,14.34313204
KNdTe2,8.8923852
CdPS3,1.4067063119999998
Te4MoW3(SeS)2,7.909388875
AlCrF5,5.8140468
Lu(AlC)3,6.353069416
BaH2,3.27e-16
Ti4ZnO9,5.104733336000001
MoH2Cl2O3,6.1530896770000005
K2PAuS4,15.3732572
BaS,1.481362075
K3BAs2,10.61968629
K4Br2O,5.954700934
PSe,7.538987134
Zn2In2S5,24.70745958
PrTlSe2,10.98364634
K2PtCl6,19.30037339
Ba(ZnAs)2,0.5261898079999999
AlCuS2,12.78345727
Cu3TeS3Cl,32.4912253
Ga4SiO8,2.53e-17
Lu2Pt2O7,14.99317643
CuH4(OF)2,2.289563835
CdGeAs2,16.36825321
FeBr3,1.58166527
Na4UO5,14.5200198
CaC2,6.365005782999999
Li3Bi,11.2368623
K2VCuSe4,24.31102871
Rb2PdCl6,24.24954308
LiAg3O2,33.88795307
HgF,0.42545536
KrF2,6.12e-05
LiBH4,2.002285014
Na2H6Ir,13.98215916
Li5P(S2Cl)2,14.20065591
YClO,0.14814772199999998
AlGaN2,0.104824895
U(HO2)2,21.84565775
SnCl2,3.15e-10
Y3AlC,5.180927099
Ba3Ti3(BO)2,9.24444481
KInBr3,0.970708587
Tl3AsS3,27.70687036
BaSnHgS4,5.615228015
NaNbS2,18.32181252
Ga2BiAs,5.841769454
KTbGeS4,1.574453505
LiYSe2,19.7285444
AlSbI6,10.15682457
TmAg(PSe3)2,20.04702751
Sr(ClO2)2,0.022817264
NaLiPt,12.00124907
SnBrF,2.23287838
Re3Se4Cl,31.3320257
Ga2S3,2.617432097
TlGaTe2,27.70430935
Zn2AgSbO6,2.2976103880000003
NaH2AuC4(S2O)2,13.19012882
TaTlO3,33.74431957
Ca(NdTe2)2,32.14271595
Na3CuCSO7,11.92466571
CrPO5,1.064473954
Te4Mo2WSe2,5.84208589
Ba(AgS)2,15.27892529
Bi2TeI,1.16599747
Y2S2O,2.326641321
Li2ZnGeO4,0.449490831
InAuO2,12.02768926
As2Pb4S6ICl,9.067579676
Ta2H4O7,10.04139114
LiYF4,3.180116595
Sr(YS2)2,8.795089667000001
Ca(SmS2)2,5.615228015
NaNbN2,27.72115402
TiZn(BiO3)2,10.95256683
Li2FeSi3O8,5.021304368
Rb2S3,10.14355194
ZrSnPt,15.79465978
SiSe2,7.546901254
Ba2YNbO6,0.877798172
ScGeAu,3.999757043
TbSbPt,6.47382948
MgGeP2,15.80000108
Ca3SbP,33.8193333
Na6Sn2S7,1.355715785
Nd4S3NCl3,0.218665532
K2As2Pd,24.87096005
KNdS2,0.355643314
Ca(CdSb)2,21.50922498
Nd3SnC,1.067079276
Mg2Pb,4.521150829
Sr2SO,6.647884014
In4SnS8,32.73273592
TeO3,18.33664093
K2O2,1.6399999999999998e-08
RbTcO4,0.082377505
Dy2SeO2,0.168208475
Bi3Se4Br,29.55083986
Ba2TbNbO6,0.336682409
Zr7(NO2)4,1.8208837
Al2Se3,2.374656405
ZnO,7.30633818
YAgO2,0.14108169199999998
Al2HgSe4,15.72489196
NaTaN2,6.156666445
HoBi2BrO4,2.025327227
K2VCuS4,27.04985816
TlN3,4.956020334
Lu6WO2,0.349662226
NbBO4,4.4716611980000005
HoN,21.81689316
AlGa3N4,0.965445403
Th(TeI)2,29.52250183
BaYCuTe3,22.89653043
AlCuO2,4.961317548
Rb2U(Si2O)2,12.18127393
Pd(Se3Br)2,33.25966379
Sr4Li(BN2)3,24.7683667
NaPrSe2,2.445276921
K2AgSb,20.00084035
Li7FeO6,2.7757051610000003
Rb2Te5,22.93754352
YBi2ClO4,2.468116671
PCl3,1.353283896
Li2FeCu(CN)6,0.649657432
Nd2CdS4,8.795089667000001
TbVO4,2.202504742
Te2OsCl2,1.200339695
DyCuSe2,13.07685361
BaIrF6,3.955388672
Nd5CuSe8,21.35862165
RbTmS2,1.35e-08
Rb2SnBr6,18.4323349
MoW2(Se2S)2,12.19334985
Cd2BiAsO6,0.494419561
ZnBiAsO5,0.016234713
CdSe,6.294650216
Rb4In2S5,1.4790196780000002
Al2CO,0.000850562
KNbSe2,29.72590485
Sm3AuO6,16.38844605
MnAlF5,6.59126873
Ba2CaUO6,13.46949615
DySBr,0.749708611
BaAg2GeS4,18.58446935
Sr2ZnMoO6,4.619963417
Sm2CdS4,6.933031045
Cd(InTe2)2,28.94927014
Ba3BiP,5.841769454
Bi2Pb2Se5,31.70582029
Hg3(TeBr)2,6.842104687000001
LiP(HO)2,4.289686219
K2TeI6,18.13579369
TaBi4ClO8,2.7404229360000003
Tl3VO4,8.899079466
K2TeSe3,8.112477906
PrTlTe2,15.50383264
Ca4Sb2S,31.24935253
LiYF4,1.038704282
K6Cu(SiO4)2,33.56061307
TaTeBr9,13.07659554
Th2SeN2,14.65568023
YScO3,1.29e-13
CaTiO3,6.829225867000001
NbAgO3,30.38038595
NaNdSe2,2.108752676
CoP2O7,0.7431055390000001
Rb2S5,8.260212888
SrReN3,11.13197575
Ho3AlN,4.446646093
CdHg4C6S6(Br2N3)2,6.924584863
Ba(MgSb)2,12.85974804
Li2CaHfF8,17.75290298
BaC2,1.96243957
AgN3,4.066062377
NaSmS2,0.340381429
AuI,11.41903722
Li3BiO4,14.48300706
SbF5,18.60529648
NaInSe2,16.06955276
LiErSe2,1.106107187
Cu2PbO2,21.19446129
Li4VTe3O2,30.06520803
LiSO3F,23.8501544
Li4Cu(PO4)2,16.4240411
VInO4,0.7764035579999999
Cd(HO)2,0.031860224
Ca4Sb2O,25.06095874
InAg(PS3)2,19.46003338
TiCoSb,16.11484685
SmBi2BrO4,2.844715159
ZrS2,19.46341714
Li2NbOF5,21.97323632
Na8NO3,20.27796756
KCuSe,28.17807218
MgBi2O5,30.75277407
Ca5P8,23.89729559
Ba2PdF6,32.68908608
InBiO3,0.025992417
BaPdF4,29.68850301
ZnCdSe2,18.92729644
Sr(MgAs)2,9.001845396
MgUO4,26.21351064
Ca6Sn2NF,7.888361257000001
ScClO,0.000324827
CuTe2Cl,12.21071271
SrNb3NO7,20.51909361
GeBi2O5,2.97e-05
TiH2C2(NF)6,4.375405085
Bi4Te7Pb,26.60086193
MgCoF6,2.6105681
TeWSe,7.690912142
KPrTe2,9.839369013999999
CuRhO2,17.60241449
Rb2PdCl4,33.24797753
Li4CO4,14.59399648
Sr2H5Rh,31.5932041
K2NaRhF6,24.91331384
SmBr3,9.44e-05
Rb3SbO3,0.080923382
SmTlS2,3.5186546830000003
ZrSe3,20.53442949
BaCeO3,16.90732045
RbAuBr4,20.75095398
K3Nb3(BO)2,12.4776251
Na2Te,0.293219045
P4S3,5.451650046
Ho2SeO2,0.058316343
BaAg2(HgO2)2,14.45969487
LuSbPt,5.841769454
PPdS,21.26513916
HgBr2,1.964731271
RbNa2Sb,26.27759302
Li2Co3SnO8,0.610418149
CdO,6.673064984
AgCNO,1.323753075
BiSeBr,15.21871046
MoWS4,20.40909086
GaAg(PSe3)2,32.00260703
CdGeO3,0.262517614
SrLuCuS3,22.05553584
K4CdP2,15.615662300000002
I2O5,2.05e-06
ZnSnO2,9.952068078
ErTlTe2,11.97624583
U3H2,22.67138781
K2NaAs,29.12148937
RbH2N,1.78e-15
CrCl3,25.8428542
LiSbPHO5,0.885032722
NaCuO,27.53024847
CdSiP2,22.59357196
Mo2W(SeS2)2,24.24277705
ThSeO,33.92402589
Zn(InSe2)2,17.75931228
Li6Br3N,0.214467308
Ge3As4,24.1251734
K4BeP2,7.553730972999999
RbAuCl4,12.27796699
LuTlTe2,10.09757013
Dy2CdSe4,26.46626521
Li4NCl,0.665483565
NaAgO,25.99746602
SiSnO3,2.17284674
MgTiSiO5,2.112637437
Rb2HgO2,2.886874573
KTlO,4.9277504510000005
HoMoClO4,0.203092465
Cd2As3Br,20.96813508
Li2PdF6,25.87624112
Li2V2SiGe,27.98581715
NaVO3,2.089062001
ThTeO,20.40909108
Li2PbO3,19.61405382
ErVO4,6.229800344
RbLiBr2,2.63172529
Pr3CuSiS7,19.23910568
CS2,1.967788766
ErNiSb,0.522141021
Ca2NCl,2.292838468
RbYTe2,10.62841486
ZrNiBi,8.731556592
Lu2CdS4,15.91309784
InCuSe2,21.35687764
CaMnF6,3.209735449
FeSiW,4.1271768610000015
Zn(GaSe2)2,6.576098152999999
Sb3O4F,0.027964877000000003
KMn(SeO4)2,3.945946582
Na2SO3,24.01227609
Te7Mo6S5,12.8197507
YbGeO3,1.25e-19
RbTbS2,0.008077471
Mg9Cu,1.21181485
RbPt2Se3,32.33809069
BCl(OF2)2,15.81631755
AgAsF6,22.80169418
RbCuC2,13.16606234
Ba3AsP,24.41860632
NdVO4,2.037026301
AlSiTe3,23.32983131
Tb2S3,32.28372022
RbAuF4,10.71605303
VCdAgO4,15.04415662
YbS2,15.52319585
PaTlO3,5.419496106
MgAgAs,5.841769454
CdCu2SnSe4,7.617103042
Sr(ZnP)2,24.44672679
TbBS3,2.376811306
LiTl2InCl6,29.72043237
Ca(NdS2)2,7.420284641
DySbPt,5.841769454
Ba2PrNbO6,0.24377802
PI3,8.159843792
LiMgN,1.332889073
H3AuC2NCl,1.98e-06
Sc3GaC,2.8331358910000004
Al2ZnS4,2.122752161
MgCu(SiO3)2,5.25054182
Sn2OF2,0.003355223
Al2HgSe4,33.49201447
Na2HgO2,4.995333692
K3VCO8,6.911215642
CuBS2,18.68520867
Li4Ca3(SiN3)2,0.949363369
YIO,0.0007136639999999999
PdBr2,16.05007784
CuB(CN)4,3.170545821
SbI3Cl8,19.24845927
HoTlTe2,12.35113732
Ca3UN4,29.35549135
Li3NdAs2,4.155801495
Ag2HgO2,27.58109735
GaBiO3,5.619251337000001
Bi2CO5,6.029644557999999
SbHO3,19.65124757
TlInSe2,31.72533921
Te7Mo4S,24.62412511
Mg2Ti3O8,3.002148998
Rb2SnI6,14.73148696
Al2BiS4,1.690006268
LiN3,16.88141997
NaScS2,4.134811832
LuI3,8.470403266
Mn5CoO2,0.7900548059999999
DyAgTe2,33.97637192
Tl2ZnI4,0.741412338
Tb2Pt2O7,19.35383116
CeHfO4,29.69943606
AlBiBr6,1.160193624
MgGe2WO6,12.58351242
FeP4,19.57157898
Sm2AlNO3,13.14807558
LiBH4,8.549822215
InPF3,33.04258738
Mn3(OF)2,6.109603935
DyNiSb,1.104269394
Rb(SbSe2)2,21.10132968
Zr(MoO4)2,0.666913971
Ti(PS3)2,31.14378059
AcH3,25.15088293
Sr3Ga3N5,6.933031045
K3SbS4,3.531363364
PtS2,18.76194608
TeAsRu,23.24186247
AgBr,1.41e-25
SbO2F,16.51889542
SmPtF7,10.68220023
SbCl4F,14.121997199999996
K2Te2Pt,18.59796614
BaNiO3,27.58376447
KTlO2,16.76857574
NaMgAs,18.10628324
Zr2N2O,15.38253103
Cd(InS2)2,8.876725242000001
K3BrO,2.773065262
Li2SO4,28.97431421
Cu2SnTe3,0.445114434
UO3,16.14307753
Tb3BWO9,2.5e-17
Tl3SbS3,21.11421111
Pr2Sn2O7,1.3e-13
SeCl,2.875546782
TbPbAu,5.841769454
BiSBr,7.772200521
ZnBiO3,22.65623749
RbAuC2,3.208405065
HgPS3,8.83819885
KAs4IO6,3.7e-20
RbPbIO6,9.740872219
PrCuO2,8.648759092999999
KTiPS5,30.62924339
Li5AuO4,10.27601502
Ca3BiP,27.29823543
WSe2,21.28895343
Sr(CuO)2,25.89160412
Nb2Bi2PbO9,4.514485206
ScNbO4,0.293219045
K5CuAs2,29.80717939
BaHgO2,0.096482389
HfTaNO3,4.757765946
LiHoS2,0.441133921
Ca4IrO6,0.8509780990000001
Cu(HO4)2,30.83711109
NaLiCO3,31.9623946
AgAuCl4,32.1680647
Cd(RhO2)2,33.51951269
Au2O3,30.52503599
LiNbTe2WO2,15.71867044
Rb3H5Pt,0.012729191
TmN,19.12216955
Yb(DyS2)2,6.315443419
Te9Mo8S7,32.69314653
CrSiH2(OF)6,3.988079634
AgPbO2,9.574191511
KCaBi,21.24744102
NaPPdS4,29.14877006
Sb2S2O,20.04736393
Dy2S3,32.19649586
Ca3SnH2,13.5782965
K2TaCuSe4,14.03042232
Sc2ZnSe4,31.53538349
Ca(BeAs)2,13.57442338
PbC2(SN)2,0.711112183
AuSCl5,14.37692344
RbAgO,31.9194324
GeS,17.66794262
KHg2S(ClO)3,0.481810838
BaTe,10.00512677
Ba(InTe2)2,24.41465919
Cd(GaTe2)2,13.08864355
Ca3SnS5,29.38532586
Ca3Sb2,25.34968343
MgRhF6,5.841769421
Ba3BiAs,5.841769454
SrAlGeH,20.9850756
Na3PS4,0.965413801
Ba(CuSe)2,33.67547943
TeI2,28.11568193
Sr2InI5,1.461506722
BeCrO4,14.84936917
SeBr,13.396009
MgWF6,2.474197417
SrThBr6,6.415833342999999
KPS3,11.71674746
HgS,13.31593557
BaSe,3.097431316
Sr(CdP)2,30.44339017
Sr3BiP,5.841769454
MgTi2O5,2.452014909
ErSbPd,0.264417538
Ba(BS2)2,0.59900245
KPAuSe3,22.16587302
DyBi2ClO4,2.014016502
ThNiSn,8.181955558
NdSF,15.27892529
K7NbAs4,25.992495
Ca(ClO2)2,6.36e-08
GaAgS2,15.3732572
Li(CO)2,26.32339264
SrHfN2,14.5089068
Cd(InSe2)2,30.46113031
CuBr,10.10364446
RbTeAu,26.71546317
CaTi2S5,31.29438766
CuCClO,3.152449396
BI3,0.434757293
CaP,11.65482979
BeSnAs2,27.65814029
Si3NiP4,23.47064322
P2Se5,28.90234758
K4I2O,7.516811837
IrF3,30.77579297
Sr4P2O,23.59029336
Sc2Ti2O7,2.89e-05
LiAgO2,4.913996028
MoSe2,30.4431685
InBi2S4Cl,13.85062729
Pt(SCl3)2,14.45581841
Rb2VAgSe4,28.64071523
InCuO2,13.55818733
ScCuO2,10.0327696
DyTiClO3,0.780084821
HgI,11.38398421
TbBi5O9,8.177569067
MgTa2O6,2.69e-12
YN,1.056889473
Tm2TeO6,0.129767698
KErTe2,3.218526785
Li2GeO3,0.498960669
Hg2P3Br,28.84030645
Cd2SiO4,7.125440871
Na3Ca2BiO6,8.759270303
LiAlO2,4.086939621
CeH3(CO2)3,2.624732129
Nb(Te2I3)2,29.59193986
Cu2HgI4,18.7523984
GeS2,1.215119019
Rb2TlInCl6,0.38450065
Ac2S3,0.006312741
KSiBiS4,7.377161525
TlF3,3.452967338
KInO2,2.06e-06
PPbSe3,13.93555299
BaYBr5,0.053191873
Ca2Pb,31.62138626
LuMoClO4,0.109000829
BPS4,4.399135857
KHoS2,0.051816290999999993
Li2AlBO4,10.7451233
Ca(CdP)2,27.92058118
Na3AuS2,1.36e-07
NaAuC2,13.93559424
K2LiAlH6,5.320338034
LiInSe2,24.04387584
NaAsS2,20.89327609
As2PbO6,0.470244287
Rb2Pt3S4,27.8739858
YBr3,0.830982326
Rb3BrO,18.60004551
HgCN2,3.132076313
BeC2,15.47684016
YbTe,1.073369174
HgTe,27.60760539
CaBiO3,5.737710002999999
K4Na2FeH3F2,5.779966975
GaCuI4,15.69522846
Li2CdCl4,17.82117257
MgCrO4,10.02273805
LuSF,9.97e-14
InSiTe3,23.32192635
NaLi2Bi,20.33745112
SnPSe3,24.3425896
Ca2Ti3O8,1.953070777
RbPrSe2,2.246265911
As(IF2)3,7.895453292000001
RbGeBiS4,10.44149545
YbMgGe,5.841799611
Tl3VS4,27.20164506
VBiO4,13.48460976
Li2B2S5,28.82470068
CrCo3O8,0.035685777
HoNbO4,3.15e-10
K2Se3,26.07363411
Li6Br3N,0.048110485
RhCl3,29.35572506
LiDyS2,27.10736785
YbCrO4,10.57918734
PS,7.253997985
BaO2,0.428120985
InCuTe2,32.20533535
NbAlO4,1.640457769
BiIO,8.488534794
TlNO2,4.587542235
HgI2,20.81788335
TlSe,13.98864229
TlBSe3,12.90395788
KAgO2,24.91826056
KInBr4,1.8e-15
SbSBr,10.73811612
Ca(PrS2)2,7.422322062999999
Na2Te4MoO2,2.939018809
InCuO2,11.67319517
Mg(ScSe2)2,29.4739725
Na4TiAs2O9,9.94071261
ZnPtF6,12.4776251
KTa(AgSe2)2,23.14035857
BaCeN2,26.27316444
K2S5,8.761375637999999
CaCd3O4,20.81788334
AlI3,0.321676072
TbNiSb,1.490119279
Tb3Si2S8I,3.389115804
CaInBr3,0.208273495
RbLiCl2,1.095935686
CuBiO2,28.79257302
Y2Be2FeSi2,5.841765274
HgHOF,2.884248393
Sc2TeO6,0.094316523
ScBrO,4.02e-06
YHSe,17.06045314
HfMgO3,0.402773152
K2LiBO3,9.33096324
BiB,10.18955046
HoH3,33.36554548
RbNdS2,0.381265831
SrHI,9.84e-05
AuSeCl7,14.91117989
Cd4SF6,1.022293413
CdI2,1.524401581
BaCaI4,1.05e-05
MgGeAs2,30.15451162
Pt(SCl4)2,14.46574197
Sr5(AuO4)2,24.24127051
Rb2VCuS4,27.59918949
SnSe,27.3502274
HoBiPt,5.841769454
BaSe,18.75107804
ZnWO4,2.66e-11
KNa2Bi,31.28090051
ZrBrN,17.75931228
K2B2Se7,7.636457181
ErPbAu,5.547042392000001
LiTmO2,22.31748208
LiCaN,1.95158074
Nd2PbSe4,16.4092889
TiFeTe,14.71130214
Rb2NpO4,19.53832817
Rh2S3,7.940136328999999
In2Se3,14.846092
AlFeF5,16.85118409
Mg2Ta2SnO8,1.569722771
Al2ZnSe4,0.041994681
Ta(TeBr3)2,30.95448914
Nb2Tl5S4Br9,22.34610215
NaBiO3,22.71787797
HfSiRu2,1.934385865
Sc2TiO5,0.662227082
Dy3BWO9,2.49e-17
Ba4NaBi3O2,30.38155462
TiAlFeCo,0.041982586
BaTe,21.58891716
Bi2TeO2,3.745606629
Sr4RhO6,1.67087476
Y2SeO2,0.76346309
VFeH2O5,0.050072461
ErCuS2,19.07277888
AgPS3,18.565068
Li8PbO6,0.986900796
SiGe,33.14163938
Zn(SbO3)2,26.08407518
GaAgSe2,31.49217901
IrCl3,18.65675017
LiHO,9.69e-05
LiGaO2,0.103178375
NaNdS2,5.259959814
Li5CuSO2,9.33096324
Rb2NbAgS4,12.41708815
Na3SbO4,0.35577568600000004
Zn(GaS2)2,0.13988556
KYTe2,9.716607497
TmTlO2,14.99270221
Lu2ZnS4,2.202504742
Mg(SbO3)2,18.85091744
PBr3,3.94e-06
Sm3PbC,1.3862298030000002
Li7Mn(OF)3,4.920744641000001
Sc3InN,2.273278422
W3(SeS2)2,33.72017629
Li2ThN2,3.793455172
Na2Se,0.059139617
TiPN3,28.9933937
K2PaF7,1.07e-05
K8NO3,7.483631889
TaTeCl9,1.178554042
YWN3,27.40843625
K2NbCuSe4,19.80958454
LiCaMgSiN3,2.860000000000001e-05
NdN,22.99923413
BaPdS2,5.781532156
KTcO4,0.308986799
TiZn(GeO3)2,8.57910652
Ba3MgNb2O9,1.115386664
TaTeBr9,13.07007029
InSnBr3,33.461054700000005
CaVF6,7.590000000000002e-19
Ba3PN,16.31940087
AuCl,11.64419035
TaTlPt,29.52057113
RuF6,19.58308736
CuO2F,4.032932724
RbAgO,11.58864631
Rb2Ti(SiO3)3,3.968476545
BaP3,25.06918428
Y3TlC,2.260893965
Li4PbO4,10.68220023
CaGeN2,2.7300000000000003e-12
Na4I2O,0.064595982
KGeCl3,19.40954998
In5AgSe8,31.50780099
SeN,22.10036888
Ga3Os,29.51121159
Al2HgTe4,24.51254573
LiY3WO8,30.6790078
K2Sn(AsS3)2,16.61318272
K2IrF6,2.550778744
LiV(OF)2,22.03273143
HgS,20.53561471
YCuO2,3.054395875
TmSeO3F,2.108761435
InBr3,0.316913307
VBiO4,5.441524812999999
Ba2ZnN2,30.42649182
PdSO4,6.859081151
GaCuO2,16.25957539
KNiIO6,31.28341749
Na2CdSnS4,1.7164088080000002
AgB(CN)4,0.000375586
TlAs,5.841769454
Ca6Ge2O,14.31709165
Ni3Pb,0.405736725
HfPbO3,0.965445403
Er3GaC,0.06469606
Li5SiP3,29.43010795
AsI3,12.96050813
LiYS2,23.05261667
BaHfN2,17.48752411
ZrS3,27.3100393
SbCl(OF3)2,19.24923327
BiBr,29.83942736
As2Ru,16.09411641
Tl2CdTe4,8.449811352000001
Ca3N2,13.69390535
LiNbWO6,5.738919007000001
HgIBr,5.442404354
Rb2Mo3,0.048110485
TlBCl2,31.24649282
TaTl3S4,2.819197332
ZrNiSn,10.41621994
BaLiH3,0.384749018
TcF6,4.15296288
GaP,6.634159181
IF7,13.49509059
SnBrCl,23.89712009
HgF2,0.557552511
ZrSO,33.98150182
Te4Mo3S2,27.29021843
TlGaSe2,33.81743975
LiClO2,7.612769527
BaErCuS3,26.73194052
ZnSnP2,29.38532586
Li6WO6,1.53e-07
Sr(BS2)2,1.003758851
NaNbSe2,23.12734565
SnI4,31.77988399
Ca(SnO2)4,12.47893537
InBrO,0.050125384
KP,24.51453126
ZnGeN2,5.704116032000001
RbAuO,12.38038642
TiSiPd,12.19970098
Sb4Br2O5,0.033920032999999995
HfTiO4,2.679728303
RbNO2,0.694040928
MgTiO3,0.007861146
AgPtO2,8.032284868
MgCl2O,0.000264818
BeGeP2,18.29453227
Ca3PN,31.69240134
Y3CuGeS7,16.71390478
NaTlO2,19.25541084
Na2PdC2,27.31689463
Rb2P3,28.50309502
Nd2SeO2,0.000229041
KAg2PS4,15.09683322
SnBr4,1.138695195
NbTlBr4O,24.53766811
Li3N,2.93298168
NaYb(PS3)2,21.78027247
K2CuBr3,2.596650749
KAgO,11.3462699
VCl3O,19.55273159
PtPbF6,7.896994121
BiSI,12.26908078
NaInO2,2.92e-05
HoSbPt,5.841769454
Li2PdO2,22.08814966
HfBRh3,1.327388067
BaAgP,12.09320983
ErSCl,0.022542824
MoSBr,32.661993800000005
Ba2PCl,26.52905378
RbNdTe4,11.08073472
KLiTe,0.104824895
NaSb(PS3)2,6.975838587999999
CaCdO2,1.751250785
BiSCl,7.297057315
Tl2Au4S3,31.17247754
GeSb4Te7,12.31968343
Cd(AgI2)2,4.73688276
LiAuC2,9.523930242
RbBiF6,1.862604959
CdTeMoO6,0.001990064
Ca3AsP,32.26599483
Ga2TeS2,4.633648086
RbSmS2,0.030126028
K3SbO4,0.44968068
NaDyS2,0.030759925
PbWO4,0.006234882
Er2TeO2,20.21932592
SnSe,20.8199857
Ba2HoNbO6,0.665777639
Rb2NiF6,33.40217565
K2CeSi6O5,16.14419718
Nb2O5,8.163455678
LiMgVO4,7.873780117999999
Ba2TaBiO6,0.8432390190000001
Cr(BH)6,2.623708889
YMoClO4,0.229086917
Sr2H3I,0.631755085
Ca3BiSb,12.79640166
Li3VS4,13.92565771
PBr7,19.611835
TcO3F,3.2213035060000004
BaTe3,27.89126565
SrS3,15.89683144
BaYAgSe3,20.01507847
ZnPS3,0.962902349
CdIBr,1.05948685
Ba3N2,25.04665383
Pd2Cl2O,16.14937496
Pr3Si2S8I,2.465311415
SrSe,0.549506577
LuBi2ClO4,1.3549087780000002
PdCl2,28.86848652
LiDySe2,23.76585748
PbSe,22.49665627
Nd2TeO2,3.161911438
Nd2TeS2,10.50466812
DyN,23.56163454
Na2CrH2F8,5.59723083
Sr3TbRhO6,19.86225893
Ag3AsS3,13.53001237
V5Sb4,0.029977514
Ba(CuS)2,33.25526079
CdGeP2,30.24454377
MgSiAs2,20.89327609
SbPO5,0.462810999
LuBiO3,0.030062079
Rb(CO)2,0.005219209
KRuF6,4.405565064
Rb2PdI6,9.446029373
NaAgO,17.62778514
HgSe,28.30750028
Y2NCl3,1.216797289
SmBi2IO4,2.8290465310000004
TbTlTe2,12.51988925
Y2MgS4,9.645605799
Sr(BeN)2,1.847305797
NaSr3BiO6,7.309406682
Y3InC,2.710190992
Dy2CdS4,19.25255555
CaPdF6,23.8842063
Ti4Bi2O,5.702241495
ZnO,0.034583829
P4S5,4.0728572110000005
Li2YbPb,3.656469948
K2RbBiSe3,4.294939502
ThCN,13.67646263
SBr,7.059389204
Ba2ErNbO6,0.7213591020000001
Sm2Se3,31.69870286
BaAlSiH,21.21528918
PW4Cl,22.64961496
Ca3Bi2,5.841769454
TlAsF6,3.04e-07
SrTiN2,33.63028228
CaHI,3.27e-08
InGeCl3,20.28738541
TcAgO4,26.06974516
PbBrF,6.37e-05
Sr(MgSb)2,11.56708725
Rb3GePSe7,15.72546041
RbPbBr3,8.621192089
CuH2(IN)4,21.34313178
K2GeAs2,25.33342084
AgRhO2,19.69166376
BaZrO3,0.000127435
Ba2Li3TaN4,2.194527706
KSc(MoO4)2,2.14e-06
Mn(Sb2O)2,4.752777185
TlTe3Pt2,0.036004704
Rb3P,22.48081615
HfS2,8.795019401000001
AlSeBr7,2.90907504
Rb2PtI6,32.80357042
LiAlAs2O7,31.45504809
Au(OF3)2,17.81787221
Sr2ZnCu2(SO)2,13.36899791
AsCl2F3,6.19e-09
DyI3,11.21088374
CaCrO4,10.89324885
Ho3SnC,0.46999952
RbLiSe,2.68e-12
BiTeCl,26.46626521
Tl2PdCl4,19.60740227
CuCl,6.7836840910000005
ErCuSe2,13.2891527
Li2VO3F,28.90123950000001
Ca3N2,33.23918825
Sm2SeO2,2.56e-05
RhBr3,30.44632877
Tl4V2O7,15.67720025
DyPbAu,5.841769454
Hg(SbO3)2,7.355981851
PrZnSbO,26.41629245
BaSe3,23.29769007
PrI3,10.99791403
LuTlS2,0.7687772359999999
SbBr3,0.044811504
YBi2BrO4,2.206778958
Cd(GaSe2)2,8.470403266
KVOF4,1.077463838
Yb2S2O,29.69477167
K3NbSe4,20.28738541
SbS2NCl6,19.17681497
Li2CuSb,14.50699641
Zn(GaTe2)2,19.1325277
SrZrO3,7.5e-19
VAgO3,33.07932166
NdZnAsO,30.41733461
NaUBO5,21.82307738
TeO2,12.43216371
SmCuO2,5.342776208
ThNF,2.911399464
Sr4Bi2O,29.06609924
CaS,0.010062976
ScPS4,28.24330684
Te2W3S4,0.79671821
NaLi3(H2N)4,3.240758421
RbBiO2,1.040731048
ZnPbF6,6.393060666
LiNiPO4,2.437261133
KBiO2,2.221528201
Li2Cr2O7,32.25645888
ZnSiP2,22.37771086
RhF3,24.81164236
RbPb2Br5,7.76e-10
ErAgTe2,33.22125487
Cd2P3Br,14.99934961
Rb2NbCuSe4,19.82685683
ErSbPt,5.841769454
Li2BeSiO4,8.840453815
RbIn5S8,10.02175894
Te3Mo2S,11.51767074
V2ZnO6,21.27924331
CdGe2O5,0.936454856
UOF4,12.5377655
ScCuS2,21.93670687
ThSnPt,23.63097333
BaTiO3,5.096002808
MgSnO2,10.36451533
KAgSe,22.15752789
K3CrO4,0.7988972609999999
NbBi3O7,16.99216335
CoH3(CN)6,1.103600713
V2Zn2O7,10.9704957
Pd(PbBr3)2,31.15985752
YVO4,2.515406554
Ba2TiOF6,8.820000000000002e-12
RhF3,10.89323768
TiOF2,0.7681027859999999
AgPO3,1.121279965
AgCSN,0.780084821
K2Fe(CO)4,0.00095573
CaTiSiO5,2.139214824
LiInSe2,17.99128327
VCu3S4,25.58997449
K2PdO2,28.71251115
Sn2OF5,2.492932988
Na2H6PtO6,5.259959814
Nd3Si2S8I,2.543222521
NdCuTeO,13.23327592
BaSiO3,9.287863903
PbCN2,1.619467227
Ba(MgBi)2,32.27398066
HoSF,12.08538577
K2PdCl6,25.47696821
Yb(MgSb)2,11.32972721
TiBe2Pt,6.575766749
Rb3BP2,6.512027635
K3As,28.26415865
NaNbO3,3.636177424
Ca3AsCl3,13.25799933
BaO,8.28e-10
TmSbPt,5.841769454
Pr3SnC,0.200044097
HfSe3,22.528854
Mg(SnO2)4,9.47358549
Si2W,4.065986928
Li2TiF6,33.78991019
K2NiF6,32.47499191
SrC2,0.378669667
CeSiO4,29.82371587
TbAgTe2,33.38011014
AlAuO2,1.21154372
Ca(DyS2)2,6.838821239
TiHgO3,2.666439311
Mn(CO3)2,22.80821207
LiTbO2,3.112997714
K2H4Pd,5.271476874
Sr3SbP,5.841769454
TlCl2,8.44771051
PmH3,11.27583904
Mg2NF,1.63e-08
Ca(ZnSb)2,10.42577232
Na3N,0.7041955879999999
NaAgO2,23.26538384
Li2DyIn,1.612337067
NdSBr,1.4957274980000002
TiBeIr2,0.21076311
TeRhCl,28.59608794
Ag2H2IOF,11.42219912
Co(ReO4)2,0.219412
BaSiC,19.99572601
Li2MgSi,3.639213725
Ca(AlSe2)2,0.00595601
BaWN3,28.92885114
VAg3O4,13.69819427
AgH4WS4N,17.75672233
Ba(GaTe2)2,20.44696673
Li2NiO2,0.34024467700000005
PdSeO4,17.00283093
MgWO4,1.6100000000000002e-08
Sr3PN,33.56147895
Sr4Sb2O,28.45026895
Na2PtS2,15.12653994
SrS2,1.951180851
Ag2PbO2,12.5421994
AgPb2Br5,6.2837340789999985
CaGaGeH,11.27534004
DyTlO2,18.48581638
InClO,6.41e-06
Ba2HfS4,22.87704105
ErVO4,2.343796632
Yb2AsAu,21.71150764
AlP,3.527409871
Th3As4,17.70492441
Ag2HgSI2,17.23541851
Nb3Sb2Te5,29.22735623
Sr3P4,17.05246522
Ba(CdSb)2,7.782733706
K2SrTa2O7,0.010852293999999998
Tm2TiO5,0.6938307229999999
Na2CuP,23.20384724
RbAu(SO4)2,19.62750544
Tm3SnC,4.101123008
YbMgNiH4,13.58903822
TiZn(BiO3)2,8.099637197
AlPO4,13.09498575
H2CO,1.05e-06
BaPbF6,3.73e-16
Ca3SbN,31.84220544
Li3BN2,2.9e-08
Cd(AuF)2,26.08884374
PbIF,4.4716611980000005
Na2PtO2,11.26445687
Li2CaPb,0.089626568
PrBi2BrO4,3.191955881
Ba3SbAs,5.841769454
SiB6,0.083236243
K2NaGaAs2,19.15725674
Nb2MoO8,24.83420197
Ca3AsN,33.47665612
SnPS3,14.34973858
OsCl4,13.39696569
Na3SbSe4,21.70619935
Ca2NF,1.975641427
Ca4Bi2O,25.44345267
AgHgSI,13.46762555
Sr2CdAs2,33.36563777
NaTbSe2,0.448226555
Tl2GeS3,12.4256952
BaTm2O4,1.77e-15
Sr2SnS4,0.8041340790000001
LiScMo3O8,30.42847219
Pr4S3NCl3,0.410624846
GeSe2,8.570863672
ErNbO4,0.000360093
RbAuBr3,11.75583681
BaCuSeF,21.41175064
HgBr,1.807047111
Te(HO)6,3.649876006
KTlCl4,0.65628271
RuS2,27.0750398
Ca2AlBiO5,9.56e-05
Rb2NaSbCl6,0.012326666000000002
HoI3,12.27796699
GeI2,3.342631677
NbIO2,26.61358127
Li3ClO,1.052324834
YbTiO3,4.867489639
KRbO,2.97e-05
Li4CO4,19.04053337
SrMoO4,3.27e-10
HgSeO3,1.4137895930000002
Rb2PtF6,8.564682526
NbI2O,27.18097934
Li2VOF5,3.274502135
RbAuN2,26.486931
NaCuTe,13.92872111
Sr2ZnN2,31.3561336
ZnBi2O5,8.579073595
TiS3,1.402669071
TbNbO4,8.52e-12
Sr2NCl,5.18042974
ErBi2BrO4,1.935117467
SiBi2O5,2.54e-17
LiNbS2,18.23107596
LiTaO3,8.529745187
ClF,0.260086219
CuAsPbO4,24.85470571
W3O8,10.80269431
GaCuS2,31.78969218
Li4VO4F,0.305634699
Ga2Os,18.49386647
TlSbO3,9.419973512
NdBN2,3.240798182
Ca2SnN2,26.95426185
Na2TiO3,0.39191529
Sr2H6Ru,13.44713159
GeSe,5.841769454
Rb2PtSe2,15.26487279
RbCrF6,9.177611912
TeWO6,7.142302047
PmI3,6.803973742
SbCl5,9.331381908
CoBiO4,0.951369633
Ga3Fe,14.90189447
Te6Mo2W,26.93580675
AgAsO2,0.315459915
HCl,4.794618383
AgSb2F2,5.170037652
DySCl,0.088242374
P2Pd,9.203235169
Be2FeW,8.717610347
CaP3,7.310915757999999
MgAs4,32.27610934
KNb(AgSe2)2,29.99909332
Yb(ZnP)2,18.24812638
Zn2PtO4,18.89811562
CaSbAu,0.081082419
TaCuN2,15.19505311
Co3SbO8,0.971152895
Li2Ag3F6,1.838341936
WS2,21.62529348
TmAgTe2,16.38662307
LiSnPO4,27.96682109
Cu2O,14.63745222
ZrC,30.02744173
Cd(GaS2)2,0.549059241
Zr3N4,32.39013077
TiZnF6,0.009438928
NaYSe2,1.932810693
Sr2UNiO6,1.264509687
Sm3NbO7,1.846137602
Na2GeS3,0.13558077300000002
Be4TeO7,10.05509681
TaAgO3,12.90635805
Ca3SbAs,10.42577232
LiNd2HO3,0.000516314
Pr2Ti2S2O5,31.88245859
Rb3BS3,0.009344812
Na3AgO2,8.877417406000001
Sm2PbSe4,15.06922491
Pd(SeCl3)2,33.02088288
Na4HgP2,16.0305301
TbO3,1.162855958
Li4CuF7,5.841769454
Dy2Zr2O7,0.014610884
Rb2O2,2.92e-11
GaSb,18.25443415
K2TiCl6,12.73991264
CaPtF6,7.066310385
Tl2TeBr6,8.160726293
NdTeF,32.11095444
TbBr3,0.059139617
Tl2Sn(AsS3)2,26.40581875
Ti(WO4)2,3.803864427
Ca(PrTe2)2,32.17644049
Li2MnSi3O8,5.036919993
Ga2HgTe4,32.19649586
AlICl6,0.529048245
InI3,6.329522474
Ca2Ge,31.78786885
TbCl,2.106516757
BaAuO2,26.25246711
As2Ir,29.40952677
BiSeI,15.746191
NaCoO2,1.541197448
GaHO2,0.000189778
ErH3,5.8794235289999985
ScN,9.124590753
Hg(BiS2)2,27.3247407
KAuF4,11.96627786
VCuO3,24.68175042
Sm4S3N2,23.28970175
IrI3,29.67853828
K3VO4,9.84e-05
Ba(BeN)2,12.59447793
LuTlO2,16.06535846
Yb4As2O,20.38958983
BiTeIO3,2.41005953
TiF2,0.155545687
Rb3BAs2,11.82503968
MgP4,31.08740884
AlCuTe2,15.123879
Rb2NaRhF6,26.71358622
LiSi2NiO6,3.008077246
TlIO4,15.92152897
TlSbTe2,11.23909739
KHfCuS3,33.12004663
Na2TlBi,19.18953392
SmTlTe2,14.311679500000002
ReAgO4,15.77296768
Te2W3(SeS)2,21.46715444
KLi3PbO4,8.962915813
Al3Te3I,10.59401177
ScTlS2,19.38573936
PrH3,32.11589055
SrCaI4,0.11317057
NaErSe2,0.650781905
LiNbP2O7,4.217038627
Mg(AlSe2)2,18.10628324
Nb2Tl5S4Cl9,23.83814122
Sm3CuSiS7,17.54294346
ZrSnPd,0.017520584
VAgHgO4,23.50136151
K8N3O,3.926381971
SnS,25.51356689
LiVWO6,2.948071742
Te3MoWS,2.513023815
CrCl2,10.91818652
KAcTe2,30.77496962
Yb3PbO,5.841769454
Li4H6Ru,14.73995251
Cu2SnHgSe4,5.841769454
Ta2Te4O,31.06792837
NaLiICl,23.06674011
Ca2Mn(PH2)2,4.485251506
Cu2SO4,28.86107719
Pm2S3,0.854129633
Ca3WO6,2.91e-11
AlInO3,5.85e-15
TlPt2S3,32.74025953
Pr5CuSe8,21.45175632
Sr4S3O,4.1270224189999976
RbAgO2,26.82500799
Fe(HO)2,3.053642458
Cd(AuF4)2,15.68290027
Te3MoWSe,5.84178706
GeRu,0.900223958
PmBr3,0.17796038100000006
RbSnCl3,28.12407924
Ba(CuO)2,30.44641602
LiBeN,4.47e-13
CaSi2SnO6,7.48e-19
V2Zn3O8,5.143842156
AgCNO,1.253990967
NdTeCl,29.32125557
AgN3,4.066869697
WCl4O,8.33589116
As(IF3)2,32.31086103
Mg3BN3,12.08538577
Li8CeO6,13.54057428
In2Te5,26.48874567
K2NbAgS4,13.34235926
ZrSiPd,15.13864061
HfSnPd,2.5161625880000003
Li4UO5,14.38846392
InSb2S4Br,18.27398407
Cd2SiO4,0.933312481
Sr2HgPb,3.930230999
NaSrP,23.23234758
CaPAu,0.268919614
BiPbClO2,2.317315338
LiNdTiO4,22.91492508
CrHgF6,4.395089915
RbAsSe2,13.57510557
ScAgSe2,20.53610345
AsCl5,13.83057207
K3AlTe3,3.653671369
Ta3SeI7,28.70002841
VInPt,0.045657737
CuBiS2,25.71755288
TiSCl6O,10.85499522
Ba2Ti3O8,5.925378152
MgNiF6,27.95971838
Rb3ClO,10.57918723
LiCuS,9.536194367
K3Na(RuO4)2,4.591048565
K2Th(CuS2)2,33.64803057
Sr2SnO4,1.85e-22
RbPbCl3,2.025726412
Sr3BiN,29.68568031
Zr2SN2,11.58078101
Ba2CaIrO6,1.059232268
HgSe,5.841769454
SnO2,26.26035532
NaSnN,10.72644128
SrAgP,22.44768866
TmNiSb,0.30178756
NaRhO2,26.74225555
K2CuP,27.44646551
Ba2ZnAg2(SeO)2,14.02328084
Cd2P3I,13.2182033
NbSbO4,2.22367703
Sn(PS3)2,23.52403302
SbTe2F6,24.61277543
CaCuP,1.096829991
Li3CuF6,2.767073918
AgNO3,3.875719769
AuCS2Cl3,16.02135015
K4ZnAs2,18.04925625
CdHgO2,30.20663286
SrCuAs,7.977644402
Yb(BiTe2)2,29.59429366
BiSeCl,10.88716548
NaCuO,5.841769454
Ca3Zn2(CuP2)2,9.235230608
SmIO,8.86e-07
LiBBr2,21.95766195
Be2NbRh,10.5736507
SrTiSi2O7,0.370921282
RbGeI3,30.43514547
Ba2NCl,20.48407484
TaCu3S4,15.67551863
Mg2ZnAs2,22.13497985
NaNO2,0.02949056
K2PdBr4,30.77914307
Ba2TaBiO6,0.13988556
Na4NpO5,14.24782329
RbNdSe2,1.966134815
SmSF,13.73818556
Ca(CdAs)2,33.83127704
Lu2S3,0.440291063
K2ZnO2,2.97e-05
CdBiS2Br,11.70209197
Li2CaGe,3.680761551
Ga2BiS4,1.768340649
Nd2Ti2S2O5,31.26317089
Te2Mo2W(SeS)2,0.88014221
PrVO4,1.902864605
CaGe2O5,1.07e-16
NaFe(SeO4)2,3.941084433
NaZr2NiF,4.742319953
Zn(PtO2)3,22.66704787
Rb2Ag2GeS4,7.185971355
Ba2SmNbO6,0.632578558
Zn(CoS2)2,11.65774195
PtI3,28.52253731
K3H5Pt,8.39e-10
AlSbO4,8.161994983
GePb3O5,6.021613565
AlTlO2,1.567193344
LiH2N,1.090379507
VO2F,2.276659151
CaNiTe,5.841769454
K2BrCl6F,33.45262131
CdSe,21.70619935
RbCaAs,10.08506974
Hg3As8(S4Br3)2,8.57910652
Cd3AsI3,23.63228879
Na4SnS4,0.7213591020000001
K2P3,30.31815626
SiO2,0.000195351
KAuSe5,32.26103764
KRbS,3.27e-10
TlI3,18.78540818
Mo3(Se2S)2,18.10799591
Ba(MgP)2,12.06327145
BaMn2O8,21.27328623
YbC2,2.4119916740000003
KCu4AsS4,28.98296832
SbSeI,19.45470404
PdSeO3,6.57337293
MgScGa,4.010644315
KPrSiSe4,4.921339113999999
Na2PdF4,33.24733646
Ir2S3,29.29264921
ZrTiO4,5.611780326
MgMnF6,3.053642458
K5Au(IO)2,1.814220781
NaV(OF)2,4.461298004
Ca2AlSbO5,1.7699999999999995e-19
KAgC2,1.220386237
ZrO,0.041377653
HfZnN2,0.949291323
K2Sn2O3,11.10453534
V3Co5O6,3.0945732230000003
NaPaO3,1.3802865009999998
SrCrF6,5.148969973
TeAuI,29.76491683
K4HgP2,14.332222
RbAcTe2,23.01132652
Ca2ZnN2,26.94362153
B2S3,13.65577351
La2MoO6,1.5199999999999998e-07
Bi2SO2,19.61419774
K2PtBr4,20.30161485
Ga2PdI8,32.06477072
LiBi(PdO2)2,26.34915521
HoAgTe2,33.46167299
InTeI,17.40817926
NaSr4(BN2)3,3.81e-13
NdNbO4,1.27e-13
TlInAs2O7,0.32074785
Ca2PI,13.03286407
Na3VO4,4.73e-21
TbN,23.62926687
Ta(TeCl3)2,29.93226008
K2Sn,0.126878965
KNa2Sb,24.44678767
AlWO4,26.17024503
GaTeI7,13.70124006
TaAlO4,3.089605022
Sn3(PO)4,3.44e-14
Ca2IN,2.88634948
RbCuO,19.65212445
CdPbF6,0.001326715
Pd(PbCl3)2,31.80107454
Pb2ClOF,0.121325559
ScSbPt,20.83289016
LuN,15.77295074
K2GeSe3,7.938462747000001
Rb2Pd3S4,28.95864651
VOF3,14.0310579
DyTlTe2,12.641598
Cd(PtO2)3,12.40458005
Ba(CO)4,0.016067315
K2Sn(AuS2)2,6.600757619
Tl2InGaF6,5.789829018
KCdSb,9.478291386
Er2SeO2,0.105022222
HoPtF7,11.62548927
ZrCl,0.385447589
K2SiAs2,17.69161803
TlS,21.04882023
K4P2PdS8,23.13396628
Sb(IF3)2,33.07844703
Ce(WO4)2,32.29485341
Ca(PIr)2,14.91058012
WSCl4,16.26815804
TlAsS2,14.5660119
CaThBr6,6.274198514
Rb2SiAs2,14.20834084
RbBaTaS4,5.442404354
K2PO4,6.82e-06
Pr3SiAgS7,8.760874252
AlBiO3,0.003530706
Sm2Pt2O7,21.84766729
Ga3BN4,1.110995229
NaLi2AsO4,2.610182843
LiCuO,21.77649305
Zn2Cu(AsO4)2,8.224392878
TlAgI2,13.92872111
LiAlSi,3.449709259
TmP5,14.71764089
SbOF,0.420620361
Tb3PbC,2.387656062
NaNbO3,14.60871742
S3(NCl)2,16.37703959
MoW3(SeS3)2,25.6262363
Na6Ge2Se7,9.745321423
KIO3,2.54e-17
CrCdO4,13.25799933
UCO5,12.98993312
NaCuO2,16.67618676
SnSe2,16.99955911
MoWSeS3,23.40105388
KNbS2,21.91616714
K4Na2TeO6,0.002879358
LiSiBO4,8.777678741
YWF5,25.84584741
SiS2,0.067270884
KBH4,0.429513688
YSeCl,8.310198349
LiSiPCO7,19.98479409
TcH4NO4,0.208074209
Pr2TeO2,3.789083279
WSeS,31.67976301
K6Fe2O5,5.352475205
SmTlO3,26.08407518
Na5LiN2,0.72707835
K5CuAs2,29.81243229
TiBi2O5,6.294567197
Ba2CaMoO6,7.04404064
SmH3,10.30706901
RbNO3,1.6399999999999998e-08
ErBiPt,5.841769454
Ho2TeO2,19.97979633
LiHF2,26.31423534
NaErS2,0.003432772
AuClO,29.40120593
SrCdO2,12.53937155
NaAlSe2,2.73e-11
CdSnP2,33.58910881
KMgP,3.568641215
Al2HgS4,3.047595142
SrLi2Ta2O7,11.41578561
Na2CS3,10.5426585
LiZnPS4,0.89504292
AcGaTe2,20.28012122
MnPtF6,4.349373518
AuCN,10.38885015
YI3,3.967981833
Ca(SbO3)2,22.35943633
LuNbO4,0.0006407930000000001
SrS,0.002524453
Sn(WO4)2,6.57e-06
UN2,27.2490838
Nd3CuSiSe7,19.84555915
ScCoTe,20.51539228
KPt2S3,27.73254034
LiBO2,3.724231343
RuO4,9.116385536000001
Ba2CaTeO6,2.93e-11
CdPdF6,24.65161727
Cu2WS4,19.15706638
CaWF6,1.299279393
OsO4,0.8986888940000001
HoBi2ClO4,2.255130416
Li2CO3,27.96194280000001
ErMoClO4,0.255596858
NdBr3,0.108569501
Yb2Nd2O5,15.14030248
TaNO,2.54766322
Ca2Sb,5.841769454
GaTeCl,3.672338357
GaN,3.5419755810000004
Sr3AsN,33.64380253
AlVO4,2.589713892
SmTlO2,14.65568023
PmN,24.35506549
K2O,0.030187972
Cu3N,2.929264219
NaClO2,0.026325448
ZnCu2GeS4,32.10449642
FeSn2(CN)6,0.08833519599999999
KBa4Sb3O,30.44461809
Li5NCl2,6.24015526
KLi2(HO)3,22.81278165
BaO,1.648609468
S5N6,19.0167272
TiHgO3,18.15229
ReTeS,13.39904728
TiZnN2,4.521960582
ScAuO2,2.725816024
Li4CO4,16.72848014
Li2MnSiO5,0.038339769
LiDyS2,30.73819907
ErTlO2,20.12010658
HgMoO4,1.7544895390000002
Sr3P2,28.4223318
KLiICl,28.78739248
AgBiO2,4.749674566
As8S9,16.44979312
AlTlI4,4.96e-13
InN,18.93911164
AgSbS2,22.22155197
BC2N,2.202504742
Sr2ZrO4,0.000351888
SrLiAlF6,2.921369419
Li4CO4,19.31139002
Nd2HgO4,2.181000836
CaCuAs,1.994109304
Hg(IO3)2,2.97e-07
Ba(TeO3)2,10.24090911
H8Pd(NCl3)2,27.14232038
Fe(SiP)4,24.57605233
Er3InN,1.754866115
Ag2HgI4,20.36999697
TlSbF6,0.021494523
InAgTe2,31.69196141
Dy2PbS4,3.907078872
Mg(AlS2)2,3.119240856
Ca(BC)2,14.5893501
PrH2,6.369141777
Na2CrO4,3.770984621
CdSbS2Cl,11.29026049
KSmS2,0.220840125
NbV3,33.8304878
NaTmS2,0.008457373
KAg2AsO4,11.27565623
CdCN2,0.033910706
Si4P4Ru,19.3149996
Rb2GeSe3,13.64166161
NaHoSe2,0.321677531
In2HgTe4,33.9357672
V2O5,19.29934822
Al5CuS8,25.62481407
TbBi2BrO4,2.911749304
NbCu3S4,22.34923946
TmCuSe2,13.56441137
CaZnSe2,3.785618231
Xe(OF)2,5.938086146
Te4Mo(WS)2,5.841769454
Al2Te5,21.93571274
MgC2,1.43152836
ZnSiAs2,25.19983378
TaCl4,28.50845562
BiF5,10.96418082
K2PdF6,24.85113004
MgPdF6,25.35742308
LiSnCl3,21.247136
K2CuSb,25.72536972
Ta3TeI7,26.27051093
TiSiNi,0.066978434
NaAlB4,11.66372919
RbErSe2,0.5075906139999999
Na2Zn3Se4,2.268442507
Y2TiO5,0.5101512229999999
BaYAgTe3,25.49335676
Zn2SnO4,11.79114766
OsC,4.706956615
Li2WS4,6.355933002
Li3VF8,20.04238844
DyTlS2,1.924356903
Rb2TeBr6,8.028791064
ZrCl2,18.8741248
PrBS3,2.700541284
NaTaO3,0.321838024
Sr2IN,7.726134836
Sr3YbRhO6,1.719853311
LiAuO2,22.22843777
CaC2,0.717817183
LiZnP,8.184976675
K2PtS2,11.75212451
Ba2H6Os,7.647153395
K2TcCl6,0.338016153
Nb3O7F,7.440600807
Ni(PS3)2,15.74210202
LiSbTe2WO2,27.81606373
HgPb2(ClO)2,0.789352937
K3Sb,22.80451646
Te2Mo(WS2)2,5.839899797999999
Pr2NCl3,0.034281315
Tb2TeO2,2.32255505
AgBrO4,21.88161158
GaCuO2,15.86599358
LiCoS2,6.015808886
In3NO3,32.59708671
RbPrTe4,11.93893563
CI4,30.43341649
SnPbO3,0.370282504
KTaO3,0.008873998000000001
Na2TlSb,31.15350442
RbAu3Se2,6.978282601
K2SnCl6,0.549059241
MgTiO3,3.116400409
Bi2SO2,19.47611636
ZnSiO3,0.066531306
KYS2,0.123074805
Hg3(ClO)2,33.92391682
Ba(CdP)2,27.9179076
LiZnSb,31.90314253
Te2W3Se4,12.23525806
Rb2TeCl6,2.895113268
BaMg2FeH8,27.46366724
BaPdCl4,28.90486273
As2S3,2.694016679
Pb(SeO3)2,5.733170929
SbIrS,21.0952388
Rb2Sn2O3,12.88064044
Cd(InSe2)2,20.81788335
Ag2CO3,8.029225873
Pr2PbSe4,17.03913095
Rb6Br4O,2.4376695980000003
Zn2GeS4,0.894110973
AlCoF5,5.085040098
GaS,5.969046242999999
Mg2C3,1.917449305
BaO2,1.4074503619999998
NdI3,10.15682457
XeF4,3.52e-14
K2TaAgS4,3.701892855
AgBiSCl2,31.28604229
UPbO4,31.54877761
Na7NbO6,8.37e-10
Li2Fe(P2O)2,5.4966466989999985
NaInTe2,20.94976504
Ca2YSbO5,6.22e-09
SbI3(BrCl3)2,27.12075487
SmNbO4,2.63e-12
NaInS2,1.8695985
HfFeCl6,24.71135251
VAg(PSe3)2,9.745802579
Li2YbSn,1.312569026
Te4Mo(WSe)2,5.825519029
LiNbO3,5.98029288
KMgBi,33.77422412
LiVTe3O2,22.3666756
BiSbO4,1.285329099
Rb2NbAgSe4,19.06629989
Sn2IF3,0.987601376
Sn2IF3,1.020773674
Na4H6Ru,13.05101552
Mg3P2,25.09463909
Ru(CO)4,14.2679483
Tm2S3,0.70648568
Li4MoO5,2.646055305
Tl2SnCl6,1.254457135
CS4,2.681894035
K3WF6,3.079751388
Ta2MoO8,31.41690432
Er3SnC,0.973582041
Ta2O5,0.004169498
Rb2Se3,27.44189612
SnH8(NCl3)2,1.33050317
KAs,30.15451162
UO3,25.57738948
CuI,26.08407518
Ca3ScCoO6,22.12129779
H4NClO2,6.45e-15
PICl6,5.736431566
CaTiGeO5,2.049197828
AgBi(PS3)2,25.17238767
K3Np(H3O4)2,30.3993722
TiCdO3,0.478407266
InTeBr,14.12056818
NaNO,1.5199999999999998e-07
AgClO3,1.88e-18
Na5CuSO2,16.78849322
CdS,12.87591339
TiSiPt,11.41825465
Cl2O,11.14878176
BaCaSi,8.997445227
VBiPbO5,4.786994945
Ta2SnO6,5.509585757000001
SrTeO4,1.035633282
ThSnI6,25.40391384
VNCl4,20.04071292
Na3SbS4,6.575276507000001
Ba2Bi6O,10.20535165
InI,25.99854295
NiPbF6,15.89720663
InN,25.56193631
K(SbSe2)2,19.78302943
In2S3,26.17439288
Ag2SO4,2.296768176
Pr2AlNO3,20.63829916
NaSbCl6,2.787495032
Mo3W(Se3S)2,9.501721516
KAgF4,28.05208352
Ca(MgBi)2,33.8282557
MgPS3,0.038546673
Na3BP2,6.564428027000001
RbSeBr3,10.40174309
CeP3H8O7,5.701852577
Pb(CO2)2,0.10415795
CuAs4S3Cl,22.2315506
BaLiAs,33.90263626
Na5CoSO2,2.568122516
Lu6UO2,17.6801767
UCdO4,18.68229204
TiSnO4,2.6669885680000003
Ba3In2Cl2O5,0.059098058
K2SnCl6,0.069087734
NdCuO2,7.299902463
Rb2TaAgS4,4.3061360330000005
AsSeI,27.81721878
SrGaGeH,23.42425163
Na4Br2O,0.353893807
AlBiSeCl4,2.107534041
CaMoF6,2.286153994
Ho2CF2,15.23580178
Ba3SbP,11.12903443
Li2UO4,15.29038207
K2NaInAs2,23.05694092
Th(CuP)2,7.852316202999999
Mg3ReH7,2.728072802
Te3WO2,16.25596445
AlBi,5.841769454
YAgSe2,6.117700911
Sr2Li2Nb4O3,33.49927642
GePbS3,7.168185122000001
Rb2Zr2O5,0.037189535
SmSnAu,0.042146455
TiZn(BiO3)2,10.94094296
GaS,3.888045567
WCl6,16.20631657
K2RbPdF5,27.02288699
LiSbO2,15.42156909
HfN2,16.73492674
NaMgSb,25.32942223
SrLiNb2O6F,1.7218832169999998
KMgAs,10.20563583
Sr2CaMoO6,6.326566679
KNbO3,6.623954798
Mg2H4Ru,12.1576961
SnGeS3,15.077404
TiSnO3,30.54976148
Li5AgF8,0.5335566829999999
ZnCu2GeSe4,10.98228654
WSe2,31.01585052
Na2H4Pt,0.733674767
KTbS2,0.123639834
NdBi2IO4,3.447506233
ThBr4,1.925611562
ClO3,33.63780456
RbHoSe2,0.489698511
CaH2,0.656224264
TiI4,26.98099743
Mg(AlC)2,0.155803718
NiP2,7.098776799
Ca(MgSb)2,11.4422506
RbErS2,0.003655359
ThSe2,33.83071629
SiHgO3,5.725080745
RbV(CuS2)2,31.01323236
B6O,14.58607437
Na2S,0.003648202
SbOF3,1.137596088
BiBrO,1.465589662
NaSmSe2,0.995712947
KBaP,29.09235819
Tl(NiSe)2,6.185194992
PrSF,15.00269511
Mn2AlCo,0.001912344
RuSe2,17.14110046
ThSbRh,19.77187941
AgTeO3,27.64922168
PdCl2,26.77662377
Yb(ZnAs)2,32.72578739
Ge3N4,5.732970131
K2Se,3.7700000000000006e-23
AsBr3,6.54e-06
TiTl2F6,4.289624246
Ba2Sc2O5,0.56452943
Sr3BiSb,5.841769454
BaSr3O4,0.011159692
Te4Mo2WS2,5.83065166
KLiZnS2,0.006233158000000001
Ga2Te5,32.1165007
SbCl3F2,4.114900684
BaCa3O4,0.480625411
K2BaCdSb2,30.64986765
Sc2CCl2,24.26792436
Co3TeO8,0.543692672
TlV2AgO6,17.12741789
NaAcTe2,32.88729028
LiNbSe2,14.02656861
ZnSnO3,7.5650480039999985
TlMo2Cl7O2,1.79821765
Zn2GeSe4,11.03107313
K2PtBr6,20.37802012
TbCuS2,31.09475824
K2PtCl4,16.63426278
Tb2YbS4,6.674668365
AlCuCl4,2.7689438889999995
In2GaBiS6,6.7686493689999985
LiGaSi,6.581110937
SrTe,33.46818921
Ce2Dy2O7,24.47480126
Rb2LiVS4,27.14232038
TaCuN2,30.41761923
Ca2AgBi,0.217867357
Lu2TeO6,0.219677565
Al2HgO4,9.850152258
InS,11.11187723
PmTlTe2,15.12915936
YNiP,13.88150801
PI2,14.64748158
ZnSnSb2,1.109484457
NdBi2BrO4,2.920415353
RbSc5Te8,18.08926337
Ca2AsAu,15.33674403
BaAgTeF,8.57910652
Rb3SbSe4,17.75931228
Ca3P2,33.46257156
Br2O,15.37015455
Nb2SnO6,20.6068799
ScTlO2,5.16e-15
NdBi2ClO4,4.270035758
HoSbPd,11.1500722
Te7Mo8S9,32.24615017
TlBS3,6.0444173989999985
Rb2TeBr6,8.686611846
ZrZnO3,20.79510012
B4C,17.54104414
Y(BiO2)3,0.6689736270000001
Mo(WSe3)2,32.48059999
ThCl4,1.65364479
Ca2H3Br,2.084189642
Rb2PdC2,14.71745528
Sn2PClO4,0.000265345
MgZrO3,0.31916474100000003
Sr(PrS2)2,6.933031045
SrLi4N2,9.614505817000001
Mg(InTe2)2,33.8806129
Rb2PtCl6,17.74273978
IBr,19.45728089
BaTa2Bi2O9,0.935822852
K3NaCr2O8,2.939018809
Ba3(HIr)2,1.331730408
ThCl4,1.758209836
Li2CeP2,22.78909211
NaTl2MoF6,4.211514329
K3AuSe2,0.8768466640000001
BiI3,7.621036912
Ba3BiSb,8.801460859
YbB6,6.194791311
BaC2,6.684784848
GaBr2,2.67588433
KNO3,3.27e-08
AgPbBrO,21.18629142
RbCu2Br3,4.180440446
