pretty_comp,spillage
TmBRh3,1.4569999999999999
ZnTe,0.256
TmRh,0.081
Nd2SnS5,0.05
Lu(AlC)3,0.044000000000000004
ZrFeP,0.6990000000000001
ScInCu4,0.01
Ga2Se3,0.076
Bi2Te2S,2.104
YBiPd2,0.321
Li3PrSb2,0.456
PdPbO2,0.14300000000000002
HoZn,1.996
TcNiW,0.161
LaS,0.102
ZrPt,0.11
TiP2,0.012
AlPt,1.6119999999999999
InPPd5,0.11
ThSe,0.444
TlPPt5,2.24
LiPm2Rh,0.07200000000000001
HfMgPd2,0.895
TbInAg2,0.527
SnPd3,2.82
HfTe5,0.57
MgGeRh2,0.294
TaAlOs2,0.852
SmTl,0.38
Nd3GaN,0.38
Ba2PdO3,0.057999999999999996
Ca3(SiIr)4,0.958
TiBiRh,0.665
ScB4Os3,0.5429999999999999
Li2CuAs,2.008
TbN,0.044000000000000004
NbTlPt,1.114
LiTm2Co,0.09
Bi3Rh,3.312
GaAg(PSe3)2,0.095
RbAgBr3,0.036000000000000004
NdCuSn,0.309
ZrNbP,0.272
ThAs,0.755
YTlAg2,0.564
Mg3Si8Ir3,0.517
Ti4As3,0.221
Pm3Pb,1.129
ZnCu2SnSe4,1.162
Sr3GaN3,0.011000000000000001
Li2YTl,1.246
AcEr3,0.895
Y3SnC,0.042
PrTeCl,0.045
YOsO3,1.102
BaAl2,0.021
SrGa2,0.018000000000000002
HfZnCu2,0.113
K(InAu2)2,2.208
Sb3Au,1.0090000000000001
DyAl,0.047
ZrAg,0.23
HfS3,0.051
HfNi2Sn,0.052000000000000005
PW4Cl,0.258
Ho(SiPt)2,0.956
ZrB,0.009000000000000001
Ca3BiP,1.271
InAs,0.502
PrSmZn2,0.068
SmAs,0.517
Hf2S,0.514
TmZrOs2,0.47
TbMgRh2,0.07400000000000001
YbTaRu2,0.152
SmGaSb2,0.41100000000000003
FeTe2,0.205
SmErMg2,0.046
Th2Al2C3,0.231
HoGeO3,0.045
DyTe,0.943
Na2CdPb,0.9670000000000001
Yb3Ge5,0.126
Te6MoW3Se2,1.085
BaMg(SnO2)4,0.016
PdC,0.768
TaTi2N3,0.61
Sb3Ir,0.40399999999999997
IrOsW,1.15
KTeAu,2.096
TaSiRh,0.685
Sr2As,0.012
Ti2MnIr,0.428
ScSbPt,0.10099999999999999
YbHfIr2,0.579
NiAsS,0.057
Sc3TlB,0.32
Sr(P3Pt2)2,0.374
Ba2TlZn,0.8190000000000001
ZrScOs2,0.544
TmPd3,0.05
Nd3SnN,0.11900000000000001
TiBe,0.002
ZrCdAu2,0.18899999999999997
TbBi,1.324
TmTaRu2,2.065
Ho3InC,0.226
Sm3InN,0.035
VOsCl,0.452
TiGaFeCo,0.044000000000000004
TmInCu4,0.032
PrDyMg2,0.049
YSbPd2,0.836
Bi2Te2Se,2.1
In5AgTe8,0.307
PrMgNi4,0.17300000000000001
HfBeSi,0.975
BaAu5,0.91
Ca2Sb2O7,0.012
TcB2,0.616
TaIr,2.0709999999999997
YH2,0.002
HoInPd2,0.06
LuGeRu,0.736
TmCu4Ag,0.326
Nd2Te3,1.892
Sc2GaRu,0.027000000000000003
In2Sn2O7,0.013000000000000001
TlTe3Pt2,0.35700000000000004
Al3Pt5,1.455
Lu2In,0.557
Ho3AlN,0.067
ThSnPt,0.16899999999999998
ErAgHg2,0.986
BaYCuBiO5,0.10800000000000001
Ca(CdAs)2,0.048
Nb3Sb,0.5920000000000001
Sc2GaTc,0.025
HoAgPb,1.587
ErAgSe2,0.044000000000000004
LuS,0.8320000000000001
Ni3(PbSe)2,2.239
YZnGe,0.40399999999999997
Pr(PRu)2,0.769
SmN,0.183
Yb2HgPb,1.423
LiPm2Ru,0.46399999999999997
Th(SiPd)2,0.081
PrBiAu2,2.1319999999999997
ZnPd2Au,0.821
ZnCu2GeS4,0.03
ZnCu2SnS4,0.039
Hf2Si,0.14800000000000002
Sb3O7F,0.008
MgSn3,0.397
TbAlAg2,0.08800000000000001
Li3Cu2SbO6,0.023
Yb3DySb3,0.45
ErPaTc2,0.423
PrEr3,0.614
SnS,0.005
LuCdPd2,0.384
MgHg,1.101
TePd3,0.22
Ca2AgBi,0.32899999999999996
AgHgPd2,0.18100000000000002
Bi2Pd3S2,1.954
BaGePt,1.8159999999999998
LuSi3,0.079
LiInSe2,0.025
LiGaPd2,0.722
ScInIr2,0.23800000000000002
Nd3Al,0.865
Y2Ni2O7,0.027999999999999997
ScPPt,0.315
ZrSiSe,0.019
CuSnRh2,0.653
VHgO3,1.597
Pr(FeSi)2,0.27699999999999997
MoWSe3S,0.068
ErAs,0.46
Nb3Sn,2.408
RbAuBr3,0.084
Nd4Sb3,0.847
LuScRu2,0.294
NdAl7Au3,2.1830000000000003
BaPdS2,0.049
K2SrCdSb2,0.094
Tb5NiPb3,1.453
Er3Al3NiGe2,0.124
TaC,0.052000000000000005
Cd3P2,0.031
ZrGeSe,0.028999999999999998
Ta3Al2CoC,1.965
LuMg,1.599
Mg3As2,0.008
RuS2,0.027999999999999997
HgPd2Au,0.81
SmYIn2,0.038
SmSnAu,0.565
SbPdSe,0.09699999999999999
TbGa3Os,1.01
MgB4Os3,1.126
DyS,0.932
ZrCr2,0.34600000000000003
LiCd2Rh,0.455
ZrCuHg2,0.078
AcSbAu2,2.255
DyYZn2,0.602
Tm2HgOs,1.579
TlSb,1.199
Tl2Sn2S3,0.08800000000000001
NdTm3,0.887
Na2LiTa,0.941
AgBi2Se3Cl,0.515
TbAl,0.048
Sc2TcPt,0.239
Ba2N,0.015
HoIn5Rh,0.657
NdAgHg2,1.015
LiGaSi,0.003
Y3Al,0.428
LuTaOs2,0.489
SmMgZn2,0.017
HoGa2,0.027000000000000003
TbLuHg2,0.45399999999999996
ZrS,0.326
Rb2PdBr6,0.049
CaTe,0.094
SrAgP,0.013999999999999999
InAsPt5,2.214
Th3P4,0.419
BaTe2,0.081
PbAu2,0.737
YbIn2,0.41200000000000003
PmZn2Ag,0.75
DyRh3C,0.799
Sc2AlSi2,0.017
Cu2SnS3,0.18899999999999997
TiPt3,1.474
TaCuN2,0.024
CaTmCd2,0.075
Sc2AlOs,0.358
Sm2MgAl,0.713
Ca(As2Rh3)2,0.155
LiAc2Si,0.64
LiGa2Pt,0.581
ScPt,1.916
Ta3Sn,2.358
InSb3,0.858
Ca(PIr)2,0.308
MgNi2Sn,0.021
Yb3GeO,0.8220000000000001
Zn(InS2)2,0.013000000000000001
LuInCu2,0.513
Na2CdSn,3.696
TbAlCu2,0.10300000000000001
CuSe2Cl,0.039
YHoCd2,0.41100000000000003
LiCa2Tl,0.898
VFeSb,0.01
YbPrMg2,1.604
Tm3TlC,0.8220000000000001
Pm2ZnRh,0.07
NaFeAs,0.377
HfCoSb,0.613
Ba2YSb3O8,0.44
NaAgO,1.27
La3InB,0.7340000000000001
HoN,0.027000000000000003
ErNbRu2,0.16699999999999998
Er2ZnCu,0.14300000000000002
Mg2TiSbO6,0.055999999999999994
NaTlO2,0.016
MgSbPt,0.16
Be2Zn,0.002
Y2O3,0.42200000000000004
NaHg2,0.408
ScGaNi2,0.019
Hf3Al3C5,0.221
LuPaTc2,1.827
CdP4,0.004
KZnSb,0.048
YbNbRu2,0.08199999999999999
ZrZn,0.152
SmH3,0.426
LiCa2Rh,0.027999999999999997
Lu2OsPd,1.66
TaGeRh,0.6990000000000001
AgHg3SbO6,0.11599999999999999
Ba5Al5Sn,0.06
ZrNiSn,0.015
GaRh,0.155
LaTiO3,0.474
YPt3C,1.8419999999999999
ZrAlRu2,1.1179999999999999
Rb2HgAu,0.172
Li2PrP2,0.21100000000000002
Dy3TlC,0.804
NaCaTl2,1.218
BaNdCuBO5,0.15
ErPd3,0.046
BaTaS3,0.21600000000000005
AcSnAu2,2.137
Zr3Cd2,0.049
DySnPd2,0.24
Tl2Ge2O7,0.07200000000000001
FeSbS,0.057
CaSmCd2,0.13699999999999998
TmInPd2,0.052000000000000005
LiCaPb,2.141
Ba2AsAu,0.043
AgAuCl4,0.10800000000000001
SmCdAu2,0.7859999999999999
PrSbTe,0.489
SmZnAu2,0.828
DyBi,1.3159999999999998
Ca(CdSb)2,0.22899999999999998
CdSe,0.018000000000000002
ZrTe2,1.248
Te2MoWSe2,0.141
BaGeO3,0.35100000000000003
MgAlPd2,0.019
NbN,0.017
SbTe,1.982
BaBi2O5,0.08800000000000001
Pr(Fe2P)2,0.023
LiPr2Os,0.532
Li2TmTl,1.311
NdZnSn,0.691
P3Pd,0.7140000000000001
LiGa2Pd,0.21600000000000005
Te4Mo3Se2,0.098
Nd3PbC,0.8959999999999999
ErSnPt2,1.2570000000000001
SbTeO3,0.8759999999999999
Al2PdRu,0.051
AgRhO2,0.073
LiSmAu2,0.818
CaCuSb,0.585
BaPd2,0.113
ScBIr3,0.96
YMgCu4,0.023
TlN,1.047
BaSiTc2,0.067
SrCuSb,0.276
YbH3,0.024
LiEr2Os,0.26
CuAuSe4,0.105
YbAs,0.41200000000000003
NaZnSb,0.74
Yb2CdS4,0.8759999999999999
VSiTc2,0.055999999999999994
TaMoN,0.29600000000000004
TaS,0.35
PtPb2,0.6729999999999999
HfSb,0.45299999999999996
TiGeRu2,0.021
HfC,0.11
BaSnHg,2.075
PbAuO2,0.198
LaBi,1.341
LiTb2Ir,0.285
TbPd3,0.044000000000000004
InP3,0.011000000000000001
Ca2Bi,0.15
K2NaInAs2,0.016
Zn(Sn2O3)2,0.038
Sc2AlAg,0.012
CaSnRh2,0.452
NaSr2AlP3,0.013000000000000001
TiPtPb,1.026
Nb3I8,0.21
Ta9(FeS3)2,2.705
TiAlRu2,0.508
TiSiOs2,0.272
Nd(BOs)4,2.355
GaTc2W,0.426
SrTl2,2.1069999999999998
Ho2NiAs2,0.129
TaW3,0.9359999999999999
LiYTl2,0.5579999999999999
Al2IrRh,0.17600000000000002
DyFeSi,0.161
HoNbRu2,1.219
AgO,0.051
Ga2HgTe4,0.113
LiYb2Rh,0.633
LiSbRh2,0.541
AcYbGa2,2.08
Ca3Hg2,0.889
PmBiRh2,0.254
AgBF5,0.08199999999999999
Ba(MgSi)2,0.063
Al(SnO2)2,0.419
Ho6FeBi2,2.964
ScGaCo2,0.027999999999999997
Li2CdGe,0.45399999999999996
NdMgHg2,0.327
CdSnSb2,0.606
Nd2IrPd,0.615
Zr2NiAs2,0.298
CaBiO3,0.068
TmN,0.023
TaP,0.545
ScGa2Ru,0.382
VAuS2,0.061
SiHgO3,0.027000000000000003
BaPt,0.326
YNiBi,0.278
Nb3PbS6,2.06
SmP5,0.068
TmSe,1.032
TbP,0.126
LiCa2Ga,0.284
YbNiH3,0.03
NdSb,0.997
TbMgHg2,0.325
BaAsPd,0.026000000000000002
LaMgHg2,0.494
Li2YbSn,0.758
LiHo2Ga,0.875
LiGa2Ir,0.927
TbPb3,1.41
USnPt,1.801
Mg2Si,0.001
FeSe2,0.038
SrGe2,0.013999999999999999
Ag3Sb,0.555
ThTe3,0.429
TiTc2Mo,0.066
PmAlAg2,0.043
LiScPd2,0.9179999999999999
TmCuPb,0.428
SrAgO3,0.057
GaPt,0.816
Bi2SeO2,2.101
CuAgS,0.032
KSb,0.10800000000000001
Sn5(BIr3)2,0.6659999999999999
Pm2ZnOs,0.36
TmSb,1.08
Zn2Sb3O8,0.012
Sr2YTi2TlO7,0.11199999999999999
LiSm(CuP)2,0.013000000000000001
NbGaNi2,0.033
RuN2,0.447
Dy2ZnOs,0.18899999999999997
MgScAg2,0.087
Li2LaSn,0.87
HfNi3,0.941
Be2Si,0.002
Bi2Te4Pb,2.147
Pm2PtAu,0.752
Zr2CuSb3,0.883
Sb(IF3)2,0.306
HoErAl2,0.055999999999999994
ZrSbPd,0.237
GePd,0.046
HfSb2,1.2830000000000001
Ho2OsRu,0.402
NaInAg2,0.045
Na3In2Au,2.147
NbZn3,0.03
AlSnO3,0.003
Ta4GaSe8,0.391
Pr4As3,0.601
TbAlNi,0.48
PrGaAu2,1.297
Na2AsAu,0.129
Lu2AlOs,0.384
Ag2Te2O7,1.349
Tl5Se2Br,0.315
Dy2IrAu,0.213
Na3Sb,0.055999999999999994
CuIrBr,1.197
Tm2MgIr,1.004
Er2CuPt,0.27399999999999997
AlZnRh2,0.9640000000000001
Ba(ZnP)2,0.09
YPaTc2,0.4370000000000001
SmCd3,0.023
Nd3InN,0.893
Yb2AgBi,0.18600000000000005
W3O8,0.107
ZrCdO3,0.005
Ga2Te3,0.136
Li2Nd2Si3,0.047
Sb2TeSe2,0.24600000000000002
NbS,0.037000000000000005
LiVIr2,2.086
SmTlAg2,0.324
NiAu3,0.6709999999999999
ErCd,1.595
BaAgP,0.02
Ta2Se,1.295
LiTmIn2,0.061
Yb3In,0.155
Tl2PdSe2,0.244
Dy2AgOs,0.242
HfAsRh,0.601
SmSnAu2,0.13699999999999998
Zr2OsRu,0.23
Nd3In,0.467
Ti5Pb5O4,0.17600000000000002
TaGe2,1.093
HfSnPt,1.449
Sr2Ge,0.019
Ta2N,0.825
Dy2CdSe4,0.08199999999999999
Ag7NO6,1.868
Tb(BIr)4,2.231
Sc3BPb,0.149
AlPd,0.039
RbPrTe4,0.171
GeMo3,0.358
BaAg2GeSe4,0.155
Sr3BiP,0.64
Pm2CuPt,0.271
SiTePt,0.47700000000000004
DyN,0.032
TeO3,0.016
Rb4CO4,0.003
HfMgAu2,0.45799999999999996
TePb,0.97
ScTaOs2,0.47100000000000003
TaTe4,0.37799999999999995
SmPa3,1.012
TiSe,0.057
Te4Pt3,0.8740000000000001
SrGaSnH,0.043
Sm2IrPd,0.273
Bi2Os2O7,2.502
PrBi,1.18
Yb2SbAu,2.056
SiBPb,1.1440000000000001
Pm2CuOs,0.47100000000000003
Li2DyIn,1.3980000000000001
Ca(ZnAs)2,0.015
Na2Sn2O3,0.107
NdFeSi,0.297
Na2PtC2,0.10099999999999999
TmHfRu2,0.08
NaTeO3,0.013999999999999999
TcN,0.5379999999999999
Sr2Ni(N3O)2,2.4290000000000003
MgInPd2,0.121
Rb3BrO,0.005
ScN,0.188
TmTc2W,0.34700000000000003
CaCdPb,1.629
Pd3(PbS)2,2.063
SmAl,0.109
Bi2Se3,0.755
Ti3InN,0.856
HoAgSn,0.128
YSi,0.004
V3Sb2,0.449
BaBi3,2.186
Ho3AlC,2.62
MgCuAs,0.185
Sm2CuRu,0.18100000000000002
Hf2TcOs,0.307
ZnAs,0.018000000000000002
BaGaGeH,0.303
CoBiO4,0.109
Ho2CuRh,0.08
AlTc2Pb,0.955
TiSiRu2,0.027000000000000003
NdSb2Pd,0.48200000000000004
Y2NiIr,1.456
TaAlRu2,0.084
DyIn,0.04
CdSnO3,0.003
Pr3SnC,0.052000000000000005
TmP,0.145
YMgZn2,0.004
Zr3(Cu2Ge)2,0.34299999999999997
CaB2,0.002
ErCdCu4,0.384
Zr3Au,1.137
NiSb2,0.669
Sc2CdTc,0.085
ZrCu2Hg,1.192
PrH,0.033
Ta3AlC2,0.653
Tl4SnTe3,2.26
OsS2,0.479
LiPt2,0.821
Ce(Fe2P)2,0.066
SmInRh2,1.37
P2Pd,0.018000000000000002
TiRu,0.034
SrSi2,0.008
PrP,0.78
ErInPd2,0.05
Hg2Pt,0.231
Sr(SnAs)2,0.9990000000000001
CdSnAs2,0.4270000000000001
KCuSe,0.022000000000000002
LuBi3,1.0659999999999998
NbW5Se2,0.305
ScGaCu2,0.017
SrCaSi,0.006999999999999999
CaPb3,2.11
BaBe2Te,0.052000000000000005
Y(BRh)4,0.271
Pr(Re2Si)2,0.628
Tm2GaOs,0.27
KFeTc2,2.51
Pt3PbC,1.1540000000000001
TbPmRh2,0.281
InP2Pb,0.835
YErIn2,0.179
LiHo2Rh,0.08800000000000001
LiTmPt2,1.139
GeSb4Te7,2.075
LiCaSn,2.02
Tm2CuOs,0.225
ZnFePb,1.393
Ba2Ge,0.075
Rb3As,0.038
ErInRh2,0.5720000000000001
SmAgPb,0.87
Pm2SiHg,0.172
ZnNi2Ge,0.026000000000000002
Sr4Bi3,2.291
SiGe,0.004
NaPrHg2,0.57
PaAlTc2,0.597
SrSbPt,0.125
NdIr2,1.8430000000000002
Er2MgTl,0.39
Si2OsRu,1.472
InSiIr,0.379
HoNiBi,0.319
YSbPt,2.7939999999999996
TmSbPd2,0.643
ZrSb2,0.7390000000000001
Ti2AlMo,0.045
LaAs,0.064
Th6CoBr5,0.3
RbAsO3,0.092
Rb3Os2Br9,0.7070000000000001
LiSc2Os,0.22699999999999998
PrIn,0.026000000000000002
Ba(CdAs)2,0.081
HoCd,0.44
V3Sn,0.371
LiBiRh2,0.6920000000000001
WN2,0.387
Li2HgAu,1.923
Ni3SnN,0.516
Dy(CuO2)2,0.507
Te2Ru,0.165
PmSbPd2,2.043
ScSnPt2,0.787
TmCdPd2,1.167
Te2Ir,1.077
Ba3BiP,2.13
Sm(SiRu)2,0.345
RbCu3S2,0.013000000000000001
AlMo3,0.11699999999999999
LiYS2,0.002
SmSbIr,2.13
TaBeO3,0.611
ZnSb,0.11699999999999999
K4CdAs2,0.006999999999999999
LiGePd2,0.094
SrBiB,1.889
KSnSb,0.11
Ti2InCo,0.977
ZrB2,0.038
Ta3Sb,2.205
CaTl2Cd,1.464
HfHgO3,1.196
Lu2BeOs,0.315
Sb2O5,0.011000000000000001
CdGeAs2,0.263
SnAu3,0.368
CaAcZn2,0.813
Zn3(InS3)2,0.057
SnBiO4,0.034
PmGaCu2,0.644
MgBi2O5,0.14400000000000002
Dy2AgRu,0.083
AgBrO4,0.016
Lu2TlHg,0.494
Ni(BMo)2,0.557
LiTm2Ru,0.126
Bi2Pb2Se5,0.8390000000000001
ZrGaAu,0.626
NaLu(Pd3O4)2,0.9159999999999999
Li2PrAl,0.242
NbCrSi,0.429
Ti2TcPt,0.40399999999999997
TaInRu2,0.201
Sc2TcPd,0.441
OsC2,0.214
NbSeI3,0.215
Er3Ni7B2,0.457
RuCl2O,0.41100000000000003
Yb2AgSn,0.109
TaTe5Pt,1.3969999999999998
InAgO2,0.03
ZrFeSe,0.006999999999999999
TmZnRh2,0.456
DyInCu2,0.06
BaLiAs,0.01
GaCuRh2,0.195
Ca3AsP,0.027999999999999997
KAg3Se2,0.145
Ca3In,0.011000000000000001
SrN2,0.002
LiZn2Pt,0.579
Pm2ZnRu,0.08
LiCdAu2,0.087
TaGaOs2,0.8809999999999999
Ag3AsO4,0.06
HoAlAu2,0.191
Pr(SbOs2)2,1.043
LuGa3,0.039
CdC,0.008
AlTlSe2,0.039
PdAu3,1.006
NaSr2Tl,0.807
Cu2GeS3,0.045
Ag3Sn,0.18
DyYCu2,1.828
Rb(TeO3)2,0.051
TbTl3,0.9990000000000001
Er2In,0.218
BaYbCdSb2,0.159
Cd2PbO4,0.062
Lu2ZnIr,0.637
Te2Mo3S4,0.052000000000000005
SmS,0.446
HoInCu2,0.064
BaBiAu,1.4569999999999999
Ca2Sb,0.017
Sr2YTlSn2O7,0.028999999999999998
Pr(CuSi)2,0.013000000000000001
NdTeF,0.049
NaBi2AuO5,0.5770000000000001
Mg2PdAu,0.048
DyNbRu2,0.098
Sc2AlRu,0.055999999999999994
Yb2SeO2,1.21
Tb2SnS5,0.062
CaPmPd2,0.7140000000000001
Ti2Sn,0.015
MgInNi2,0.145
CaSnHg,0.6809999999999999
Na2TlSb,0.17600000000000002
NaAg2,0.028999999999999998
AgBiS2,1.775
Er3AlN,0.086
TmH2,0.022000000000000002
Mg2Pb,1.294
NaAu2,0.369
Li2NdSb2,0.7809999999999999
Li2InRh,0.435
Bi2Ir2O7,2.164
LaBiAu2,2.8710000000000004
NdC2,0.593
Bi2Te3,2.094
CaSi2,0.001
Be2IrPd,1.186
TbTlAg2,0.20600000000000002
Ag2O,0.019
InAsPd5,0.135
Yb(Fe2P)2,0.48700000000000004
Re3F,0.737
Yb2CdHg,0.536
Yb2Pb,1.3019999999999998
SmMgTl,0.9490000000000001
Sr2CdIn,0.29600000000000004
TiGaRu2,0.634
HfSnRh2,0.685
ErNiSb,0.057999999999999996
MgSbPd2,0.064
Li3HoSb2,0.384
KAuBr4,0.172
TmSnRu2,0.95
YbMgSn,0.5720000000000001
Hf2ReIr,0.40700000000000003
Sr2Sb,0.032
Ba(ZnAs)2,0.326
CaSn3,0.21
Al2W,1.147
BaCa(AgO2)4,0.29
NdBRh3,1.903
TlCuCl3,0.022000000000000002
BaBiO3,0.076
SrP3,0.004
TaTe4Ir,3.318
Ga3Fe,0.021
K2NiAs2,0.439
Y2ZnSe4,0.077
ScGaRh2,0.031
Ta2TcW,0.532
Tl6TeO2,2.089
Ca(MgBi)2,2.072
SrPb3,2.229
As4C3,0.77
In2AgSe4,0.667
YbBiPd,0.322
SnPt3C,1.479
Nb3Pt,1.739
Nd(NiBi)2,0.9840000000000001
Nd2Cd2O5,0.016
NdTe2,0.371
Ta2InC,0.626
TiPd2,0.040999999999999995
SrMgSi,0.044000000000000004
ScSbRu2,0.32799999999999996
WBr6,0.05
YPbAu,2.052
Sm2AgRu,0.087
PmInAg2,0.172
LiDy2Tc,0.374
SmZn2Ag,0.8079999999999999
PrAl2,0.5329999999999999
CuAsSe2,0.024
Rb6AlSb3,0.08
LiLu2Os,0.287
Bi4Te3,3.432
AcAgHg2,0.585
LuP,0.406
HfSiRh,0.34299999999999997
Pm2SiPd,0.29100000000000004
Sc2ZnSe4,2.01
TmNiSb,0.06
Sc3InC,0.273
GaTe,0.12
La2ZnAg,0.86
Ta3B2,2.2
GaAuO2,0.18100000000000002
PmCd3,0.027000000000000003
LuPaOs2,1.429
Mn2AlRe,0.115
LaBiPt,1.463
SmTh3,0.9670000000000001
AgPb3,2.376
ZnSnSb2,0.569
HoTaRu2,2.121
Li2AlRh,0.552
Pm2MgTl,0.172
Mo2W(Se2S)2,0.048
ScTc2Mo,0.165
BaTi2As2O,0.425
SmB2,0.008
HfZnIr2,0.292
ThSbTe,0.8440000000000001
SmPbAu2,0.9359999999999999
HoP,0.136
NbAlFe2,0.018000000000000002
Y5Ge3,0.036000000000000004
Sr3PbO,2.115
BaCuSb,0.45899999999999996
CaMgHg2,0.872
Sc2CuAu,0.706
YInAu2,0.747
YbPmPt2,1.402
LaAs,0.069
TlPPd5,0.392
TeMoSe,0.10800000000000001
YTlCd,0.986
LiZnAu2,2.044
ScPt3C,1.224
Pr4Sb3,0.8190000000000001
Tm2InOs,0.305
LuPb3,1.386
LuMgCd2,0.043
TiAlOs2,0.589
Sm2Se3,0.087
TiS2,0.02
SmSnPd2,0.659
Tm2ZnTc,0.247
Bi2Te5Pb2,2.194
BeSbAs2,1.7519999999999998
BaSi2,0.028999999999999998
YInRh2,0.42200000000000004
KCdAs,0.037000000000000005
Dy2PdRu,0.185
RhF3,0.092
SnP7Au3,0.321
HoCdPd2,0.7859999999999999
Yb2AgRh,0.268
LiDyTl2,0.675
TmHfIr2,0.4
Pr(AlZn)2,0.035
Ti2AlRe,0.10800000000000001
BaPPt,1.203
Li4SbS4,0.017
Sc2ZnOs,0.215
Pd3Pb,2.051
Ta3SeI7,0.38
Mg3Nb6O,0.012
NdAg,0.016
Ag3O,0.027999999999999997
LiLu2Ir,0.503
YbMgHg2,0.8540000000000001
HfSbRu,0.429
HfAlPd2,0.19699999999999998
ZnBi2O5,0.166
Tm2CdIn,0.8909999999999999
LiAl2Pt,0.29600000000000004
TbInAu2,0.441
AgPtO2,0.19699999999999998
ZrSbRu,1.093
AgF2,1.9769999999999999
AcAg2Sn,0.18
Ba(PPd)2,2.0069999999999997
BiI,1.275
Mg2AgRh,0.11199999999999999
ScNbOs2,0.273
Ho2Ge2Os,0.617
Ba3PN,1.155
Lu2AgRu,0.10300000000000001
TiSnPd,0.011000000000000001
NdB6,0.027999999999999997
PmCdPt2,1.716
GaRu,0.065
MgSc2In,0.006
Na8SnSb4,0.28
MgPd,0.057999999999999996
Ge2Te5As2,0.242
RbFe2S3,0.873
ScInCu2,0.021
Yb2SnHg,2.051
Dy2CuOs,0.203
LiNdGe,0.72
ZrGeTe,0.937
Ge3As4,0.023
ScNiSb,0.024
SmAg2Hg,0.8690000000000001
NdMgTl2,0.365
Ca3Tl,0.11199999999999999
DyTaRu2,1.8130000000000002
ErS,0.85
PmZnAu2,0.8340000000000001
Al2Bi2O7,1.568
ScNi2Sn,0.021
NiAsSe,0.047
DyP,0.132
LaNiSb,0.14
NbSe2,0.385
LiAl2Pd,0.022000000000000002
CaNiTe,0.44799999999999995
Th(AlC)4,0.044000000000000004
YbRh,0.064
GeSe,0.078
ErZnRh2,0.475
NdSnRh,0.495
CdCu2GeSe4,0.363
IrC2,1.061
LiBiF5,0.027000000000000003
NbAs2,0.371
PbSe2,0.243
HfSe3,0.172
InCuPt2,2.146
CaDyHg2,0.35700000000000004
CaCuAs,0.012
Sc6Te2Os,0.55
BaAlGe,0.009000000000000001
AcGaTe2,0.11699999999999999
K3Cd,0.04
Ho5Ni2Sb,0.733
NaAcHg2,0.488
LaInCu2,0.757
TaNi2,0.073
PrNdZn2,2.0140000000000002
Zr3Cu,0.131
SrAgAs,0.13
YAs,0.452
Ho2CuRu,0.083
ZrO,0.005
PmMg,0.023
NdInCu2,0.348
LiYb2Tl,0.917
LiMg2Ga,0.659
Sr3BiAs,0.6990000000000001
TiIN,0.174
Li2PmGa,0.431
Ta2CS2,0.51
InP,0.023
SmMgAg2,0.036000000000000004
TbInCu4,0.027000000000000003
Ba2YTlNi2O7,0.377
YMgAg2,0.168
Tm(AlC)3,0.038
Re3Pd,1.7530000000000001
Sr(CdAs)2,0.071
B2W,0.284
KAg2SbS4,0.013999999999999999
ZrCu5,0.092
Dy2ZnGa,0.055999999999999994
Nd2Zr2O7,0.086
AsRh2,0.155
Ca3Hg,1.841
Ca(SbO2)4,0.015
Rb3Ag,0.006
CdHgO2,0.23600000000000002
YZn,0.015
Er2ZnOs,0.18600000000000005
RbZn4P3,0.003
ErInAu2,0.7140000000000001
Zr6CI2,0.158
Hf2Ga,0.16899999999999998
Lu(SiOs)2,1.1
Ta3N5,0.10800000000000001
PPdSe,0.07400000000000001
Ag5SbS4,0.051
ErGeAu,0.261
Er2ZnIn,0.46399999999999997
Sm2MgGe2,0.064
In5AgS8,0.024
Sn(BiTe2)2,2.162
MgInAg2,0.063
CdGeP2,0.006
Ca2TlPb,1.087
ZrNiBi,0.603
BaMgOs2,1.416
Sc2NiIr,0.722
Ni3Sb,0.062
HfCoSn,0.35100000000000003
LiCdPd2,0.034
CuHgSBr,0.085
Ba(SbRu2)2,0.552
YGeAu,0.41100000000000003
TmCdHg2,0.239
LiTmAu2,1.328
LiPb,2.031
NbInPt,0.89
Tm2OsPd,0.563
InGaTe2,0.43
SmMgPt,0.5720000000000001
Sr2PdO3,0.032
Ti4CoBi2,0.738
Th(GeOs)2,2.194
NaPrAu2,0.551
NbGeAs,0.273
AlCuAu2,0.337
LiCa2In,0.65
YMgZn,0.081
Rb2PdI6,1.355
YP5,0.003
YbSb,1.024
PmCdAg2,0.7809999999999999
PaC,0.426
Te2Mo(WSe2)2,0.1
Sr(GaTe2)2,0.08199999999999999
BiTe,1.2990000000000002
Ba(SnO2)4,0.033
TaRu3C,0.327
AgBi3S5,0.491
TmLuTl2,0.485
SbIr,0.484
CaPd3C,0.672
Ga2HgO4,0.038
YHoZn2,1.597
NdP5,0.053
HfBe2,0.064
TaTc,0.257
TbC2,0.297
YBPd3,0.096
TmInRh2,0.41100000000000003
YbErPd2,0.868
Sr(ZnSb)2,1.3259999999999998
ZrInNi2,0.027000000000000003
FeSiGe,0.026000000000000002
Sm2MgRu,0.486
NaLiPt,0.515
Ho2AlZn,0.085
Cu2GeS4,0.445
TaSiAs,1.137
DySbPt,1.4169999999999998
RbAgCl3,0.019
LiCd2Pd,0.17300000000000001
PrS3,0.265
Sc6Al6Ir7,1.037
YbPrCd2,0.45899999999999996
YAg,0.006999999999999999
Mg2TaNb2O8,0.051
RhI2,0.2
Zr3O,1.05
Sr6Sn2NF,0.899
TiPt,0.5710000000000001
SrSn,0.055999999999999994
AcPbAu2,1.8259999999999998
BMo2,0.521
Ba(NiP2)2,0.019
SmBiPd2,0.223
LiAl2Ir,0.662
BaSiC,0.006
Tl2O,0.096
Er2ZnTc,0.16899999999999998
YTmMg2,0.337
PdO2,0.03
TlSe,0.106
Sc2TlAg,0.071
YbCuBi,2.345
LiLa2Al,1.578
Y2RuRh,0.14800000000000002
Pr2CBr,0.45
TiGaNi,0.44
BaP3,0.01
Y4Sb3,0.615
NdAl,0.332
ScBRh3,0.43799999999999994
InSe,0.04
Er2TlAg,0.405
CeC,0.27899999999999997
RuOF4,0.099
P2Ir,0.17
Sr(ZnAs)2,0.016
HoPb3,1.376
Dy2IrRu,0.22399999999999998
Zr2SbP,0.71
ZnPPd5,0.21100000000000002
PIr2,0.534
ZnCu2SnSe4,1.162
HoZn(BiO3)2,0.179
DyZnRh2,0.091
K4ZnAs2,0.004
Ca3BiSb,0.643
NbI2O,0.064
Ba3SiO,0.026000000000000002
ZrNiGe,0.159
Hf2Al3C4,0.188
HoThTc2,1.1179999999999999
Yb2Sn,0.179
Nb3S4,0.434
NbSbRu,0.016
TlCdRh2,0.518
LiTm2Ir,0.28600000000000003
P3Rh,0.03
HgBi3,1.409
InBi,1.7409999999999999
Sr3Sb2,0.425
ScAlPd2,1.236
Ca2AsAu,0.391
K5As2Au,0.102
MgNi2Sb,0.11199999999999999
PrPt3,0.4970000000000001
Y2C3,0.607
NdP,0.792
MoWO6,0.040999999999999995
Mo3W(Se3S)2,1.025
LiLu2Al,0.131
LiYb2Ir,1.225
ThI2,1.194
LiBiPd2,0.127
Hf2SnC,0.846
Sm(NiBi)2,1.013
MgPdAu2,0.9259999999999999
ScAu,0.62
LiCaRh,0.13
DyAl7Au3,2.3369999999999997
YMgHg2,0.312
NaOsSe2,2.0909999999999997
DyB4,0.08199999999999999
BaSiB,0.015
Yb2Nd2O5,0.054000000000000006
Te2AuI,0.48700000000000004
SmDyMg2,0.055
ErCdPd2,0.993
NaAcAu2,0.872
TbCoSi,0.11699999999999999
CaVBiO6,0.06
Li7Pb2,2.122
PmN,0.21899999999999997
BeRu2W,1.023
SmTmRh2,0.196
KCdSb,0.602
SnP3,0.21
LiScTl2,0.402
SmMgAu2,1.026
SmTmRu2,0.11800000000000001
NdPd3S4,0.36
NiTe2,0.264
NbTeI3,0.3
InSiPt5,0.9390000000000001
LiSm2Os,0.28
KTl2Bi,0.972
ScRu3C,0.087
NbOsPb,0.371
MgPb3,1.021
Ta5As4,0.797
Li2Ca,0.171
TiBeIr2,1.151
Th(SiPt)2,0.418
Lu2CuPt,0.253
TaZnOs2,0.743
PmHoMg2,0.044000000000000004
PrOs2,3.1489999999999996
LiCuPd2,0.5760000000000001
BePd,0.016
MgTaRh2,0.802
LiYb2Pd,0.253
BaHg,0.11
SrLiGe2,0.17600000000000002
TiAlAu2,0.568
PmAlAu2,0.509
Na3Sr3GaP4,0.011000000000000001
Rb2SnI6,1.625
Y2MgRu,0.09
CuMoO4,0.12
Yb(FeSi)2,0.439
Li2TlPt,2.134
KHgF3,0.044000000000000004
Nd3PbN,1.9509999999999998
YMgNi4,0.094
LiVRh2,0.253
LiPdAu2,0.7929999999999999
KZnAs,0.017
Bi2SeO2,0.121
HfSiRu2,0.052000000000000005
Pa3Sb,1.463
NdHoIn2,0.062
Dy4Sb3,0.639
CoSb,0.161
Tm2TlAg,0.474
GaAsPd5,0.157
ZnSnO3,0.975
GePt2,1.1440000000000001
AlCuPt2,0.599
Li2AcSn,1.002
TmB4,1.901
DyBiPt,1.534
NdN,0.40399999999999997
PrRh2,0.608
Ba(SbO2)4,0.021
TlCrTe2,1.236
Te2I,0.758
Dy3SnC,0.14300000000000002
NaAlGe,0.294
PrSbPd,0.33399999999999996
Zn2SnSbO6,0.013000000000000001
Li2MgPb,2.004
SrAsPt,0.698
Pr4Bi3,2.157
Ag2GeS3,0.012
LiDy2Br5,0.113
TlBiTe2,2.04
Tb6FeBi2,2.4459999999999997
Ag3Rh,0.672
MgNiSb,0.128
Er3GaC,1.307
PrBPd3,0.272
Ac2ZnGa,2.121
ZrInCu2,0.009000000000000001
NdS2,0.364
DyCuSn,0.086
Ag(TeMo)6,0.242
Zn2AgSbO6,0.038
Ba(ZnSb)2,1.964
ZrNi4Sn,1.767
Te2Mo2WSe4,0.08199999999999999
Ca3Pb,1.3419999999999999
Sr2LiIn,0.625
Sm(NiGe)2,0.045
LiSnRh2,0.924
H2Se,0.408
Li2AgHg,0.723
Te2Mo2W(SeS)2,0.07400000000000001
TmSbPt,0.621
Tm2BeOs,0.379
TiGaIr2,0.493
HfTc,0.113
MgTa2N3,2.165
NaPmHg2,0.725
MgTaOs2,0.585
Cu2PbO2,0.156
Ho2TlAg,0.7020000000000001
NaCd3,0.025
Cd3As2,0.8540000000000001
YbCdPd2,0.68
TmCu,0.293
SrBiAu,1.29
LiTm2Rh,0.13
LaB2Ru3,0.359
SnPd,0.087
AgAsSe2,0.032
NdBi,1.334
ThRu,0.7709999999999999
BiAs2Os,1.8780000000000001
Ga2BiAs,2.146
Ba3SbAs,0.5770000000000001
Li2YbSi,0.109
Yb2CuIr,1.3630000000000002
PrPPd,0.05
Sr(AlSi)2,0.017
LiSc2Ir,0.209
LuAgPb,2.153
Ca3PbO,1.6869999999999998
NdS,0.5870000000000001
Pm2InAg,0.779
YbSmPt2,1.469
HgSe,0.539
Ti2AlTc,0.015
Nd2MgIn,0.24100000000000002
ZrPd,0.012
LiY2Pt,0.366
SrCaGe,0.011000000000000001
Sc5Pb3,1.1179999999999999
ErZrSb,0.485
TaZnRu2,0.387
Pm2ZnIr,0.389
Ta3TeI7,0.40700000000000003
AcN,0.174
LiHo2Ru,0.166
RbCuBr3,0.032
RbSb2,0.059000000000000004
LiPaRu2,0.293
PmHgRh2,1.6280000000000001
TiSb2,0.2
Nb3B2,0.188
ScSbPd,0.031
NbGaFe2,0.024
BaYCuSnO5,0.013999999999999999
BeGaRh2,0.74
YBRh3,0.17600000000000002
Li3DySb2,0.39299999999999996
Sm4Bi3,2.362
As2Os,0.368
SrGaGeH,0.013999999999999999
Nb2AsC,0.079
NdAl2,0.517
LuPPt,0.376
YAgHg2,1.022
ScBPd3,0.9690000000000001
Sr2Pb,0.723
Ce2Cu(NO)2,0.462
Hf3(Cu2Si)2,0.65
BaGaSiH,0.006999999999999999
Cd2PdRh,0.596
BaHg2Pb,2.286
TbSmIr2,2.105
PdSe,0.12
CaThRh2,0.8109999999999999
HfBe5,0.071
RbCu4S3,0.217
CaInHg2,2.591
Al2Sb2O7,0.013999999999999999
ZrC,0.006999999999999999
PaNi2Sb,0.371
Yb(ZnAs)2,0.067
TbYbHg2,0.522
LiAs,0.022000000000000002
HoPd3,0.045
GaAs,0.057999999999999996
AcCdRh2,0.48700000000000004
TlSiPt5,1.005
DyAgPb,1.65
NbSi2,0.022000000000000002
Ba2ZnCd,0.14400000000000002
Sb2Te2Se,0.706
HfInRh2,0.154
LiMgSbPd,0.6990000000000001
LiTi2O4,0.431
Sc2PdRu,0.201
BaPt2,1.341
SmAg2Sn,0.032
NbCr3,0.045
Li3SmBi2,0.7559999999999999
SiPt,0.332
Er3TlC,0.68
Sc2IrRu,0.233
ErNi2,3.995
Yb(NiGe)2,0.36
Tm2OsRu,0.41700000000000004
Sc3PbC,0.158
ScZn2Ag,0.193
YAgSe2,0.016
LiAsRh2,0.475
HgN,0.635
CaPrAg2,0.065
Cs2PdI6,2.888
Ta5Si3,2.375
ScCdAg2,0.67
NdTlCd,0.85
ZrSnPd,0.015
Li2InAg,0.057999999999999996
SmHoRu2,0.099
NbInS2,0.03
Yb(SbTe2)2,0.235
LuSbPt,0.745
Ac2IrPd,1.21
Li2InAu,0.5710000000000001
LiHo2Os,0.301
In2Bi,2.177
LiGeAu2,0.10400000000000001
Lu(SiPd)2,0.188
HoHg2,1.138
Cu2HgI4,0.198
ErCu,0.27399999999999997
ZrInAu,0.05
HoSe,0.996
SmMgGa,0.871
Sm2O3,0.789
Er(SiPd)2,0.067
NdBiPd,0.47
Te2Mo(WSe2)3,0.127
Sc2RuPt,2.029
Rb3AuO,0.019
YbInCu4,0.20800000000000002
Li2SbPd,0.048
YbGaPd2,0.815
Yb2TlCd,0.9229999999999999
Ba(AgTe)2,0.162
ReSnGe,0.53
LuSnRu2,0.6759999999999999
BeTcSe,0.983
HfI3,0.628
CdSbAu,0.53
Cu2Se,0.025
Er2MgIn,0.062
CrWO6,0.08900000000000001
InSiTe3,0.179
HoAs,0.599
TbSb,1.129
Pb2ClO2,0.057
RbAu5,0.22899999999999998
ZrAgB,0.064
SmZn2Cd,0.013999999999999999
SbS2,0.42
TlIn5Se7,0.10800000000000001
Li2GaAu,0.65
TlBiSe2,2.036
ZrAlRh2,0.768
SmMg2Ag,0.841
TiAlPd2,0.054000000000000006
TmPa3,1.34
Re3Sb,0.925
Ac2CdSn,0.239
Te4Mo2WS2,1.109
BaSb3,0.22399999999999998
SmAs3,0.065
Li2GaSb,2.004
Ti2RePd,2.218
Er2PdRu,0.531
Au7I,0.24100000000000002
Ga2RuRh,0.077
Pm2ZnGa,0.12300000000000001
TiInNi2,0.018000000000000002
ErBiPt,1.3019999999999998
Re3As7,2.233
YbCd3,0.6859999999999999
SiPd,0.038
Nd(Fe2P)2,0.023
In3AsSe3,0.309
Nd2(Zn2Ge)3,0.03
BiBr,1.179
Zr2SnC,0.177
SmMgHg2,0.243
BaCa(SbO2)4,0.026000000000000002
HfVSi,1.093
SrPd3O4,0.9109999999999999
Sc2TlTc,0.273
ThTeO,1.835
NdDy3,0.799
Ag2H3IO6,0.019
SmBiAu2,2.129
Nb3Ru,0.094
Si3W,2.147
UB2,0.547
Y3AlC,0.145
YRhW2,2.112
NaHgPd2,0.125
P3Ir,0.16699999999999998
SrS2,0.003
TiAlRh2,0.094
YbBiAu,0.8909999999999999
Hf3Sb,0.447
YbBPd3,0.684
Li2MgIn,0.042
TlBi2,2.048
Na3Rh,0.33899999999999997
Bi2TeO2,0.183
HfSiS,0.41200000000000003
Y3Sb4Au3,0.292
PrAgSn,0.435
AuSe,0.09300000000000001
SnBi3,2.23
Dy2S3,0.114
YAs,0.366
Y(Sn3Ru2)2,0.898
Tm2ZnRu,0.474
ErP,0.14300000000000002
LiMgTl2,2.119
LiSc2Ru,0.031
HfNiPb,0.08800000000000001
CaLaHg2,0.307
SrZrN2,0.003
Sr2PtAu,1.213
CeCo2,0.294
MgPt3,2.193
ScB4Ir3,0.8270000000000001
TeWSe,0.08900000000000001
TaZn2CuO6,0.081
LiPm2Al,0.064
ZrSiS,0.046
Mg2AgIr,0.983
NaSb,0.13
ErAgSn,0.138
DyBiPd,0.82
SrCuBi,2.608
BeAlIr2,0.73
LiAlRh2,1.311
Na2Ti2As2O,0.425
BaCuBi,2.265
PrPb3,1.339
LiTaRh2,0.10099999999999999
TmBiPd2,0.255
ZnCu2GeS4,0.03
Ta2H,2.0
ThH2,1.218
Te4Mo2WSe2,0.114
LiSnPd2,0.075
HfPd,0.153
LiY2Os,0.268
Be2RuAu,0.78
YbPrRh2,0.19
HfGeSe,0.29
PrB6,0.026000000000000002
TmInNi4,1.3519999999999999
Lu2TcPd,0.446
Pm2MgAl,0.68
TbAl7Au3,2.214
Sc5Ge3,0.4320000000000001
SrCaPb,0.47
Ca2TiSbO6,0.009000000000000001
BPbO3,1.5919999999999999
HfGeTe,0.365
NaH2Pd3,0.7190000000000001
ZrSb,0.094
TaOsPb,0.207
Yb(AlGe)2,0.6409999999999999
TiAsRh,0.19
Pr3(BN2)2,0.027999999999999997
Li2SmIn,1.153
AgAsO3,0.024
Sr(GaAs)2,0.034
CrAgO4,0.012
Ba4Bi3,2.8310000000000004
LiBi,0.595
SmErRu2,0.122
RuSe2,0.054000000000000006
Bi2B2O7,0.12300000000000001
InAs,0.16
Ag3PSe4,0.049
LiTmRh2,0.05
Li(BiO2)3,0.405
PdPb2,1.068
SmRh3C,0.713
YbZn,0.106
BaZrSe3,0.043
MgZrPd2,0.153
Ca(YbS2)2,0.579
TaGaFe2,0.098
SrTl,0.335
SmSb,1.169
Sm2AlCd,0.141
UNi5,1.311
Sc2BeTc,0.044000000000000004
SnIrSe2,1.2830000000000001
Hg3Ir,0.395
Sc6Te2Rh,0.647
V3Pd,0.708
YbSnAu2,0.9
Ho2CdSe4,0.086
ZrCdRh2,0.14800000000000002
SmPt3,1.254
AgPbBrO,0.076
Ti3AlN,0.385
SrPb,0.395
InCuTe2,0.541
ZnNiSb,0.031
NbI2O,0.064
TlGaTe2,0.134
BaCd,0.013000000000000001
CaSbO3,0.015
LiZnSb,0.073
Ba2YSn3O8,0.034
Cu2SiSe3,0.042
DyGeAu,0.35100000000000003
LaCdAg2,0.642
Y5Si3,0.10300000000000001
TiVRe2,2.062
Ca2MgIn,0.021
SmTe,0.61
LiIn2Ru,0.049
Hg(BiO3)2,0.28600000000000003
SiSn,0.049
TlAsPd5,0.413
DyMgRh2,0.084
LiPd2Pb,0.157
BaCuP,0.086
NaTlO,0.10099999999999999
HfSbRh,0.5920000000000001
MoC,0.084
Cu2GeSe4,1.035
ZrInNi4,1.2919999999999998
YPb3,1.344
InRh,0.042
TbTe,0.91
Li2Pd,0.073
AgPdO2,0.036000000000000004
Rb3Zn,0.005
HoSb,1.105
CaAcHg2,0.495
CaCdHg2,1.6769999999999998
Zr2Te2P,0.894
HoB6,0.043
LiLuPt2,1.146
LiGeRh2,0.867
YbNi2,0.175
Na(SnO2)2,0.436
HgO2,0.028999999999999998
CaSmHg2,0.318
PrW3,0.772
Ba2CaWO6,0.019
BaNiO2,0.033
SmRh,0.20800000000000002
HgPt,0.7090000000000001
LiAg2Pd,0.20600000000000002
RbAg3Se2,0.10099999999999999
PmMgRh2,0.09
LiDy2Cl5,0.087
Yb2Ru2O7,1.474
NdZnSbO,2.009
Sm2TlZn,0.22899999999999998
PrMgAu2,0.599
TaFeSb,1.253
Sc2GaOs,0.35700000000000004
LaSe,0.392
TaAlFe2,0.068
HfAs2,0.87
CaGaSnH,0.033
Bi4Te7Pb,3.062
TaSnO3,0.826
YbDyHg2,0.7979999999999999
TaAlNi2,0.099
Sr2CuO3,0.009000000000000001
HoH3,0.28800000000000003
TiNbRe2,0.531
Nd2Ni6Sn,0.77
Ho2RuAu,0.885
Hf5CuPb3,1.034
HfSnPd,0.055999999999999994
Er3SnC,1.614
Ti3TlN,0.09300000000000001
Ba3Sn5,0.764
LiGaPt2,0.892
Sm3Tm,0.9009999999999999
Li2TlAg,0.349
ZrSe3,0.086
Sm3AlN,0.703
Tm2AlZn,0.08
Ta5Ge3,2.654
Ho2CoOs,0.452
GaCuTe2,0.287
TiZnIr2,0.185
Ta6Si7Ni6,1.67
Ba2Zn3(AsO)2,0.106
Pm2RuAu,0.638
Si3As4,0.016
SmNi2,1.21
YGe,0.01
LiNd2Os,0.494
Ca2AgPb,0.311
Er2InAg,0.812
NaBiSe2,0.665
Dy4CdRh,0.503
ZrSnPd,0.016
ErGa2,0.027999999999999997
Ni2SbTe2,2.287
Tl4CuTe3,2.253
Zn2CuSbO6,0.036000000000000004
Ta2NbIr,0.316
LiCd2Pt,0.435
ZnCu2GeSe4,0.469
Ag3AuSe2,0.263
MgZrAu2,0.8240000000000001
TmBi,1.2919999999999998
Li2CaGe,0.131
VGaNi2,0.02
InReGe,1.401
SmCuSn,0.057999999999999996
CeNiSb2,0.929
Tl4Te3Pb,2.242
K2BaCdSb2,0.358
YInCu2,0.015
K3Ag,0.005
Li2CdPb,2.089
Te4Mo3S2,1.035
LiPd3,0.784
Cu6PbO8,0.095
MgSc2Tc,0.23800000000000002
MgInIr2,0.7709999999999999
Fe(BW)2,1.7309999999999999
PrZnGa,0.08900000000000001
Zn2AsO4,1.621
In7GeIrO8,0.057999999999999996
DyB2,0.017
PrN,0.325
PbAu3,0.29
HfSe2,0.035
ScNbTc2,1.273
YbGa2Ir,0.47
Te2W3S4,0.971
Ca3CuRhO6,0.425
ZrPtPb,0.993
LuScZn2,0.057999999999999996
Sr2HgPb,2.052
ZrAlNi2,0.062
HfTc2Sn,0.509
ErB6,0.044000000000000004
MgNiBi,0.214
Cd2PtRh,2.0580000000000003
ZrAu2,0.494
Cu2SnHgSe4,1.4180000000000001
Al3Mo,0.027000000000000003
ScGe,0.005
ScZnRh2,0.04
SbPt,2.151
TeRuPb,0.314
Ca2Ge,0.001
ScPt3,1.148
Zn3Pt,0.377
Er8Ga3Co,0.88
K3Ir,1.204
BaPIr,1.5230000000000001
ScZn2Pt,0.423
ErLuMg2,0.8440000000000001
Er2NiOs,1.714
Pm2PdRu,0.675
Np(SiOs)2,2.45
Te2Mo3Se4,0.065
NaY2In,0.174
SrPd5,1.575
LiZrSe2,0.027000000000000003
Sr5(SnP3)2,0.036000000000000004
TiNiSb,0.035
YbMgCu4,1.349
InNi,0.031
Sr(CuSb)2,2.032
Sb2Pt,0.449
YHf2Pb,1.081
YbB6,0.027000000000000003
Sc2AlIr,0.188
Al2CoIr,0.231
Ho(SiIr)2,0.25
Ca2Pb,0.068
PrFeSi,0.21
TmSnAu,0.11599999999999999
YAlAg2,0.111
YMgPd,0.067
PmAg2Sn,0.037000000000000005
TbNi2,1.2429999999999999
Dy2C3,1.5519999999999998
DyMg,0.037000000000000005
ZnGaRh2,1.304
HfPtPb,0.413
LiGa2Ru,0.32899999999999996
TbRh3C,0.7979999999999999
Y2Bi2O7,0.085
HgS,0.525
PmZn2Au,0.648
Li3NdSb2,0.444
BaAu2,0.135
LiPrSn,0.46399999999999997
SmRh2,1.069
Li3LaBi2,0.19399999999999998
V6Ga5,0.131
InCuO2,0.054000000000000006
ScTiRu2,0.051
Tm3GaC,0.7190000000000001
LiIn2Rh,0.257
Zn2CuIr,0.636
SmAl2,0.593
SmPd3,0.039
ErTaOs2,0.501
ZrB,0.016
Sb2Au,0.77
Sc2ZnPt,0.97
Li2PbAu,2.056
Pb2O,0.991
TmTe,0.769
Rb2Te5,0.179
TmAlAg2,0.087
Zr6Sb2Pt,0.619
TlSe,0.807
Sr2CdSn,2.008
LiIn2Pt,0.637
MgAgAs,0.826
ZnCu2GeTe4,2.0380000000000003
Yb(NiP)2,0.043
Rb7Au5O2,0.102
NdBiO4,0.07
Ag2Hg7(P4I3)2,0.235
TaGaNi2,0.075
MgNbRu2,0.061
CaWN3,0.025
PrTmMg2,0.455
NaLi2Pb,0.932
FePbW2,0.917
TeW2Se2S,1.0759999999999998
GeTe7As4,0.38299999999999995
YAl3,0.002
CuBiSeO,0.6709999999999999
YbCdCu4,0.22399999999999998
Ca2PdAu,0.946
LuInAu2,0.7140000000000001
Sr2CuO4,0.4320000000000001
Ba3CrN3,0.099
Sc2TcAu,0.461
Lu2ZnPd,0.10300000000000001
TeMoS,0.05
YbMgSi,0.523
Lu2IrRh,0.24600000000000002
Lu2CoRu,0.083
AgI2,1.105
Nb2CoS4,0.431
GeRu,0.057999999999999996
Sc2CoRu,0.027000000000000003
TlPd3,0.602
Pd3PbC,0.519
Hf2GaSb3,0.991
BaMgPb,2.102
SmI,0.046
VCuRh2,0.281
PaAlCu2,1.432
Te2AuCl,0.28600000000000003
Re2O7,0.257
Zr5SiSb3,0.29100000000000004
CdPt,0.652
Nb2Te6I,0.532
ErBi,1.301
YbPmPd2,0.278
HfMoP,0.37
MgCuSn,0.166
HW,1.065
Ca2AgGe,0.008
BiBCl,1.791
HfVGe,1.043
PmDyCu2,0.24600000000000002
Pr2ZnAg,0.452
SmIn3,0.032
Rb3ClO,0.003
HoSnPd2,0.243
KAgO,0.537
BaHfMo,0.11199999999999999
YCdGa,0.644
SmNiAs,0.049
Ho2CdS4,0.033
PrCoC2,0.046
LiSnIr2,0.835
NbCoO4,0.042
NbPt3,1.6869999999999998
Ho2OsAu,0.685
Ag2HgO2,0.106
TmZrRu2,0.052000000000000005
MgGeAs2,0.015
Ca(SnO2)4,0.008
YHoRu2,0.102
MgSc2Ru,0.019
Te2Os,0.986
BPd2Br,0.036000000000000004
SmMg2Sc,0.11199999999999999
LaMgAg2,0.057
Nb2CS2,0.028999999999999998
Sm2SnS5,0.067
TiNi2Sn,0.018000000000000002
Li2AcIn,0.878
YInPt,1.21
Pr(ZnP)3,0.015
Sb2Te4Pb,2.0380000000000003
Sc2RuRh,0.034
AuClO2,0.075
DyInAg2,0.519
BaAgBi,0.9490000000000001
Te2W2SeS,1.4
B2Mo,0.034
UNiSn,1.137
ZrRu3C,0.039
TaAs,0.155
Sr2AgPt,1.22
K3As,0.016
TiTeAs,0.313
Al2Mo,0.006
LuP5,0.043
Ho5Pb3,1.308
ScBiPd2,0.6559999999999999
Sn7Os3,3.445
Rb5SiAs3,0.043
Li2AlAg,0.012
Rb4Br2O,0.006999999999999999
ThCdAg2,0.645
Mg2RhAu,0.16899999999999998
ErN,1.011
PtSe2,0.731
Y2TlAg,0.5429999999999999
InAg(PSe3)2,0.081
TaNiB2,1.125
PrH3,0.008
TmAgPb,2.1390000000000002
LaIn,0.035
ZrGePt,1.3519999999999999
HoCuPb,0.385
TaSb2,1.033
ErSnPd2,0.243
CdPOs2,0.7290000000000001
CdAs2,0.013000000000000001
Ge2Mo,0.028999999999999998
CaSbAu,2.089
BiTe3,1.058
Th(FeSi)2,0.17
Ca2CuSbO6,0.018000000000000002
SnSe2,0.027999999999999997
Er3As,0.09699999999999999
YbMgGe,0.47700000000000004
ZnPt3,2.272
YSeF,0.012
ZnAgAs,0.11599999999999999
SmZn,0.272
Dy4MgRh,0.491
ErB2,0.019
Li2SbPt,0.28600000000000003
ScBi,1.266
TlS,0.28300000000000003
TiBeRh2,1.012
Tl3AgTe2,0.433
LuMgAu2,0.423
HfV2,1.501
Li3Tl,0.998
TlCdSb,0.37799999999999995
RbTe6,0.516
ZrCuSi2,0.018000000000000002
LiHoAu2,2.043
NdAs,0.447
Er2AlSi2,0.046
PtS,0.15
PmNi2Sn,0.17
Mg(PtO2)3,0.25
Ba2SrWO6,0.02
RbSr3,0.021
CaPmZn2,0.43799999999999994
Dy2OsPd,0.45399999999999996
PdSe2,0.061
CaCdAu2,2.03
FeSnRu2,2.3369999999999997
TlCdSe2,0.532
Zr2CoP,0.177
Hg3Sb,0.32899999999999996
Ba2Ho(CuO2)3,0.501
ScInPt2,0.609
K8SnSb4,0.21600000000000005
YRh,0.055
NaYSi,0.044000000000000004
MgScCd2,0.012
RbNdTe4,0.17300000000000001
InAgSe2,1.662
NaIrPb,2.25
CoAsSe,0.049
TbCdRh2,0.096
Ca3Sb2,1.239
Hf2Hg,0.479
RbHfAgTe3,0.16899999999999998
ScSnPd2,0.47100000000000003
NdH3,0.045
SmYIr2,2.09
NaGaTe2,0.1
ErInAg2,0.488
ZrGeRu2,0.031
TlCdS2,0.026000000000000002
Yb4As6Rh7,0.887
Er5Rh3,1.23
Rb2SnTe5,0.313
NbGeRh,0.10099999999999999
HfPaTc2,0.28800000000000003
HfBRh3,1.041
OsSe2,0.846
NaAcTl2,0.4270000000000001
Y2GeI2,0.025
ThC,1.001
TaBeRu2,0.461
Sm2CuO4,0.027000000000000003
YGa2Ni,0.034
Ba4As2O,0.027999999999999997
Rb3Na,0.006999999999999999
HoScRu2,0.077
Sr3SbN,0.044000000000000004
Mg2Ge,0.055
HoNiSb,0.055999999999999994
LiTaIr2,2.109
PmSbAu2,2.124
PtO,0.892
Si3Rh5,0.455
Mn2MoP2,0.013000000000000001
TiB2,0.004
HfGaRu2,0.573
ScAu3,2.293
Ti2TcIr,0.294
PbN,0.08199999999999999
Ba4Sb2O,0.055
Sr(ZnGe)2,0.013999999999999999
YB2,0.002
TlBi,1.235
As3Ir,0.28600000000000003
ErCrB4,0.075
MgInRh2,0.815
LiYGe,0.55
Na2LiN,0.309
HoHfOs2,0.401
PrAl7Au3,2.158
DyAgHg2,1.0
MgAg3,0.094
Hf3Zn3C,0.486
CaInCu4,0.134
Mg(AgO2)2,0.028999999999999998
NiPRh,0.035
HfAlNi2,0.16399999999999998
Te4Mo3WSe4,0.125
TmTl,1.6030000000000002
HfZnAu2,0.126
NaPt2,0.95
NdTl,0.38
Li3Bi,0.159
NbTlO3,0.013000000000000001
YHoAl2,0.027000000000000003
Nb5Ge3,0.19
Cu4Sn,0.013999999999999999
Ta2NiS5,0.384
YBPt3,1.7069999999999999
Ti3InC,0.41700000000000004
PrIr2,1.956
CdN,0.135
Sr2Si,0.006999999999999999
Na2MgSn,2.012
Pr(NiGe)2,0.09
LiCu2Ge,0.027999999999999997
HoSnRh2,0.885
PmGaAg2,0.195
BaTiS3,0.23
Tm2AgOs,0.249
PmAgHg2,1.2930000000000001
Ca2IN,0.02
MgSc2Cd,0.429
Ba2AgSb,0.036000000000000004
TbSbPd,0.122
YTiO3,0.20800000000000002
GaAs2W,1.729
Ta2H4O7,0.06
Zr3Tl,0.366
LuTaRu2,0.32299999999999995
LiTb(CuP)2,0.02
Zn2PtRh,0.256
LiMgBi,2.677
NdInAu2,0.406
CuAu3,0.5379999999999999
Sr2CdPb,0.376
ZrBiRh,0.9390000000000001
Li2ZnAu,0.478
AgCO3,0.052000000000000005
LiDy2Ru,0.156
LiHfPt2,0.7809999999999999
Pr2AgRu,0.358
Yb3PbO,3.195
Hf2TcRu,0.18600000000000005
Re3Ge,1.005
Nd(BIr)4,2.278
TiIr3,0.5489999999999999
TiInCu2,0.006999999999999999
Mg2ZnPd,0.026000000000000002
LiInPt2,1.13
TePt,0.48
InPd2Au,0.239
Nb4C3,0.5529999999999999
CaZrRh2,0.057
Zr5Te4,0.242
YbPb3,2.209
MgTaIr2,0.589
ZrSnPd2,0.03
Nb2Tl2O7,0.46399999999999997
RbAgO,0.125
K2Se3,0.024
CaP3,0.001
Si2Mo,0.01
Tm3Mg,0.627
Ti5Se4,0.067
Sr(SbRu2)2,0.573
Ca(ZnGe)2,0.008
Tm2C3,1.038
CaBiAu,2.247
ScGeAu,0.10400000000000001
Nb3Si,0.33
Ho2IrRu,0.21899999999999997
Ba2Pd2O5,0.48200000000000004
Bi2Rh3S2,2.19
Ba2CuH6,0.025
YbSbPd2,0.057999999999999996
K4HgAs2,0.033
Tl3AsSe3,0.08900000000000001
LuGaRh2,0.266
Ba3N2,0.19899999999999998
VCu3Te4,0.068
RbBr,0.002
Tb2O3,0.747
YZr,0.371
CdGaRh2,0.634
YCd3,0.011000000000000001
SrHfRe2,1.819
YbZnSn,2.049
LaIn3,0.039
TmPPt,0.38299999999999995
TiFe2Sn,0.036000000000000004
ScAlAu2,0.284
Ba3P2,0.028999999999999998
CaPAu,0.29100000000000004
Mo5As4,0.179
Ta9(NiS3)2,1.5919999999999999
Sr2TlCuO5,0.04
PrN,0.369
Cu2PdAu,0.336
NbS3,0.013999999999999999
SmMg3,0.306
LuRhO3,1.1740000000000002
HfMgIr2,3.22
RbTlBr3,0.036000000000000004
GaNi3,0.573
Ca3TlN,0.7709999999999999
SrTlHg2,0.91
PmAlCu2,0.7490000000000001
Cd3TeO6,0.015
TmInCu2,0.069
YbErZn2,0.066
SrCaIn2,0.235
Li2PrIn,0.5579999999999999
ZrAlW,1.5719999999999998
Zr3Hg,0.429
TbSnAu2,0.23399999999999999
Te2Br,0.631
DySn3,1.083
Bi2Rh2O7,0.552
DySbPd,1.2590000000000001
TeMo2Se3,0.076
DyP5,0.03
Y2PdRu,0.15
Ba3N,0.157
TlAgBr3,1.278
LiZrPt2,0.752
Ta2C,0.37
BaCa(SnO2)4,0.015
LiCaGe2,0.08
Hg2Sb2O7,0.19
NbW3Se8,0.11
MgTaZn,0.218
LuMgHg2,0.498
Ca2AgAu,0.524
Sb2Os,0.431
PmYAl2,0.026000000000000002
NdN,0.313
Sr(Ni2Sn)2,0.6729999999999999
KAgSe,0.018000000000000002
ThPbAu2,0.8270000000000001
Sc2NiOs,2.04
Er2CuRu,0.086
CdAg2Au,0.19
PrCd3,0.02
Yb2CdIn,0.32299999999999995
LaAg,0.011000000000000001
SmTlAu2,1.6769999999999998
Li2AgSb,1.3090000000000002
LiYSi,0.03
LiLa2Os,0.758
ErPt2,0.445
HfGePd,0.35
LiHfRh2,0.078
Ca3BiAs,0.636
LiY2Ru,0.034
Lu2ZnPt,0.696
HoHg,0.32
TbSi2,0.218
NiHg4,0.978
Ca2CdSn,0.292
TlAsPt5,2.256
PrGe3Rh,0.059000000000000004
RbAs,0.026000000000000002
OsN2,0.57
HgPd3,0.41200000000000003
ErBRh3,1.597
AuN,0.18
YbThRh2,1.075
ScAgO3,0.025
NaCdHg2,0.249
Hf2CoIr,2.015
HoNi2,1.531
LiSbS2,0.326
Tm2NiIr,1.3
SiPt2,0.418
Sc3TlC,0.305
Al2RuRh,0.062
ReTe,1.6059999999999999
RbCuO,1.247
NbCuTe2,0.36200000000000004
GeBi4Te7,2.484
Ta3SnS6,2.14
Li2NdIn,0.595
Er3AlC,2.057
ZnCu2GeSe4,0.469
ScGaPt2,1.068
NdCdAu2,0.7759999999999999
Sc2GaAu,0.168
BaMgGe,0.04
SnBO3,0.003
TaCr2,0.518
Sc5Si7Pt9,0.637
TlHg,0.34
Li2PmIn,1.156
LuSi2,0.091
Ag2CO3,0.016
YbGa2,0.025
LiYb3,0.425
NaCuSe,0.1
Tb2IrRh,0.631
HoTe2,0.35700000000000004
ErSi2,0.077
Ba(AsPd)2,0.193
Yb2AgIr,1.121
Ta2Be,0.797
HfCdCu2,0.20199999999999999
Dy2TlCd,0.521
Li3H4Rh,0.016
LiAlAg2,0.062
HfAlPt,2.4130000000000003
PmRh2Pb,0.64
TmRh3C,0.804
PrInAg2,0.134
NdTl3,0.304
TeWS,0.7979999999999999
HoErTl2,0.47200000000000003
Al2CoOs,0.424
Rh2S3,0.11599999999999999
GaPt3,2.208
MgSiRh2,0.57
Ca2AgSbO6,0.022000000000000002
BaPbO3,0.054000000000000006
KBIr2,0.645
CoGe,0.275
Rb2SBrCl6,0.079
TiAu4,0.7559999999999999
ZrW2,0.8370000000000001
TiGaRh,0.295
YbPt3,2.188
MgTlRh2,1.3840000000000001
Na2Pd3O4,0.032
IrO2,0.7070000000000001
NdTeCl,0.046
TbH3,0.469
Er2CuO4,1.645
LiYHg2,0.9229999999999999
Si2TcOs,1.629
HfC,0.205
CaAgHg2,0.711
SmHoIn2,0.055
Tb5BiAu2,0.973
PmSnPd2,0.6629999999999999
Sr(CuGe)2,0.018000000000000002
Zr2Al3,0.037000000000000005
YHgPd2,2.044
MgNbRh2,0.141
GaGeRu2,1.757
Te2Mo3(SeS)2,0.057
NdAu,0.07400000000000001
LiHg3,0.462
NdBPd3,0.19
NbI5,0.43
DyCuSb2,1.82
HoAlAg2,0.087
LiYbPb,2.202
Er2Nb2O7,0.46399999999999997
NaAsO3,0.135
Li2Pt,0.4320000000000001
CaNdRh2,0.253
Cu2HgGeSe4,0.5660000000000001
TlC,0.446
BaAlCuBiO5,0.073
PmTlRh2,1.999
Ta3SiTe6,1.043
SnSe,0.033
Li2CuSb,0.033
LiTm2Os,0.23399999999999999
TlP,0.491
NdSmZn2,0.077
LiDyIn2,0.059000000000000004
Pm2ZnSi,1.308
YInAg2,0.586
BaB6,0.006
TmAgSn,1.248
Sc2AgRu,1.022
UO3,0.885
CaAgAs,0.598
HfSiSe,0.861
Ca2TaAgO6,0.05
CaHg2,0.44799999999999995
Sb2Ir,0.38299999999999995
MoC,0.013999999999999999
ErMgHg2,0.48200000000000004
NaTl2Cd,1.308
HgPd,0.38
TiInPd2,0.021
Ti2ReIr,0.4
MgScGa,0.005
ScTc2W,0.27899999999999997
Sr3AsP,0.08900000000000001
Yb3SnO,0.281
ErInCu2,0.067
TiInAu2,0.10400000000000001
P2Ru,0.02
MgSc2Os,0.177
Pr(CdP)3,0.025
Sr3SbAs,0.47700000000000004
AlRe2,1.13
Nd3TlC,2.221
BaCuAs,0.040999999999999995
Zn(InS2)2,0.006999999999999999
Mg2Sn,0.433
SbRh3,0.16399999999999998
Ho2O3,0.7809999999999999
HoTmCu2,2.166
Nd2CuO4,0.027000000000000003
TbSe2,1.3030000000000002
Er2Si3Rh,0.205
YCu3(Sb2O)2,0.1
YbAu,0.713
Tb2S3,0.106
Hf2Ge,0.13
LaMgCd2,0.017
Er2PdAu,0.23
Ba3SbP,0.368
Li2PmGe,0.987
WS,1.395
LaZn,0.33799999999999997
LaGeOs,1.07
LuSiIr,0.698
SmDyTl2,0.28300000000000003
IrPbBr,2.131
BiB,3.0189999999999997
ErAl3,0.022000000000000002
NiBTe,0.8859999999999999
Ca3GeO,3.135
DyInRh2,1.112
Tb3PbC,0.637
CuGeRh2,0.052000000000000005
Y(Mg3Al)2,0.005
SmHoIr2,2.1069999999999998
TaGaRu2,0.124
AlVOs2,0.187
TmNi2Sn,0.071
Ni3Ge,0.218
LiCdP,0.004
DyMg3,0.025
NdCuSb2,0.6890000000000001
Sn5(BRh3)2,0.147
Cd(PtO2)3,0.26
YbLuPt2,0.847
PrMg2Ag,0.204
Er2IrRh,0.8909999999999999
BaTl2O4,0.086
TlAs,1.2919999999999998
LiEr2Ru,0.11199999999999999
TiPd3,0.425
Ti2ZnRe,0.9229999999999999
SrCdHg2,0.836
PaIr3,1.254
BeSiOs2,1.633
CuBiSCl2,0.32
LiAsPd2,0.066
Zr4In5Co2,0.077
Na3(GePt)4,0.9740000000000001
SmP,0.8240000000000001
NaPd2Pb,0.6970000000000001
KHgAs,2.0540000000000003
LiNdHg2,0.853
MgSnRh2,0.46299999999999997
LiTl2Rh,0.19
TaO,0.498
Mg2As,0.006999999999999999
PmH,0.04
LiMg2Ge,0.01
CaZnSn,0.6970000000000001
SrBi3,2.097
Sr2LiTl,1.052
CuBi(PSe3)2,0.33299999999999996
LiTiRh2,0.025
Sc2InAg,0.011000000000000001
RbZn4As3,2.006
BaSi,0.016
Sm3Hf,1.258
PbS2,0.13
PaO2,0.298
TaFe2,2.8710000000000004
Mg2SnN2,0.01
AsRu,1.0759999999999998
Ca2Sn,0.006999999999999999
Ti3TlC,0.456
Tb2Fe2Si2C,0.3720000000000001
ZrGaNi2,0.051
BaAgAs,0.257
Sm(AlZn)2,0.017
Rb3Hg,0.4370000000000001
Hf3Ge2,0.795
Nb3GeS6,2.013
Sr2Cu(IO)2,0.044000000000000004
Li2NdTl,1.311
Dy2O3,0.7509999999999999
BaCaYb2,0.845
LiHgPd2,0.142
ScAg,0.708
As2Pt,0.273
TaRu,0.826
PmMgHg2,0.262
Tl(MoSe)3,0.11599999999999999
Lu2AlZn,1.625
Ba3BiSb,2.224
Ca2AgSn,0.040999999999999995
TlInS2,0.04
Sm2GeRh3,0.527
ZrAl5Ni2,0.016
Lu2AgOs,0.28600000000000003
Sr(CdSb)2,2.082
Sr3SbP,0.302
ErH,0.040999999999999995
HoAs,0.474
LiGa2Ni,0.11900000000000001
HfSnRu2,0.11199999999999999
Pr5Al2Ru3,0.47600000000000003
MgScPd2,0.172
ZrGa3,0.099
Y(SiRh)2,0.616
Sn2Ir,0.647
Tb4Sb3,0.644
Sm2C3,0.755
Na2CdHg,0.556
Ge5(Te4As)2,0.293
Sb2Ru,0.136
Ba2TlSb2O7,0.040999999999999995
Sm4Sb3,0.868
SmSiAg,0.265
HoMgIn,0.287
NaCa2In,0.639
AcYbRh2,0.23399999999999999
TaAgS3,0.096
HoP5,0.033
Hf2MoIr,0.748
YbDyPd2,0.401
ZnBiF6,0.031
Li2MgCd,0.111
HgO2,0.066
BiO2,0.711
Ti2TcOs,1.994
TmMgPt2,1.892
Y3PbC,0.26899999999999996
ErN,0.024
ErAsPd,0.128
TbSbPt,1.6440000000000001
YP,0.002
Rb3Cd,0.34600000000000003
Th(Fe2P)2,0.057999999999999996
NiPb2(N3O)2,0.043
Tm2CoRu,0.079
Ba3AsN,0.7140000000000001
CoAs3,0.035
Li2BiAu,1.391
NdMg,0.016
Ba3AsP,0.121
PtO,1.98
NaZnAs,0.021
Nb2CuS4,0.127
ZrZnCu2,0.278
MgSnIr2,0.515
TeOsCl2,1.028
Bi2TeI,3.491
NaLi2Bi,1.639
Bi2O3,0.218
NdAs2,0.051
TePdI2,0.324
Tb2AgIr,0.28600000000000003
LiAlPd2,0.588
Yb2GaHg,0.6409999999999999
HoN,1.1179999999999999
Te4Mo(WS)2,2.055
Sm(DyS2)2,0.309
SrMgSn,0.963
MgPd2,0.642
LaN,0.381
Y2ZnS4,0.006999999999999999
Ag3SeNO3,0.024
Cu2SiTe3,0.625
NaCdAs,0.825
Pd3Au,2.233
Sn(SbTe2)2,2.028
AgSnO3,1.565
Ba2ZnN2,0.015
LiYAu2,2.029
OsO2F3,0.361
CaCd,0.033
Er5Ge3,0.303
Ba(CuS)2,0.015
Li2MgSn,0.934
Dy2MgSi2,0.092
Sc2AlCd,0.425
GeP3,0.004
Yb4Sb3,0.642
TaInSe2,0.122
Li2GePd,0.023
PrH2,0.008
Ag2SeO4,0.024
Sm3Se4,0.762
SmCdAg2,0.679
Sr3(AlGe2)2,0.012
Hg4OF6,0.256
PrBiO3,1.31
Th(CuP)2,0.053
ScRh3C,1.175
NdDyMg2,0.049
ThPb3,1.4069999999999998
HfGePt,0.24600000000000002
Nd3Cu3Sb4,0.23600000000000002
BaZnSi,0.019
ZnAg,0.09300000000000001
AgAuS2,0.064
ThCdRh2,0.8420000000000001
PmDyRu2,0.099
Mg2ZnRh,0.094
Li2PrTl,1.308
CsSnI3,2.025
Na2Zr(CuS2)2,0.021
Rh2S3,0.054000000000000006
KSnAs,0.039
YC2,0.037000000000000005
K2NaAs,0.012
PrNiGe3,0.043
NbBr2O,0.013999999999999999
LaMgZn2,0.009000000000000001
BeVRu2,0.19
HfTc2W,0.261
HfMo2,0.6629999999999999
Li2DyTl,1.3090000000000002
Ca2MgTl,0.349
LaP,0.028999999999999998
Er2CuOs,0.215
TmSnRh2,0.919
Rb4CO4,0.003
TlBiS2,0.43799999999999994
BW2,0.9490000000000001
LuPb2,2.077
LuGaPd2,0.073
PmH3,0.419
NaPrTl2,2.044
YInAu,0.5479999999999999
Nd3InC,1.329
NbAlRu2,0.132
Ba3BiAs,2.153
Y3GaC,0.031
AgSbO3,1.395
LuB2,0.024
GaPPd5,0.193
Sr3P2,0.013999999999999999
ScSnRu2,0.209
Rb2Bi2O5,0.204
Er3PbC,1.665
Ca(ZnSb)2,1.455
V2CrOs,0.525
In2Co3S2,0.033
MgSbRu2,0.098
TbCdPd2,0.45799999999999996
Pr3Sn,0.256
PrTe,0.5589999999999999
Lu2ZnTc,0.32899999999999996
Zn3As2,1.003
PaGaTc2,0.897
Y6FeSb2,0.644
LiTmHg2,0.93
Rb3Sb,0.065
LiInPd2,0.35100000000000003
MgZnRh2,0.163
Lu(BC)2,0.045
KMgBi,2.094
Mg(InSe2)2,0.043
Li2TlSn,0.851
HfScRh2,0.221
Yb2C3,0.428
Ba6Hf5S6,0.145
La(PRu2)2,0.036000000000000004
NbSnS2,0.792
Bi2PbSe4,2.165
YbGaRh2,1.6059999999999999
ZrSnTe,0.442
Ni2SbTe,0.45
Ni2Ge,0.07200000000000001
ZnAu,2.042
B2IrCl,0.743
DyAgSn,0.12
SrMgGe,0.63
Ti2O,0.055999999999999994
NdPb3,1.3359999999999999
Yb4As3,0.537
Ba2YTlSn2O7,0.037000000000000005
CaIn2Au,0.6729999999999999
HfNiSn,0.047
YSb,0.535
Ca(AgO2)2,0.109
Ca2B5Os3,0.34700000000000003
Mo3Pd2N,0.179
Pd6S7,0.8959999999999999
NbC,0.061
Ti2C,0.002
PmTlAu2,1.649
CaGa2,0.14300000000000002
Ba2AlCu3O8,0.441
BaPb,0.579
NbNi2Sn,0.023
Li2AlPd,0.008
Lu2ZnOs,0.631
ThSnRu2,2.0540000000000003
Ba4NaBi3O2,0.099
Ba2Lu(CuO2)3,0.8640000000000001
ScZnPd2,0.575
Sr3As2,0.301
KHg,0.732
TmSi2,0.084
Hf5ZnSb3,2.418
Nb2Hg2O7,0.052000000000000005
Tm2CdHg,0.473
KPrTe4,0.17300000000000001
HfZn,0.21899999999999997
Ta2PdSe6,0.162
YbRh2Pb,1.754
Rb3Li,0.42
NiMoP,0.705
Dy3Sb4Au3,0.385
TlPt2Se3,0.319
Ag3Hg,0.174
Ba(CdP)2,0.009000000000000001
LuInAg2,0.7040000000000001
PmInRh2,1.119
Lu6FeSb2,1.6980000000000002
ZnPb3,1.245
TaCuN2,0.023
MgGaNi2,0.07
Cd3In,0.040999999999999995
Si3Ru,0.038
Sr3BiSb,0.6859999999999999
GePbO3,0.019
ScZn2Pd,0.327
HgOsPb2,0.978
RbAu,0.018000000000000002
RuRh3,0.643
TmInAg2,0.483
SbPd3,0.10300000000000001
Sc2AgOs,0.76
PrSe,0.7929999999999999
HoAl3,0.02
TmPt3,0.514
TiGaNi2,0.028999999999999998
YNiP,0.006
Ba3SbN,1.107
Lu4Ge6Ru7,1.034
PrAs,1.094
Ho5Sb3,1.079
Rb3Ir,0.27699999999999997
LiHoTl2,0.6629999999999999
Sm3Dy,0.391
Nb2C,0.265
Co2(GeSe)3,0.055
LiCdAs,0.713
Er(NiP)2,0.045
PrMgTl2,0.373
TlSbTe2,2.022
CaPd3O4,0.868
Tl2O,0.096
Ca3SnH2,0.017
Sr2CuC(NO)2,0.027999999999999997
LaPb3,1.4340000000000002
KZr2Nb,0.45799999999999996
HgPRh,0.22699999999999998
CaPmCd2,0.040999999999999995
AlPPt5,2.217
TiNiGe,0.59
AgSe,0.045
MgRe3,1.796
YErMg2,1.6119999999999999
Be2Ag,0.368
Sm(SiAg)2,0.062
Zn2In2S5,0.06
Sr2Sn,0.047
SrZnSb2,0.8909999999999999
SrLi2Pb,1.7930000000000001
Tb2SbO2,0.7240000000000001
SnAu,0.938
DyYRh2,0.105
CaCdSi,0.271
DyMgHg2,0.381
Lu2MgOs,0.228
SrAgBi,2.404
Ba3SnO,0.152
HoGeAu,0.605
NiAs,0.22399999999999998
TbSe,0.9520000000000001
MgTaRu2,0.484
Ag2SnHgSe4,0.483
YbSb2,0.237
LiNi2Ge,0.061
PmTlAg2,0.41600000000000004
SmLuZn2,2.005
HoAl2,0.266
ReRuBr,0.562
BiN,0.342
Zn2AgAu,0.057
ScGa3,0.004
HfZnPt2,0.951
NdMgZn2,0.013000000000000001
DySb,1.117
HfZnNi2,0.763
RbTl2Bi,1.036
CdCu2SnSe4,0.456
SiRu,0.33799999999999997
TlCu3S2,0.055
ZrSiTe,0.578
AlRh,0.028999999999999998
TlPdF3,0.073
Ba2Si,0.126
ZrAlPd2,0.071
LiMgSnPd,0.102
HoO,0.425
Li2LaPb,2.008
Dy3InC,1.4769999999999999
TbYRh2,0.11699999999999999
ScInAg2,0.237
DyAlAg2,0.087
SmAgHg2,1.261
RbTeO3,0.015
Nb3Te3As,1.776
Rb2Ni3Se4,0.038
SmTa3,0.785
YAu,0.545
HfGeTe4,0.27899999999999997
Y2Cl3,0.006999999999999999
CuBiS2,0.73
USbRh,1.2309999999999999
Hf2InC,0.371
LuReTc2,0.308
LiGaCu2,0.9540000000000001
HoCdCu4,0.243
LiYb2Ga,0.136
LiHoPd2,0.638
Ba2ZrS4,0.011000000000000001
TlNi,1.245
Ta2Ni,0.618
In2Se3,0.08900000000000001
KHfNi,0.77
AlAs,1.06
Ho2CuPd,0.065
CaGe,0.016
DyThTc2,1.153
LiCdAg2,0.025
PmTlTe2,0.08199999999999999
ScHgW2,0.9620000000000001
CaPrHg2,0.305
TaS2,0.16899999999999998
Sr3Hg2,2.83
Sr2TlCd,0.8859999999999999
ZrNi2Sb,0.239
Li2PmSn,0.623
NaErTl2,0.32899999999999996
ScNiBi,0.22699999999999998
NaCd2Au,0.327
Mg2PdPt,0.637
PtN,0.659
CaHgPb,2.185
LiHo2Pt,0.41200000000000003
In5AgSe8,0.055
DyH2,0.018000000000000002
LiRh2Pb,0.249
In2Te5,0.263
NdCoC2,0.051
YbZnAu2,0.506
BaZnGe,0.031
Ti3Pb,1.699
Ni(WO4)2,0.068
Sn2Pt,0.228
CaPb,2.045
DyNiSb,0.055
SrCuP,0.081
SrPt2,1.906
Ta3Ga2,2.332
KBa4Bi3O,0.565
TiC,0.005
HPd,0.051
BaCdGe,0.106
LuSnAu,0.9279999999999999
Sc2GaIr,0.997
KAgBr3,0.034
HoMgRh2,0.08
Ta5N6,0.498
YbPd2Pb,1.321
MgCu4Sn,0.015
Ga3Cu,0.076
Tm2AgHg,0.157
Sm2IrRh,0.455
Ho2OsPd,0.42
ZrMo2,0.254
Sm3GaC,0.843
Te2MoW3(Se2S)2,1.068
Zr2Al,0.017
YBiPd,0.7559999999999999
YbTlS2,0.040999999999999995
Ga3Pt2,0.19399999999999998
Sr3AsN,0.011000000000000001
YbSbPt,0.149
YNi2,0.534
In3Ru,0.09300000000000001
Sr2CdAs2,0.025
Al2Pd,0.326
TmCdRh2,1.608
Ge3N2,0.006999999999999999
Li5Sn2,0.589
Hf2FeOs,1.1520000000000001
DySe,0.972
HfGaRh2,0.924
CaBiB,0.573
Ag2PdO2,0.062
DyCoSi,0.11900000000000001
LiCaBi,1.301
PmDyIn2,0.059000000000000004
Dy2Se3,0.14400000000000002
YAlPd,0.35600000000000004
ZrAs,0.449
AcAgTe2,0.162
TeN2,0.012
AcCdAg2,0.34600000000000003
NaCdSb,2.485
NbPd3,0.087
LiHoSn2,0.207
BaAgO2,0.027999999999999997
Nb3TeI7,0.122
HoPbAu,1.32
YbSnPd2,0.055999999999999994
Sm(ZnP)3,0.019
BaCaSi,0.027999999999999997
KAgF3,0.055
Bi2Pt,3.173
Pm2SiAg,0.036000000000000004
Ag3(AsO4)2,0.204
Tl2Ni3S2,0.491
ThAs,0.602
TaAlPt,0.53
BaIn,0.091
TmScRu2,0.128
ZrInPt2,0.152
Tm(SiPd)2,0.155
LiCa2Ir,0.374
Li2CuSbO5,0.016
ScPRu,0.191
YPt2,0.45
Li3NdAs2,0.013000000000000001
YNbRu2,0.39799999999999996
LuTl3,0.33799999999999997
GaPPt5,2.231
Nd3Te4,0.325
LuNi2Sn,0.289
Ca3SbAs,0.387
ThPb,1.148
Li2PdPb,0.847
LiAg2Pb,0.231
TaGaPt,0.988
YbBiPt,0.254
Te2Pt,0.217
CdAg,0.011000000000000001
HfScOs2,0.5710000000000001
HoSbRh2,0.198
HfOs,0.28300000000000003
Sn7Ir5,1.4180000000000001
SmMg3,0.016
AcMgHg2,0.251
Cu3Se2,0.409
MgTe,0.013000000000000001
TePd,0.379
Hf2TaN3,2.057
Te3Pt2,0.948
SrZnPb,2.175
V3Os,0.341
Nd2CuRu,0.193
LiZn2Rh,0.442
DyAgSb2,0.498
LiZr2Os,0.217
Cu(RhSe2)2,1.117
Yb5Sn3,1.002
CuBr,0.011000000000000001
AgSbS2,0.053
SnPt3,1.2109999999999999
Lu3TlC,1.035
KWO3,0.88
Dy3(AlNi3)2,0.89
HfN,1.021
LiLa3,0.44799999999999995
ZnCu2SnSe4,0.522
PmBiPd2,0.261
ZrP,0.051
Tm2AgPt,0.235
PbO2,0.032
YTlPd,1.681
Nd2MgTl,0.231
SrIrO3,0.9540000000000001
Ba3P4,0.033
TlAgF3,0.040999999999999995
Ta2OsW,2.119
Ti2AlN,0.013999999999999999
Er2IrPd,0.696
CuSiRh2,0.033
HfGeS,0.086
Rb2As2Pt,0.35600000000000004
Tl2Te3,0.249
CuBrO2,0.017
Tm3AlN,0.15
TlGaSe2,0.047
LiTm2Pt,0.693
HfFeP,0.503
Li3Pr,0.652
CdCu2GeS4,0.012
Rb2Hg7,0.149
CaCdPd2,0.168
HoH2,0.019
TmZnPd2,0.9990000000000001
CaMgTl2,1.0
SmAsS,0.732
CaAs3,0.025
Sb2TeSe2,0.154
ScSiAu,0.83
Sm2AgRh,0.057999999999999996
HfAlRu2,0.514
NaMgTl2,1.23
CaLaAg2,0.027999999999999997
Te6Mo3WSe2,1.062
TmThOs2,0.47100000000000003
AgSO4,0.032
LiAgF2,0.003
BaGa2,0.011000000000000001
Nd3SnC,0.052000000000000005
BaGaSnH,2.013
Nb(Te2I3)2,0.40700000000000003
ScReTc2,0.129
HfAlAu2,0.131
ZrAs2,0.506
TaTiTc2,0.34
Be5Pd,0.19899999999999998
NbRu2Cl,0.373
MgGaRh2,1.248
Ho2CuTc,0.145
AlVRu2,0.465
Mg4As6Rh7,2.165
AcTlAu2,0.9109999999999999
SnTe,2.09
Tb(NiP)2,0.053
SrPd2,0.049
Ho(AlC)3,0.040999999999999995
Tm3InC,0.8440000000000001
Yb(SiRu)2,0.491
ZrTe,0.23399999999999999
TiGePt,1.12
U(RhO3)2,0.235
LiCa2Cd,0.13699999999999998
Ca(SnN)2,0.506
BaYCuTe3,0.075
BiTe,3.713
ZrInRh2,0.049
Er3InN,0.067
BaPAu,0.245
LaH2,0.006999999999999999
CuSbRh2,0.109
PrSb,0.8290000000000001
HfCuP,0.071
Sc2CuOs,0.5529999999999999
LaN,0.508
B2Au,1.057
Ba(BiO2)4,0.172
VSbRu,0.015
Sc3InB,0.028999999999999998
La3AlN,0.40700000000000003
Ti2TcNi,0.027000000000000003
LiInSn,0.657
ErH3,0.511
LiCd,0.7240000000000001
SrLi2Sn,0.7709999999999999
TaTiMn2,0.163
Er(BRh)4,0.386
SnCl,1.431
ThNiSn,0.136
YPb2,0.956
NbAl3,0.147
ThBi2,2.266
DyPd3,0.045
Yb4Bi3,3.0580000000000003
Sr(AlPb)2,2.496
Sc2GaAg,0.098
RbPr3,0.4970000000000001
LiEr2Al,0.634
YSnAu2,0.23600000000000002
NdMg2Ag,0.752
SmSnAu,0.095
SnRh,0.406
BaZn(SnO2)4,0.016
TlAuO2,0.598
Ca2HgPb,1.6869999999999998
Hf6CoBi2,0.475
HfCr2,0.9209999999999999
BiTeI,0.4
TbAl2,0.19699999999999998
AgBiO3,0.873
Tb2C3,0.889
LiEr2Ir,0.318
HfCdO3,0.027999999999999997
Er2ZnIr,0.4370000000000001
Lu2TcAg,0.4270000000000001
ErPt3,0.478
Yb2ZnPb,0.341
Ca(PRh)2,0.456
LuH2,0.025
PrMgCd2,0.023
Dy2ZnHg,0.48200000000000004
ZrNi2Sn,0.025
TcB,0.207
TaCoSb,0.31
Ta4AlC3,1.2890000000000001
LiY2Rh,0.03
TaZnRh2,0.479
InAgS2,0.023
ZrCl,0.021
LiBiS2,1.375
LiHo2Ir,0.252
YErRh2,0.124
Nd3GaC,0.45
ThGa2,0.171
Ho3SnC,0.129
Li2CaPb,1.6780000000000002
YAl2,0.025
YAgPb,2.247
Sc3GaC,0.003
NbAlPt,0.5820000000000001
HfAl2,0.88
NaBi,0.597
ZrP2,0.031
PmInNi2,1.663
ZrGeTe,0.937
LiInGe,0.9309999999999999
ScCdRh2,0.033
Bi4Te3S8,3.188
Sm3TlC,1.285
In2Si(AgSe3)2,0.053
Rb2Se3,0.026000000000000002
Pr(CoB)2,0.024
BaSrYb2,1.0859999999999999
Sr3As4,0.027000000000000003
P2Rh,0.032
LiAc2Ge,0.765
Dy3AlC,1.6909999999999998
ZnSnP2,0.011000000000000001
YZn,0.425
NdTlAg2,0.298
NbSnRu,0.11800000000000001
Pr2CuRu,0.126
Ta2Se,1.295
HgTe,0.6829999999999999
Ag3PO4,0.019
Yb2HgGe,0.951
Ta3PbS6,2.1959999999999997
DyGa3,0.026000000000000002
LuCuPb,0.449
Nd(CoB)2,0.556
LuAl2,0.204
ThSiAu,0.782
LiGa2Rh,0.304
Si3W5,1.431
ScSb,0.29
Li3YBi2,0.7070000000000001
GaPt3C,2.089
Te2MoW2(SeS)2,0.096
SmYMg2,0.071
HoMgZn2,0.038
SmErRh2,0.201
DyHg,0.316
Ba3BiN,1.588
Na2SbAu,0.15
ZrBe5,0.031
Er(CuSi)2,0.026000000000000002
Sb2Te3,2.017
PrGa2,0.026000000000000002
WS2,0.507
P2Rh3,0.77
PaZnRu2,0.20199999999999999
YMgRh2,0.037000000000000005
LaMg3,0.015
YSnPd2,0.26899999999999996
TmMg,0.071
DyPb3,1.405
SrInHg2,2.0269999999999997
HoInAg2,0.51
Li2HoIn,1.18
ZrN,0.005
Cd(AgO2)2,0.043
LiSbAu,0.078
Hf5Sn4,0.701
ErSnAu,0.51
Sm3SnC,0.095
PrNdMg2,0.023
NdSeO,0.034
YbCdHg2,1.986
Mg(ScGa)2,0.025
BiTePd,0.804
NaAc2Pb,0.5770000000000001
Ca2ZnRh,1.12
Ba2Sn3O7,0.018000000000000002
NbAlOs2,0.701
Sc2ZnIr,0.29600000000000004
LiAgO2,0.049
NbSiPd,1.7469999999999999
Ca3SnO,3.153
ThMg2,0.365
Tl(CuS)2,0.161
CaYRh2,0.79
TmHfOs2,0.5
BeSe,0.01
ScTe,0.027000000000000003
Ta2NbRu,0.474
Li2PmSi,0.41100000000000003
SmCuO3,0.028999999999999998
Tb2IrPd,0.516
LiY2Al,0.39799999999999996
Tb2Ti2S2O5,0.026000000000000002
ZrCuSiP,0.013000000000000001
CoSbS,0.057999999999999996
K3Sr,0.562
Ni3(PbS)2,2.1919999999999997
La3InN,0.031
Cd(InTe2)2,0.09300000000000001
PrDy3,0.752
KHgSb,2.064
SmTmMg2,0.055999999999999994
In2HgTe4,0.171
Th2BiTe,0.35700000000000004
ZrNiSn,0.013000000000000001
YbSbPd,0.14800000000000002
TiTc,0.037000000000000005
Tm2TeO2,0.057999999999999996
Mo2Se3S,0.035
Th3As4,0.534
HfPt3,0.9740000000000001
Lu2MgRu,0.42100000000000004
ErSbPt,0.5589999999999999
Sc2AgIr,0.158
KNdPdO3,0.046
Li2HoTl,1.3090000000000002
SnSe,0.019
Nd2C3,0.769
YErZn2,0.451
Te3W2Se,0.20600000000000002
LiDy2Al,0.59
YB6,0.006
HfSiNi,1.2770000000000001
Dy(SiIr)2,0.249
TbB2,0.017
Sr3In,0.055
Ca3SiBr2,0.008
LiAuI4,0.27399999999999997
Tl2SnHgTe4,0.221
ZrC,0.03
LiInAu2,2.075
Re2AuSe,0.696
Dy3PbC,0.449
LaMg2,0.025
KAgCl3,0.017
NbCrGe,0.47100000000000003
Sr3N2,0.028999999999999998
Ba3PbO,3.173
Li2AcPb,2.066
TmAu2,0.196
NaTl2Bi,2.784
Zr(TiH2)2,0.012
TbPbAu,1.32
TmPb3,1.393
Ni3Pb,1.3030000000000002
HfCuHg2,0.10400000000000001
HoGeRh,0.258
ScInPd2,0.055
Li2GeAu,0.08800000000000001
TbYIr2,2.094
YbSnRh2,0.633
CaPd,0.098
CdCuSb,1.0290000000000001
Lu2RuAu,1.235
YMgIn,0.534
LuSb,1.06
Nd2ZnIr,0.619
HfGaNi2,0.177
AlBi,0.672
Mg2CuSbO6,0.021
AcTiO3,2.048
HoTmMg2,1.415
LaPd3C,0.6459999999999999
DyAs,0.561
Ta2B,0.82
Sc5NCl8,0.413
TbYTl2,0.48700000000000004
Li2MgHg,0.866
TbNiSb,0.053
Tl2Pt2O7,0.355
GeRh,0.107
In2Ni3S2,0.456
MgAgSb,0.059000000000000004
LiNpIr2,2.251
LiHPd,0.021
Li2NdAl,0.19699999999999998
CaYHg2,0.765
TeI2,0.231
ZrHgO3,0.499
BaLi2(MgGe)2,0.152
Sr3(SnIr)4,1.3519999999999999
TmCdAu2,1.273
MoW3(Se3S)2,0.084
CaAg,0.038
SnSb,0.19899999999999998
Sr3SnO,3.103
Ta2CrRu,0.807
DySb,0.898
NaPb3,1.5290000000000001
Er2TeO2,0.053
ScTlTe2,0.063
TbGeAu,0.36
Pm2IrPt,1.139
CaBiPd2,0.6779999999999999
HfGaAu,0.7020000000000001
CuSe,0.581
KTe,0.168
Yb2AgGe,0.055
BaAgSb,0.23199999999999998
Y3TlC,1.012
Er2AgRu,0.08800000000000001
Th3Bi4,1.9340000000000002
ZrV2,0.44799999999999995
LiZn2Au,0.627
NdErZn2,0.281
YbCuSb,0.58
BaTl2,2.063
Ho3TlC,1.082
Hg3(ClO)2,0.306
Mg2TaSnO6,0.053
Te2Mo3WSe6,0.092
KSb2,0.064
Dy3GaC,2.439
DyPbAu,1.32
V3Pt,2.032
VInPt,0.9390000000000001
TbBRh3,0.556
Sc2GaCu,0.006999999999999999
Li2SmTl,1.306
ZnCuAu2,0.111
V2Se9,0.055999999999999994
TbNiB4,0.151
LuBi,1.2770000000000001
La3InC,1.22
W(OF)2,0.027999999999999997
TmZn,0.441
HfW2,0.9740000000000001
Y3B7W,0.8640000000000001
USi3,1.194
Dy5NiPb3,1.3519999999999999
Ba3As2,0.313
Ca5Si3,1.9969999999999999
Lu3SnC,0.125
YCrB4,0.015
PmDy3,0.552
Tl5Te3,1.095
Yb(As2Rh3)2,0.16699999999999998
LiPm2Ir,0.261
GaSi(MoS2)4,0.026000000000000002
TeO2,0.043
UNi2Sn,1.344
CuBr,0.004
NbGeSb,1.349
LiLu2Rh,0.145
PrZnSbO,2.026
ScIr3C,2.053
Dy(GePt)2,0.353
CaHfZn,0.7120000000000001
LiNdTl2,0.625
NdSb,0.465
TbZn,0.4370000000000001
Sb2Rh,0.14
HfAu,0.38
SrSb2,0.491
K4CdP2,0.003
TiSe2,0.804
ZnSnAs2,0.32299999999999995
NdErTl2,0.24
FeSiW,0.053
SmAl7Au3,2.2030000000000003
LiSnS2,0.004
Lu3AlN,0.07400000000000001
ScSbRh2,0.762
LiErTl2,0.6559999999999999
ZrPt3,0.44299999999999995
Sb2Te,1.135
CaGaGeH,0.005
PrCuSb2,0.643
Ho2CdIn,0.48
ThRh2,0.593
Ta2Te3,0.61
YbPmHg2,0.22399999999999998
Tm2AlSi2,0.05
Rb3Ho,0.579
AgBiSe2,2.09
HoB2,0.018000000000000002
ErSb,1.094
Al5CuSe8,0.022000000000000002
TaN,0.268
LiAl2Tc,0.961
Sr3PN,0.006
HoBiPt,1.395
Dy2AlZn,0.158
LiMgSnAu,1.5090000000000001
HgGeO3,0.037000000000000005
Ba2Sb,0.057999999999999996
CaPt2,1.9680000000000002
PmAu3,0.556
Tm2OsAu,0.9420000000000001
CuPd,0.14800000000000002
SmGeRu,0.25
Y4C7,0.013999999999999999
As3W2,0.603
Li3Pb,0.593
ErSnRu2,0.991
NaAgO2,0.012
LiLu2Ga,0.21
Er2TlCd,0.5329999999999999
PdS,0.201
TmP5,0.038
Ho3GaC,1.217
ZnCu2SnS4,0.32299999999999995
HoHfRu2,0.076
Ho2Si3Rh,0.198
ZrSnRh2,0.532
LiHfPd2,0.276
Li2SnAu,0.257
InN,0.006999999999999999
SeS,0.5820000000000001
Li2InPd,0.154
ErMgZn2,0.033
La3TlC,0.9590000000000001
YbAgSb,0.547
PrErZn2,0.259
LiHfIr2,2.0709999999999997
SmBPd3,0.336
Sc3InN,0.009000000000000001
MgAg,0.054000000000000006
HoAu2,0.175
Ca2Ag2O5,0.397
HoSbPd2,0.659
LiTaW2,1.054
Sc2AlTc,0.040999999999999995
TlAgCl3,0.027999999999999997
ThGaAu2,0.638
Ag2F,0.012
PbS,0.268
Rb2PtI6,0.348
YBi,1.4869999999999999
NaNdAu2,0.54
Ca2As,0.4270000000000001
Tb3SnC,0.239
TmTaOs2,0.415
Sr(CdGe)2,0.022000000000000002
SrAs,0.023
CaIn2,0.214
Sm2MgIr,0.976
HoBRh3,0.935
ErH2,0.02
Li2CaSn,0.7659999999999999
RbAl,0.401
TiNbTc2,0.055
YSe,1.181
SiBAu,0.19
DyCd,0.439
Nd2MgAl,0.7290000000000001
BaYSc,0.433
MoP2,0.016
Nb3Bi,1.003
Ho(NiP)2,0.047
MgSnAu,0.107
PrLuIn2,0.081
PmMgAu2,0.953
Tm3SnC,0.087
La(Fe2P)2,0.022000000000000002
Li2PmAl,0.4
Li2TlBi,1.5190000000000001
SrP3,0.006999999999999999
W3(Se2S)2,0.075
Nd(CoSi)2,0.048
Ho4NiB4,0.387
TaAgS3,0.096
K2NaInSb2,0.126
DySnRu2,0.879
In4SnS8,0.013999999999999999
TlPt,0.527
DyMgZn2,0.023
TbMg,0.031
Nb3Ga2,0.34
DyPd,0.075
GaSb,2.423
Lu2MgTc,0.4370000000000001
PtC,0.465
TbAlPd,0.284
NiAg3,1.112
K3AuO,0.016
Sr2H5Rh,0.011000000000000001
Ti8C5,0.003
ZnGeO3,0.001
LiAlPt2,0.804
HfNiGe,1.5590000000000002
DyYTl2,1.6280000000000001
SrHfN2,0.024
CuSe2Br,0.051
Ba(CdSb)2,2.021
Pm2AgRu,0.12
VGaPt,0.93
Tm2ZnOs,0.562
ThTeAs,0.872
Na3Tl,0.301
PrSnAu2,0.131
Ta5Sb4,1.025
LaB6,0.08800000000000001
SrTePd,2.804
HfB4Ir3,0.762
NiSb,0.449
Y2MgAl,0.012
Mg2PdRh,1.581
TmNbOs2,0.342
Lu2HgAu,2.11
AgPbO2,0.053
ScInAu2,0.426
YbPaRu2,0.265
HoBiPd,0.904
Be7Nb2,0.07200000000000001
Sb2Pb2O7,0.11699999999999999
NdInAg2,0.126
CdS,0.002
Si2W,0.064
HfSi,0.4
TaAs2,0.6
LaGaAu2,2.833
Li2MgGe,0.547
SrSbAu,0.648
HfBiRh,0.812
HfB,0.127
Rb2Pd(IBr2)2,0.168
Tl2CdTe4,1.909
Ge(BiTe2)2,2.146
Th3Sb4,0.884
Ca2SnS4,0.006
LiHo2Tc,0.41200000000000003
Zn2PdRh,0.134
In5CuS8,0.04
PmCdAu2,0.741
Ba2GaGeN,0.03
Ni3Bi,0.966
ScAl2,0.001
Li2AcTl,1.395
Y(CuSi)2,0.006
AcYbHg2,0.341
Tm2RuRh,0.125
NaTm3,0.22399999999999998
PaN,0.375
PdCl2,0.027999999999999997
Te2Mo(WS2)2,1.0390000000000001
Sc2CoOs,0.26
Li3PrBi2,0.7609999999999999
CaTcN3,0.011000000000000001
NdNiSb,0.07400000000000001
MgSbO3,0.013000000000000001
Tm2IrOs,0.872
Ca2CdIn,0.182
P3Au2,0.147
Co9Se8,0.048
BaZnSn,0.35200000000000004
HoAl7Au3,2.339
La2CuO4,0.02
ZrZnRh2,0.068
Zr2InCo2,0.312
AgF,0.46
SmBr,0.08
NaCd2Pt,0.20800000000000002
CaHg3,0.883
LiMgPd2,0.025
TbCo3B2,1.64
ZrH2,0.14
InCu(PSe3)2,0.361
SmDyRu2,0.099
CaBiAsO6,0.06
Cs2SnI6,0.563
Er2Te3,0.254
DyNiBi,0.312
KNb4O5F,0.87
Mg(SnO2)4,0.008
PrNbO3,0.385
SmH2,0.01
Er5Sb3,1.074
SrTe,0.019
ThBi,3.187
DyBRh3,0.7709999999999999
RbAg3Te2,0.155
TiBrN,0.005
Ag2Te,0.6859999999999999
ErPbAu,1.319
HgTe,0.17300000000000001
TeW2S3,0.133
ThSbSe,1.226
CdAgPd2,0.08199999999999999
LaSb,1.305
TiNi2Sb,0.021
AcH2,0.07
SbRhO4,0.843
LiTaRu2,0.071
TmTlRh2,2.051
CdNi3N,2.01
Mg2AgAu,0.193
HoSbPt,0.504
PtI3,0.429
NdPt2,0.501
HfMnTl,2.262
LuSb,0.8109999999999999
SrGaSiH,0.003
Sr2AuN,0.057
PmBiAu2,2.135
GeSb,0.635
LaPt3,0.44
Tm2MgTc,0.33799999999999997
ReSi,1.15
MgCuBi,1.35
PaInPt2,0.431
TaCuRh2,0.39399999999999996
ScGaPd2,0.322
Cd2SnO4,0.01
Ba2NF,0.027000000000000003
ThGe,1.1540000000000001
PrZn(BiO3)2,0.159
NaSnPd2,0.071
MgSbPd,0.040999999999999995
NbSiAs,1.0390000000000001
TaPd3,0.11199999999999999
Mo3(Se2S)2,0.024
NaCa2Tl,0.895
Na2BiO3,0.485
Tb3Al,0.225
BaPd5,1.696
Nb2CS2,0.945
LuSnAu,0.507
LuNi2,1.234
PmInCu2,0.25
Bi2TeSe2,2.09
Er(NiGe)2,0.057
TbH2,0.017
Sn3As4,0.038
Na3BiO4,0.033
ErSi2Ni,0.054000000000000006
SnPb,1.272
TbZnSn,0.267
HfCuSi,0.20800000000000002
ZnPd5Se,0.655
NaNdHg2,0.616
SmGe3,0.21100000000000002
YP,0.16399999999999998
LiPrGe,0.122
SnPPd5,0.863
TlAgO2,0.151
Sm(CoB)2,0.165
Sc2CuRu,0.262
NdTmMg2,0.05
SrRh2,0.978
Nd3AlC,0.8540000000000001
Tb3AlC,0.856
VZnRu2,2.012
Ge2SbO6,0.008
In2Au,0.684
Li2ZnSn,0.26
PrCuPb,0.835
TbInPt4,0.613
Na3Sr3GaAs4,0.027000000000000003
NdSe2,0.147
SmSbTe,0.579
PrBiPd2,2.094
GaBi,1.2819999999999998
Ba2Ga2O5,0.01
As2Ru,0.054000000000000006
Y3InC,0.28800000000000003
TiOs,0.446
Nd(SbOs2)2,1.072
CaPmRh2,0.319
TmSbPd,0.035
In3As,0.264
Na2TlBi,2.051
Y(GeRu)2,0.802
Lu2TlAg,0.336
PbSe,1.213
Yb3N2,0.139
ReTeS,0.22
YNiSb,0.033
PrTlAg2,0.317
PmZn2Cd,0.019
BaSe2,0.022000000000000002
Ba2As,0.027999999999999997
Sc2CuPt,2.0340000000000003
ZrH,0.006999999999999999
LuNiSb,0.065
IrN2,0.23800000000000002
AcTlHg2,1.065
SmSe,0.6629999999999999
TbAs,0.54
NbAlNi2,0.027999999999999997
Ho2NiIr,1.094
Cu2SnSe4,0.706
SrSnHg,0.722
BiSbO5,0.14800000000000002
BeAu,1.193
Tb3TlC,1.186
VGaFe2,0.997
LiNd2Ru,0.6940000000000001
RbSbO3,1.5959999999999999
LiPt,0.406
Rb(TeMo)3,0.10800000000000001
LiNdSn,0.431
ScRh3,0.113
NaTeAu,2.094
Ba2Bi,0.539
Hg(Mo3S4)2,0.457
BiI,0.682
YbPb,0.8809999999999999
LuAs,0.696
Li2HgGe,0.899
PbS,1.3090000000000002
Tc3Pt,0.685
PrMgPt,0.649
YMgCd2,0.015
SmPPt,1.4369999999999998
Si2Os,0.39899999999999997
InCuO2,0.051
ZrSiO,0.02
Yb3SiO,1.0170000000000001
Te2W3(SeS)2,1.057
Yb2AsAu,2.051
Tm2AlOs,0.47200000000000003
V3Pb,0.772
TmSnPd2,0.239
CaSn,0.036000000000000004
LuSbPd2,0.639
PrMgZn2,0.011000000000000001
DyPaTc2,0.45799999999999996
Zr2Pd,0.024
Sc3SnC,0.016
Ni3Te,1.054
SmGaAu2,1.215
TaBe2,1.063
Zr2Ga3,0.017
ScAs,0.503
TaAl3,0.341
Sm2NiIr,0.621
Sm3Te4,0.408
Sm3S4,0.527
Ba(MgBi)2,2.081
ErInNi4,1.361
NbAs,0.07200000000000001
Te4W3Se2,0.15
Dy3Ga,0.079
RbSb,0.13
Hf(CuP)2,2.029
Te2Mo,2.18
TmB6,0.045
Li5TiAs3,0.008
LiPm2Si,0.037000000000000005
TmMgHg2,0.36
CdAu,0.067
LiTbHg2,0.8190000000000001
PrAl,0.354
Li2AgF5,0.023
Hf5Ga3,2.4930000000000003
BaAs3,0.289
MgAlIr2,0.498
TmIn,1.5959999999999999
InPd,0.075
PbSe,0.159
W2Se3S,0.10300000000000001
MgScHg2,0.272
RbSc5Te8,0.15
ErMg,0.03
GaNi,0.023
TlCuIr,0.862
TbAgSe2,0.04
Lu(SiRu)2,0.41100000000000003
Sr2Cu(OF)2,0.017
Mo2RuSe4,0.083
Hf2Pd,0.113
TmAs,0.645
Zr2CuS4,0.011000000000000001
Tm2PdRu,0.198
Yb(CdSb)2,0.265
AcCd3,2.123
Mn2SnW,1.063
Cu2Te,2.028
HoTmZn2,1.615
Hf5Te4,0.5660000000000001
LuNiBi,0.42200000000000004
HoPt3,0.765
TiRe2W,0.71
Ho2CuO4,0.065
YSi2Rh3,0.588
HfInNi2,0.146
Zr2CuOs,0.74
YZnSn,0.11199999999999999
AlGeRu2,0.242
CaTl2O4,0.065
Dy(SiOs)2,0.9229999999999999
SrCd,0.301
SmSe2,0.968
ThOs2,2.67
MgGaIr2,0.705
SmBRh3,0.138
Nb3Pb,0.8220000000000001
Ga3Bi,0.956
CaCdGe,0.7290000000000001
Li2PmTl,1.3130000000000002
K5CuAs2,0.015
Nd3Sm,0.305
Lu2RuRh,0.09300000000000001
TbInCu2,0.06
Ge2Sb2Te5,1.364
Li3SmSb2,0.423
HoSbPd,0.032
Pt3Pb,2.343
ZnAg2GeO4,0.066
Mo2As3,0.183
Tm2CdSe4,0.095
Sr5Bi3O2,0.094
PaNi2Ge,1.699
Hf3Au,1.745
TaInS2,0.10400000000000001
Ag2Se,0.8540000000000001
Mg3Ta,0.366
Tm3AlC,2.07
NdZn2Cd,0.013000000000000001
PmGaAu2,1.295
ErAs,0.622
PmPd3,0.039
LiYb2InGe2,0.32899999999999996
BaGe,0.02
LiZnPd2,0.028999999999999998
VGaTc2,0.252
AcMgTl2,1.655
CdNiP,0.43799999999999994
LiTlO2,0.033
ZrBe2,0.006999999999999999
PrSmMg2,1.093
Li2BiO3,0.669
TiO,0.003
Hf2CuOs,0.904
ZrSe2,0.012
KNdTe4,0.175
Ba(CuSe)2,0.023
Ac2CuSn,1.278
TeMoWS3,0.106
YB4,0.008
CdGeO3,0.001
CdAsPt5,0.812
ZrGeS,0.01
HfSiPd,0.544
Ba3Sb2,0.466
TlInTe2,0.128
PRh2,0.18100000000000002
V2AsC,0.48700000000000004
YPd3,0.032
YbSbPd,0.10300000000000001
LiHg,0.107
CaAcIn2,2.065
LiSmGe,0.136
SrAgSb,0.102
Sb7Mo3,1.2329999999999999
Li2CuSn,0.08
ScCuSn,0.027999999999999997
VAg3O4,0.008
ScCdCu2,0.017
HoGeAu,0.33299999999999996
LiHoGe,0.371
InAg3,0.217
HfPd3,0.6970000000000001
YCuSb2,0.991
Ba(P2Pd)2,0.08
GaReAs,1.724
HoGa3,0.031
ZrAsRu,0.397
LuSbRu2,0.18100000000000002
Tb(Fe2P)2,0.03
Zr6CoAs2,0.075
YbBiPd2,0.83
Tm2RuPt,0.221
Li2InPt,0.449
Ca6Ge2O,0.013000000000000001
Sc2OsAu,1.86
LiNd2Ga,2.1790000000000003
YRh3C,0.7809999999999999
IrC,0.14800000000000002
WC,0.09
SrSbSe2F,0.611
NdAgSn,0.424
Al8Mo3,0.013999999999999999
Ca3SbN,0.036000000000000004
Lu2CuOs,0.25
YbPPt,0.209
PmYMg2,0.06
La2AgRu,0.141
LiY(CuP)2,0.006
Ba2Pb,2.4090000000000003
ScAlPt2,1.682
Lu2TcAu,0.535
YPPt,0.442
Pt3O4,2.4090000000000003
ErAlAg2,0.087
Yb2BiAu,1.399
K5P2Au,0.098
InAuO2,0.248
Ti2RePt,2.0340000000000003
SmAlAg2,0.038
BaTiAlCuO5,0.016
Tb2Se3,0.136
Pm2PtRh,0.81
Sb2O5,0.011000000000000001
DyPt3,0.7020000000000001
Ag2HgS2,0.065
LiDy2Os,0.248
TiHgO3,0.187
NaHoTl2,0.823
As(IF3)2,0.278
HoSnAu,0.10800000000000001
Mg(InTe2)2,0.09300000000000001
CaZnGe,0.032
ErSnAu,0.111
LiAc2Ga,1.837
Sr3(InP2)2,0.02
CaGaSiH,0.001
LuN,0.023
Sc3SnB,0.018000000000000002
PbO2,0.05
Li2CdPd,0.106
TmGa2Pd,0.12
Ba5Hf4S3,0.11699999999999999
SmB6,0.033
ErSe,1.012
