"codon","three.letter","WCcognate.conc","wobblecognate.conc","nearcognate.conc"
"AAA","Lys",5.40925266903915e-06,0,0
"AAC","Asn",7.43772241992883e-06,0,5.40925266903915e-06
"AAG","Lys",9.4661921708185e-06,5.40925266903915e-06,0
"AAU","Asn",0,7.43772241992883e-06,5.40925266903915e-06
"ACA","Thr",3.38078291814947e-06,7.43772241992883e-06,1.01423487544484e-05
"ACC","Thr",0,1.08185053380783e-05,7.43772241992883e-06
"ACG","Thr",6.76156583629893e-07,3.38078291814947e-06,3.38078291814947e-06
"ACU","Thr",7.43772241992883e-06,3.38078291814947e-06,7.43772241992883e-06
"AGA","Arg",8.11387900355872e-06,0,0
"AGC","Ser",1.35231316725979e-06,0,2.70462633451957e-06
"AGG","Arg",6.76156583629893e-07,8.11387900355872e-06,4.05693950177936e-06
"AGU","Ser",0,1.35231316725979e-06,2.70462633451957e-06
"AUA","Ile",1.35231316725979e-06,8.79003558718861e-06,4.73309608540925e-06
"AUC","Ile",6.76156583629893e-07,8.79003558718861e-06,7.43772241992883e-06
"AUG","Met",4.05693950177936e-06,0,1.2846975088968e-05
"AUU","Ile",8.79003558718861e-06,6.76156583629893e-07,7.43772241992883e-06
"CAA","Gln",6.08540925266904e-06,0,5.40925266903915e-06
"CAC","His",5.40925266903915e-06,0,1.2846975088968e-05
"CAG","Gln",6.76156583629893e-07,6.08540925266904e-06,1.48754448398577e-05
"CAU","His",0,5.40925266903915e-06,1.2846975088968e-05
"CCA","Pro",6.76156583629893e-06,1.35231316725979e-06,2.09608540925267e-05
"CCC","Pro",0,1.35231316725979e-06,1.82562277580071e-05
"CCG","Pro",0,8.11387900355872e-06,7.43772241992883e-06
"CCU","Pro",1.35231316725979e-06,0,1.82562277580071e-05
"CGA","Arg",0,4.73309608540925e-06,8.11387900355872e-06
"CGC","Arg",0,4.73309608540925e-06,4.05693950177936e-06
"CGG","Arg",6.76156583629893e-07,0,1.2846975088968e-05
"CGU","Arg",4.73309608540925e-06,0,4.05693950177936e-06
"CUA","Leu",2.02846975088968e-06,0,1.48754448398577e-05
"CUC","Leu",6.76156583629893e-07,2.02846975088968e-06,1.69039145907473e-05
"CUG","Leu",0,2.02846975088968e-06,1.69039145907473e-05
"CUU","Leu",0,2.70462633451957e-06,1.69039145907473e-05
"GAA","Glu",1.01423487544484e-05,0,5.40925266903915e-06
"GAC","Asp",1.08185053380783e-05,0,1.2846975088968e-05
"GAG","Glu",1.35231316725979e-06,1.01423487544484e-05,1.48754448398577e-05
"GAU","Asp",0,1.08185053380783e-05,1.2846975088968e-05
"GCA","Ala",4.05693950177936e-06,7.43772241992883e-06,2.09608540925267e-05
"GCC","Ala",0,1.14946619217082e-05,1.82562277580071e-05
"GCG","Ala",0,4.05693950177936e-06,7.43772241992883e-06
"GCU","Ala",7.43772241992883e-06,4.05693950177936e-06,1.82562277580071e-05
"GGA","Gly",2.02846975088968e-06,0,8.11387900355872e-06
"GGC","Gly",1.08185053380783e-05,0,4.05693950177936e-06
"GGG","Gly",1.35231316725979e-06,2.02846975088968e-06,1.2846975088968e-05
"GGU","Gly",0,1.08185053380783e-05,4.05693950177936e-06
"GUA","Val",2.02846975088968e-06,9.4661921708185e-06,1.48754448398577e-05
"GUC","Val",0,9.4661921708185e-06,1.69039145907473e-05
"GUG","Val",1.35231316725979e-06,2.02846975088968e-06,1.69039145907473e-05
"GUU","Val",9.4661921708185e-06,0,1.69039145907473e-05
"UAA","Stop",0,0,1.14946619217082e-05
"UAC","Tyr",5.40925266903915e-06,0,1.2846975088968e-05
"UAG","Stop",0,0,2.16370106761566e-05
"UAU","Tyr",0,5.40925266903915e-06,1.2846975088968e-05
"UCA","Ser",2.70462633451957e-06,7.43772241992883e-06,1.8932384341637e-05
"UCC","Ser",0,7.43772241992883e-06,1.21708185053381e-05
"UCG","Ser",6.76156583629893e-07,2.70462633451957e-06,1.21708185053381e-05
"UCU","Ser",7.43772241992883e-06,0,1.21708185053381e-05
"UGA","Stop",0,0,1.2846975088968e-05
"UGC","Cys",2.70462633451957e-06,0,6.08540925266904e-06
"UGG","Trp",4.05693950177936e-06,0,9.4661921708185e-06
"UGU","Cys",0,2.70462633451957e-06,6.08540925266904e-06
"UUA","Leu",4.73309608540925e-06,0,1.21708185053381e-05
"UUC","Phe",7.43772241992883e-06,0,1.21708185053381e-05
"UUG","Leu",6.76156583629893e-06,4.73309608540925e-06,7.43772241992883e-06
"UUU","Phe",0,7.43772241992883e-06,1.21708185053381e-05
