pretty_comp,delta_e
LaSe,-1.8646565442400005
GeS2,-0.419752935
Pb(NO3)2,-0.526097254713
TiCl3,-1.8655686
Zn(FeO2)2,-1.7423818480000002
EuCl3,-2.4236845395
Mg2Ni,-0.136596932892
Tl2S,-0.328121732979
ThBr4,-2.0015830609200003
CaCl2,-2.7478789051
LiCrO2,-2.40451064
PbI2,-0.6059401360369999
CrF4,-2.58449655282
YCl3,-2.59100531438
SmC2,-0.332458143547
MgV2O6,-2.54306941404
MgSO4,-2.226245196
CaAl4O7,-3.45395343574
Cr(CO)6,-0.858608016862
PuF6,-2.6637950632
Si2Te3,-0.147172634
ReAsO4,-1.3327950280299998
MnSi,-0.31438976618000003
CaSe,-1.90802064992
Li2B8O13,-2.67019194214
HfO2,-3.85412653733
CrO2,-2.00920356317
ZrF2,-3.3165664
Nd2O3,-3.7483418882
Fe2B,-0.354140196387
GaCl3,-1.35946574949
HfB2,-1.13613818691
Ba(NO3)2,-1.1424511789299998
Mg2Cu,-0.0988702991407
Ta2N,-0.93811153478
Tb7O12,-3.67773393511
LiAl(SiO3)2,-3.1659735569
FeI2,-0.397297016667
NaS2,-0.7111720241030001
Na4P2O7,-2.52449699654
MgH2Cl2O,-1.66973571835
InAs,-0.302838787265
B5Mo2,-0.38051677
Tc2O7,-1.28358029193
NpF3,-3.9027695112
Eu2O3,-3.4365846466
SrCO3,-2.541319004
ZrO2,-3.8012687603300006
Na2SiF6,-3.35445356478
CuTe,-0.13009231704000002
ZnH4SO6,-1.37844791
Ca3Al2(HO)12,-1.97022628368
Ca2B2O5,-3.1489070589700003
RbI,-1.7287602359999998
LiTl,-0.277530276352
KO2,-0.979768990667
LaMg,-0.051018119075
NbN,-1.21831475637
TeO2,-1.12210496533
Al2Si2O7,-3.14805279186
Fe2(SO4)3,-1.5747532804299995
CeS,-2.36550989199
CrBr2,-1.02951748667
AgCl,-0.6584835301799999
HgF2,-1.45992489123
BeO,-3.157993069
Al2CoO4,-2.8855756351
GaTe,-0.6504615852000001
Fe3(AsO4)2,-1.5586028401499998
NaBO2,-2.52921094557
ThI2O,-2.593140354
RhCl3,-0.775252578135
PuS,-2.2766155482
AlP,-0.852103640185
AlB12,-0.212150228888
Na2Sn,-0.225493349536
LiFeO2,-1.9438188385
Mo2N,-0.23994805142900005
GdCl3,-2.6382249285
K4FeO3,-1.45488440125
UCl3,-2.31455914067
GeS,-0.317146662
Li2CrO4,-2.056123107
U(OF)2,-3.4276713744
Ni4B3,-0.46151798188
TiB2,-0.965573395523
SrCu5,-0.003425391235
TaF5,-3.28823739533
CoF2,-2.32505123667
PuF4,-3.6859489828
KBO2,-2.55956530134
TaCl4,-1.46657322496
AgNO3,-0.249776834146
BiCl,-0.66130261162
HfSi,-0.75672644551
Ni5P2,-0.57922055444
FeHO2,-1.4509978
BaPb3,-0.45532310964
Li3N,-0.511696965237
Cu2Sb,-0.0397504302067
K2Si4O9,-2.9820077644
KH,-0.2996310457
La2NiO4,-3.017038997
Tb6O11,-3.48647336508
Rb2SO4,-2.126007899
Nb2O5,-2.8124779194
ThCl4,-2.45998021304
TiCoO3,-2.5125063334
TlTe,-0.22766155482
FeCO3,-1.53508934107
CaI2,-1.853131476
GdBr3,-2.1476062973700003
MnCO3,-1.85511727013
CaCO3,-2.5011056364
Cu2O,-0.589381487333
Ti3O5,-3.18591182131
Bi2O3,-1.1821486362
PmI3,-1.6401457275
PuClO,-3.2190628026
Li5FeO4,-2.04176119
PtCl4,-0.475270183682
HgO,-0.4709524288
VBr2,-1.25900315301
NpCl4,-2.0467857881
H4NClO4,-0.306540904509
MoO3,-1.9293088605
KB3O5,-2.67219094446
MoCl3O,-1.276878064
TiC,-0.95401032496
InSb,-0.158060299635
Pr7O12,-3.64258269517
PH3O4,-1.66393172715
BaAl2O4,-3.4462086116000004
CeNi2,-0.37311372
AuI,0.006504615852
EuO,-3.05745965
CoCl2,-1.074774799
CeSi2,-0.6504615852000001
TiClO,-2.64521044648
BiCl3,-0.982195957225
HoF3,-4.399295776230001
SrSiO3,-3.3868361506
Li2Te,-1.22864966093
Pb2O3,-1.0192223118
WCl3O,-1.4219778440000002
Ge2Ru3,-0.36456319725
CaB4O7,-2.88660465905
ZnCO3,-1.68469550567
K2B4O7,-2.652216693
Cs2MoO4,-2.242531906
KSb,-0.472668751912
PuO2,-3.64753208867
MgH2,-0.261525079667
Mn(HO)2,-1.442706384
Na2S3,-0.896770534604
In6Se7,-0.60112766
TiBr3,-1.4224960575
U5Ge3,-0.304633101509
K2O2,-1.1478429025
VN,-1.12530061525
Mg2Al4Si5O18,-3.27360114002
LaBr3,-2.35033400964
UB12,-0.34524499522200003
KF,-2.94659305381
NbClO2,-2.5476412087
SnO,-1.45467711585
Li3AsO4,-2.20550370066
Ga2Se3,-0.841263650192
GdClO,-3.38221368618
ThOF2,-4.3146456010000005
Na2Mo2O7,-2.22457749074
Li2SO4,-2.1268814589
InTe,-0.372931308848
TiMnO3,-2.8160758017000003
Fe3O4,-1.6596009428999998
PdF2,-1.61892661205
CrN,-0.606309795
Be(HO)2,-1.87766577594
ThH2,-0.48264332536
La(HO)3,-2.097580187
SiO2,-3.14624689633
VB,-0.71767387615
P4S3,-0.33192166919
CaCu,-0.04293917061000002
PuI3,-1.50256522538
Y2Cu2O5,-2.5563241637900003
UC,-0.5029780231000001
MnSO4,-1.84008976958
Zn(HO)2,-1.338027257
La2O3,-3.7219129997
SiB14,-0.115637615147
Co9S8,-0.530406758824
WCl6,-0.8790529631
ZnTe,-0.61149193
CaZn,-0.3794359247
SbO2,-1.5676131112799998
Si(Pb2O3)2,-1.6969984594799998
BOF,-2.82589882649
Na5Al3F14,-3.5591845386400003
MnWO4,-2.25493695012
Ca2SiO4,-3.4279378842000003
NbO2,-2.74639335973
Fe3C,0.0648728161042
TiN,-1.74974270061
Be3N2,-1.21939782258
Ca2V2O7,-2.9101268409200003
HgSe,-0.307818819
YS,-2.3837821
Sr2TiO4,-3.3873543641
KAlCl4,-2.06701546123
GeAs,-0.06504615852000001
CuF2,-1.86176836767
TaCl3O,-1.84991233374
NiI2,-0.333038542667
Sr4Al2O7,-3.2836638290099995
SrTiO3,-3.4630549921800005
KHO,-1.46682058553
AsAu3O4,-0.497766090824
Si3Ru2,-0.49461405721
FeSi,-0.40862170902
Co2P,-0.649449341497
LiCl,-2.11568952791
Ca2Si,-0.7220406885770001
UN,-1.506964858
Ce2C3,-0.36599346651
CoWO4,-1.96389097473
Ca3V2O8,-3.01564380681
CaMoO4,-2.6640319608
BeI2,-0.7314065339
CrAsO4,-1.85244052467
TmI3,-1.60361167575
VCl3,-1.5043737905
Sr3Mn2O7,-2.51099487736
TiH2,-0.49868721532
SiRu,-0.549176756625
YN,-1.55026677806
Na2TiO3,-2.68026931713
KAlH6S2O11,-1.6686968236700002
LiAlH4,-0.20236237175
UB2,-0.5680690934570001
La2CoO4,-3.018667668
CsF,-2.8869674085000003
NiCO3,-1.43968830858
CdAu,-0.20121193778
KI,-1.7064770555000002
SeO2,-0.7790476283329999
ScF3,-4.1759716684
AgClO3,-0.06279089336799999
HfSi2,-0.72264872575
MnAl2O4,-3.1098288257
NdF3,-4.35159422355
KNO3,-1.023989876
MnF3,-2.77529239925
V2FeO4,-2.2297838539
Na2B4O7,-2.6227582486500003
CaMg(SiO3)2,-3.31908491761
ThCl2O,-3.1927133735
CaCl2O,-1.933972782
NaCrO2,-2.12120331955
WS2,-0.896191517387
SrSe,-1.99908630827
HoI3,-1.6188989740000002
LaTe,-1.5611078044799995
RuF5,-1.5423882054799998
MgS,-1.80338298
AlB2,-0.52165443764
Sb2O5,-1.43900633961
Cu2SO4,-1.112530354
H4BrN,-0.4690557673899999
KAl(SO4)2,-2.1334849795
SnI2,-0.497098027253
AlAs,-0.602760032525
Cs2RuO4,-1.428196406
FeCl2,-1.17910845033
MoI3,-0.32129237
BaUO4,-3.4497472695
Ni3P,-0.518527019167
Ni3Sn,-0.273194383998
Cu3(AsO4)2,-1.2138633023999998
KAl(SiO3)2,-3.1447268034
CaCN2,-0.908477495783
Ba3(AsO4)2,-2.72793964412
TlBr,-0.89763906043
Ti(FeO2)2,-2.2434794964
Ce2Ni7,-0.335456872333
Ba(HO)2,-1.9497264724
Al3Ni,-0.39027695112
Li3AlF6,-3.5068543972
Cu2SO5,-1.20172803776
VF2,-3.42806867142
Cs2Si4O9,-2.9765147013
Pb2Au,-0.02168205284
GaSe,-0.8239180079199999
NiP3,-0.408707214248
Li2BeF4,-3.3663000899
K2SO3,-1.94632353708
PbF2,-2.33541550667
CaAl2(SiO4)2,-3.37069977946
Na2O2,-1.32975916061
Mg2SiO4,-3.2231991334
AlAsO4,-2.3044954345
LiBeF3,-3.42402315136
Cs2O3,-1.07803125263
Na2SO4,-2.054938619
Cs(TeO3)2,-1.35311302778
InSe,-0.611434926515
CeMg,-0.08347383057999999
CaV2O6,-2.68953958086
NaFeO2,-1.81060428512
PuC2,-0.191963554183
Al4CO4,-2.65210153444
Co3O4,-1.35623876
WC,-0.20749734932100009
NaTe3,-0.4741653525
Ca3Si2O7,-3.4008279151
UB4,-0.509095015254
Zr5Si4,-0.915180011612
TiFe2,-0.302103269571
LaCoO3,-2.6080649028
UBr3,-1.86790833395
ThCl3,-2.4934360766
CaPb,-0.627043517135
Fe3W2,-0.1084102642
CaZn2,-0.32523079260000004
Ta2Si,-0.41195900396
NaAlSi2H2O7,-2.63321818884
Mn3Si,-0.231177115204
AsI3,-0.150691303665
Li3Sb,-0.4683328595570001
SiC,-0.3794359247
K3CrO4,-2.005486245
BiI,-0.282732103465
CaC2,-0.205256766885
Ni3B,-0.230501883013
Sm2O3,-3.7873115434
CdTe,-0.52187208731
K2B8O13,-2.68254344826
Na2UO4,-2.7975977889
EuI3,-1.375338629
MoC,-0.052036926816
MgBr2,-1.81720200667
CoSi,-0.492616344167
NbC,-0.7197985515
Zr3Si,-0.6317540778499999
B5W2,-0.290939865
U3Ge5,-0.310595147826
TlSe,-0.317642074106
TbI3,-1.580551175
BaO2,-2.19133142513
MnHO2,-1.653101065
Li2WO4,-2.3744986753
Cs2CrO4,-2.1172723
NdS,-2.34166170672
FeSO4,-1.60447191016
TbCl3,-2.6185328155
ReO2,-1.5225112630000002
NaAlO2,-2.93617178033
LiF,-3.19701972768
V2C,-0.508806197597
UAl4,-0.24874248
UBr3O,-1.97749857029
Rb3AsO4,-2.16224582875
TiBr,-1.06795510934
UGe,-0.318726176748
TaBr5,-1.03348872945
H4N2O3,-0.421019679111
Au2O3,-0.006937842338000001
Cr3B4,-0.44549778168
K2SO4,-2.1286878031
Cs2S,-1.18239392392
Th2N2O,-2.7921343380000003
LiAlSiO4,-3.145111762
MgZn2,-0.121419495904
Na4SiO4,-2.42597619476
WF5,-2.50124382667
KAlSi3O8,-3.16357382977
B2PbO4,-2.3113062405
SrCrO3,-2.68434593
Cs2SiO3,-2.64015959223
Ca5Si6(H3O10)2,-2.7831538381
SbBr3,-0.6721436380399999
Pb2SO5,-1.5177048327899998
Th2S3,-2.246973736
XeF4,-0.5536800319399999
MnSiO3,-2.7380328486
AuCl,-0.188633859708
U2Cl3O4,-2.76903353176
CoF3,-2.05212546
SiB4,-0.138765138176
V2O3,-2.5222487472
Cu3AsO4,-0.92029535465
Mn3(AsO4)2,-1.8865044254
CaBr2,-2.3623626086700003
CrI3,-0.5182135
HoH12(ClO2)3,-1.35591504481
LaH2,-0.6952697791670001
Cs2Si2O5,-2.8340865997900004
CaMgO2,-3.22302886325
RbNO2,-0.9509217725
HgI,-0.308557273237
BaHfO3,-3.79782091318
CoO,-1.23334813
HfCl4,-2.05285717746
Re2O7,-1.4546252944999998
Al9Co2,-0.312221749337
MoCl2,-1.0018794333299998
MnMoO4,-2.05784308228
CdF2,-2.41971847885
MoS2,-0.95401032496
CoS2,-0.50784923
CuP2,-0.418029011423
BaO,-2.83980998
Cu3P,-0.392445674618
NaSn,-0.23850258124
K2PHO4,-2.30056996724
SrF2,-4.2048879817
Mn7C3,-0.114914880052
ZrN,-1.89284217651
P2S5,-0.27567181468
InI,-0.5311688375
Sn(NO3)2,-0.525238171889
Sb2Te3,-0.117083085336
Pm2O3,-3.75186574
ZnH12SO10,-1.20008314175
CaSi2H4O7,-2.3236989462
B5H7,-0.0124673531208
Ca2Sn,-1.084102642
SbCl3,-0.989785193932
CaMg2,-0.134428727608
TiMn2O4,-2.5908898268
Ce2Ru,-0.268403845666
AuCl3,-0.306800529473
Pu2O3,-3.46166618
ThF4,-4.34893060616
Mo3C2,-0.121159352727
K2Si2O5,-2.88472181667
MoBr2,-0.80841306
UBr5,-1.40066026799
K5Sb4,-0.47700516248
FeF2,-2.46324150333
PuOF,-3.8998675156
NbB2,-0.8672821136
UO3,-3.1709484065
YbCl3,-2.48612926625
MoF5,-2.36650831667
LiFe5O8,-1.7977566619999998
Mg3Al2(SiO4)3,-3.2572827756
ZrPt3,-1.07326161558
ThMg2,-0.1084102642
MoO2,-2.03588810367
ReSi2,-0.312221560896
Cr8O21,-1.68521958034
KBF4,-3.25952836743
ZrPt,-1.5611078044799995
TiNi3,-0.359922595357
PrF3,-4.3765202929
SiB6,-0.17345642272
Pb4Cl2O3,-1.22094555357
CaSO3,-2.40324619906
SnSe,-0.490014394184
Tl2Te3,-0.186465654424
TiO2,-3.26129029333
BMo,-0.6425329186500001
ReO3,-1.52641600172
Ca2Mg5Si8(HO12)2,-3.12444822439
As2Pb3O8,-1.41927516128
CrB2,-0.41132678349
US2,-1.5177436988
ThS2,-2.16268458285
BW2,-0.231814172333
Mg7Al18Si3O40,-3.37826428965
LiNbO3,-5.65988638992
Mg(FeO2)2,-2.1291764044
U(BrO)2,-2.39889320566
Cu(HO)2,-0.92242003
Fe3Mo2,-0.008672821136
Ca2MgSi2O7,-3.34698553245
In5Se7,-0.59076339
CeH2,-0.667807918423
CeRu2,-0.3080261044
SrO2,-2.18844324855
HfI4,-1.02339289405
SnCl2,-1.15043397
TiF2,-3.1864913567400004
BaWO4,-2.94172530167
Ni11As8,-0.422227268091
Ce3S4,-2.4469745348
ErCl3,-2.576557522
Sr(CuO)2,-1.610607558
UF6,-3.253936597
K2FeO2,-1.5417888052000002
Cs2O,-1.19672770933
CdSb,-0.13225844947
Cu2Se,-0.228384289915
Pb4SO7,-1.40496316742
KTl,-0.17454052536200002
B4PbO7,-2.47211159108
Er2O3,-3.9340696066
CrSi,-0.367931585
Sn3S4,-0.5482461932399999
LuI3,-1.5261387575
CaCu2O3,-1.6460291781
Co(HO)2,-1.1236941534
TiF4,-3.4187581022000004
Ga2(SeO4)3,-1.20602913361
TiNiO3,-2.49248256376
Mn3C,-0.039027695112
Np(HO2)2,-2.0591731636
Li4SiO4,-2.68327495543
Cs2UO4,-2.854912202
AlSb,-0.26092049725
RhBr3,-0.546388767995
BaSiO3,-3.3537741293
BaF2,-4.1759716684
ScN,-1.626153963
CeNi3,-0.35238518
NdCl3,-2.69704216075
MnBr2,-1.32983257419
UI3,-1.19370479725
SiS,-0.511108792915
NdI3,-1.6660564025
HfCl3,-2.0055898877
FeP,-0.649917461025
WF6,-2.587069853
Nb5Si3,-0.66130261162
CaH6N2O9,-1.05830712556
W(ClO)2,-1.61748114186
ZrI4,-1.0098944688
MgCr2O4,-2.640815996
Fe2CuO4,-1.4331831004799995
NpCl2O,-2.6647315490200003
UF4,-3.980916107
SnO2,-1.99557109337
CsI,-1.8039011935
Ce3Ru,-0.20410356911
MoI2,-0.359294693333
NbCl3,-1.50690267238
Si(NiO2)2,-2.0779472984000003
TiAl2O5,-3.37724920085
MnB2,-0.32523079260000004
SeCl4,-0.391143404092
Rb2Si4O9,-2.9829405487
ZrI3,-1.01569846
V2FeO6,-2.18843864221
AlNi3,-0.396780530545
CoSO4,-1.5343662605
NiO,-1.2421577595
Ca(HO)2,-2.0436267586000003
SrS,-2.4874248
Ti5Si3,-0.7501995464769999
MoAsO4,-1.573104447
CaH2,-0.61149193
MnAs,-0.29487384577
Al4B2O9,-3.24161199936
PbCO3,-1.44922758268
Na3PO4,-2.48340864537
NbCl3O,-1.82302741736
TiZn2O4,-2.4426363475
TaC,-0.746730107095
NiWO4,-1.94820637947
Sr3(AsO4)2,-2.64453916068
GaF3,-3.0445043125
Pr2O3,-3.7510365984
K2SiO3,-2.66534476833
YRe2,-0.4690557673899999
UCl2O,-2.7644617371
ZnF2,-2.640815996
ThI4,-1.3780333392
FeS,-0.5249502755
P4S7,-0.304653005618
Be3(AsO4)2,-2.18291457488
Pt5Se4,-0.279457569938
HfI2,-0.965573395523
MoCl6,-0.77435903
CdSeO3,-1.1925129062
TbPO4,-3.40483543283
ScBr3,-1.9328456676400003
K3Sb,-0.49868721532
SmOF,-3.96927357703
MgI2,-1.27825996667
BeBr2,-1.23680288667
Mg3Si2H4O9,-2.51368095067
MgNi2,-0.190802064992
PuH2,-0.481340882097
GaI3,-0.564852715
CaWO4,-2.8417964650800003
Rb2O2,-1.062337675
Th3P4,-1.69085662
CeO2,-3.76706666933
Yb2O3,-3.7614008684
K2CrO4,-2.078332257
CoP3,-0.7261155740649999
GaSb,-0.215519812515
InS,-0.69382569088
Cr3C2,-0.17692555117400002
ThAl3,-0.289455923628
BP,-0.40937830073
Ce2SO2,-3.51682482494
K3AlCl6,-2.168205284
Tl2Se,-0.32523079260000004
Al2CdO4,-2.8410388863
ReCl3,-0.6840470021349999
CuF,-1.3473551
AgP2,-0.149663513557
PbBr2,-0.958346044577
CeAl4,-0.337893857686
MgWO4,-2.61846372037
CoSn,-0.15177436988
NaTl,-0.171721962136
Sr7Mn4O15,-2.7263411547900005
AlN,-1.6478360158399998
CaO,-3.2902411542000003
Tl2SO4,-1.37959834397
CaSO4,-2.48331363957
PbSeO3,-1.11522861766
LaS,-2.36334375956
Te2Pd,-0.187911124613
PbSO4,-1.5946068525
NiS2,-0.453879021353
MnS,-1.110013317
AlCl3,-1.82834014216
CaNb2O6,-3.0807792575
TmCl3,-2.58148055025
CaCr2O4,-2.732909938
GaP,-0.59412141348
NbFe2,-0.16030416409
HfF4,-4.001644647
SrAl2O4,-3.4418260060000003
Cu2S,-0.274639335973
ZrB2,-1.11445613407
Sr14Cu24O41,-1.65546254424
MgCl2,-2.22589972033
PuN,-1.55048442773
ZnSeO3,-1.35209364424
KAlH24(SO10)2,-1.3088777476200002
Na2S,-1.29369581945
K3Al2Cl9,-2.1174055549
NiAs,-0.379803856285
ZrSi,-0.8671991994399999
Na3Bi,-0.494642558952
AlI3,-0.801152888865
KNO2,-0.94807159825
P3N5,-0.414723672983
CaAl2SiO6,-3.4183435314
Mn2P,-0.6515187407399999
TiFe,-0.210316948975
Ag3Sb,-0.05962564531
BiAsO4,-1.37363025183
SmI3,-1.6225264685
PuIO,-2.8591393435500003
FeBr3,-0.6804143254999999
Sm(HO)3,-2.082626026
Cr7C3,-0.153942575164
BaMoO4,-2.6040228375
NbCl2,-1.40644180327
GeBr4,-0.721353192
VO2,-2.47464220033
RbH,-0.2710256605
NaAl(SiO3)2,-3.14323434852
KFeO2,-1.787836575
HoCl3,-2.58510804475
ZrS2,-1.99339459667
UBr2O,-2.52270736615
RbNO3,-1.0254408738
RbO2,-0.964222585667
Mn5Si3,-0.26018463408000003
Bi2Se3,-0.290539508056
BiClO,-1.26754676624
PbWO4,-1.93692659895
YAsO4,-2.61716818662
Mg2Al4Si5H2O19,-3.0728084861
CuH2SO5,-1.24695987127
K3PO4,-2.5984520423700004
Hf3Si2,-0.79568573644
TiAl,-0.39027695112
NaVO3,-2.3802582482
TaI5,-0.505914566267
Fe2SiO4,-2.1899850571
CeN,-1.715286685
Nd(HO)3,-2.095803455
BiI3,-0.39027695112
SnTe,-0.31438976618000003
TiI,-0.67327334347
BHO,-1.45365796263
Tl2Te,-0.27753096730300003
Na3Sb,-0.511696965237
NbI5,-0.463973820333
CaAl2O4,-3.4393978056
Pb3SO6,-1.45009610851
Sr3Al2O6,-3.33982005305
Ba3Bi2,-1.38765138176
Cr5Si3,-0.42104846875
SnBr4,-0.804267352
Ca2CuO3,-2.47522950897
Sr(HO)2,-1.9988531122
NaNO3,-0.9694738158
BiBr3,-0.7155077437199999
UClO2,-3.0300720665200003
UAl3,-0.295959503053
ErF3,-4.3884392034
MoCl5,-0.91064621928
Sr4Ti3O10,-3.4438762153800004
In2Te3,-0.397214793458
Bi2S3,-0.29662748025400004
MoCl4,-0.988701609504
P2Os,-0.5261525308199999
RuCl3,-0.5962564531
Mg2Si,-0.273193865784
XeF2,-0.562296195067
GeP,-0.108819652865
BeS,-1.22298386
ZrTe2,-1.01605084518
Cu3As,-0.0303543557625
KAl3Si3(HO6)2,-2.9535208280000003
TiAl3,-0.1203291747
P2O5,-2.2651704329
PtBr2,-0.34691284544
ZrSi2,-0.583432396353
CrO3,-1.50581960616
In2Se3,-0.5716931332
Ho2O3,-3.8992456594
K2O,-1.2495854863299998
UO2,-3.74841098333
CePO4,-3.39913508433
CaB6,-0.2477948896
Zn3S2O9,-1.71784073725
Ca2Fe2O5,-2.46356394729
Ca(NO3)2,-1.07880304527
Sn2S3,-0.546387731568
Na2Se,-1.18528555525
LiClO4,-0.657688936147
CrS,-0.699588225
ThS,-2.04902136113
CaTe,-1.891479275
Ti4O7,-3.20776040913
MgB4,-0.26479673423
Ag2Te,-0.124310436283
ZnWO4,-2.1262299905
NaTe,-0.91065658355
HfC,-1.1925129062
NbSi2,-0.431844583333
CdWO4,-2.03863463522
Al2NiO4,-2.836700699
DyH12(ClO2)3,-1.35206613182
PdS2,-0.270303616357
Ca3Sb2,-1.50907087766
PrS,-2.34166170672
ScCl3,-2.39694990504
GeSe2,-0.39027695112
ZrSiO4,-3.50906544147
BaV2O6,-2.6278606585
CeAl2,-0.56373337384
P4S5,-0.351152983456
MnCl2,-1.6651823490600002
Nb2C,-0.6735877263269999
GaAsO4,-1.7312303870200003
Zr2Si,-0.798667191443
As2O5,-1.37104486
MnSb,-0.19513847556
Ni3S2,-0.448385267302
HgS,-0.305745965
ThRe2,-0.6013142168600001
ZnI2,-0.732408413333
Al(HO)3,-1.9163831352
NiF2,-2.27115703267
U4O9,-3.5971989415400003
Mn(FeO2)2,-1.8157164613
Ag2O,-0.107546575033
Ca3WO6,-3.09679205465
NaClO4,-0.6611575118399999
ThSi2,-0.6013142168600001
InF3,-3.083370325
NaCl,-2.1304793412
TmF3,-3.9005930145
MnF4,-2.275993692
MgB7,-0.19577069603
LiNO2,-0.95429016025
Al2ZnO4,-3.0667726869
Hg2SO4,-1.1002709032
Fe3P,-0.424960980675
CoSi2,-0.34040822958800004
Ba2Pb,-1.01182913253
NiS,-0.45532310964
IrBr3,-0.457683572132
Cs2O2,-1.1400697
AlF3,-3.913548352
Cu2Te,-0.144547018933
SbClO,-1.29225173117
U2C3,-0.379869151186
CaH8(NO5)2,-1.05238304043
NaAlSiO4,-3.1013745426
NaF,-2.9817175648400003
Te2Ru,-0.4895355649100001
TiNi,-0.351250292435
Sb2(SO4)3,-1.46471521618
CsHO,-1.43786972467
La4Ni3O10,-2.73043644835
BaTiO3,-3.4405230692
Ce7Ni3,-0.22801394
B10Pb2O17,-2.5070418613900003
SrI2,-1.96230178667
CeNi,-0.315073808
Ni2B,-0.2201370948
CeB6,-0.50178465144
SnF4,-2.4270011059
VI3,-0.72634877014
BW,-0.34253912350000004
MgTe,-1.084102642
CrCl2,-1.366010786
CrF3,-3.0056383
SiNi,-0.463995930776
HfBr4,-1.5905962254799997
Li2O,-2.06552991587
H4IN,-0.349080705248
YMnO3,-3.0633672839
As2Se3,-0.212484117832
NaNO2,-0.9187925355
LaCl3,-2.776587933
Al5Co2,-0.4336410568
Cs2Te4O9,-1.40656962927
UFe2,-0.111301204579
NdH2,-0.6981614104970001
MoBr4,-0.630147616
CaSiO3,-3.38899191876
TcO2,-1.4960616459600002
TaCl3,-1.43318421094
EuF3,-4.10440638405
TeCl4,-0.6712771850679999
Na2CO3,-1.95326759798
BAs,-0.39027695112
Cr2CoO4,-2.1130673676
Li2Fe3O5,-1.8719944474
NaI,-1.50090176005
Mn4Si7,-0.290539696497
RbBO2,-2.5262908125
CaO2,-2.25493349536
Mg2TiO4,-3.2046026718
P3Au2,-0.212484117832
Mg2Ge,-0.359926913803
TiS,-1.373265775
LiBr,-1.8197585266
HfCl2,-1.87911124613
ScI3,-1.47364372995
Cs2SO4,-2.136372169
TaB2,-0.722735094667
Al2S3,-1.344245819
MgSeO3,-1.8659665879700005
NpCl3,-2.34166170672
Si2N2O,-1.839657925
WCl2,-0.88896416644
CuH10SO9,-1.12354115703
ScAsO4,-2.47536769923
Pr3S4,-2.3014009596
V2B3,-0.7155077437199999
FeWO4,-2.05559749045
RbF,-2.9004409595
AuBr,-0.073718979656
Cd(GaO2)2,-2.0089952907
ThP,-1.8039011935
As2O3,-1.3633160758
Ce2S3,-2.46308949404
Cs2TeO3,-1.7166685876700003
NbO,-2.17470886342
Zn2SiO4,-2.4352036853
LiBH4,-0.32900338688
HgSO4,-1.22212362559
GdI3,-1.59532025975
Ni5As2,-0.37178561283
Cr5O12,-1.80598624076
Ca2Pb,-0.735859715243
SrCrO4,-2.47274208417
Mo(CO)6,-0.784890153358
PdS,-0.36642876585
Cd3As2,-0.112746674768
PtBr3,-0.339323608733
SnSe2,-0.404731653013
Mo2S3,-0.8438650819619999
Ca2Al2SiO7,-3.4424577329300003
Ag2WO4,-1.37030603561
ZrC,-1.01905648348
CaPH5O6,-1.93028150738
Ca3SiO5,-3.37322440933
TiS2,-1.40644180327
Cs3CrO4,-1.99917699564
CdSiO3,-2.46480996286
GeRu,-0.29360940483000003
CeCrO3,-3.19246463102
MnSe,-0.88896416644
Li2B4O7,-2.6889062088
US,-1.58712730432
ZrCl2,-1.72737833333
La2Se3,-1.93403911333
In5S6,-0.729305413709
BeAl6O10,-3.42882363736
Ca3(BO3)2,-3.23090099742
P2S3,-0.323495813802
In2S3,-0.73718979656
VSi2,-0.4336410568
Cr3(AsO4)2,-1.7684872801599998
KBr,-2.03891101575
HfI3,-1.02122520698
MgTiO3,-3.25968728624
MnB,-0.39027695112
WBr4,-0.54930631
FeSi2,-0.280522441101
KAlO2,-2.9294609155
H8S(NO2)2,-0.8159098819670001
Al3Ni2,-0.58541542668
DyCl3,-2.57318913425
BeCl2,-1.7143262626499998
Ca2P2O7,-3.14074127048
VF4,-2.90885674674
CrF2,-2.700928762
Ca12Al14O33,-3.4131824762700003
Ni2Ge,-0.380303068623
MnS2,-0.773326551293
VI2,-0.91064621928
BMo2,-0.456718831333
CsO2,-0.988405882333
ZnS,-1.051973405
MgHClO,-2.071817573
YH2,-0.7660992003470001
MgSiO3,-3.209814419
Ca2Cu,-0.02006522672
U2Cl5O2,-2.5305401632
In2Te5,-0.28372485247
GeI2,-0.26947102
Ca4Ti3O10,-3.45778262706
LaB6,-0.15425291102
V5B6,-0.7194499351450001
BaCrO4,-2.49777179622
Te3As2,-0.078055390224
Ba2Sn,-1.3009231704000002
Ba2TiO4,-3.32100823
GeO2,-2.00342030051
Zr2S3,-2.11269425388
Ni(HO)2,-1.104831182
CaAl4,-0.446650288504
NpO2,-3.71040866
Ni3N,0.00216820787507
SnS,-0.56828328837
Na2O,-1.44402610105
CdBr2,-1.09234223665
FeCl3,-1.02606273
YH3,-0.6884051776700001
PuBrO,-3.07018006405
CaAl2Si2(H2O5)2,-2.65025293658
Li2S,-1.5423173829700003
CuSe2,-0.166229071773
SiRu2,-0.364767027893
CdI2,-0.702497130113
Na2H20SO14,-1.21256356692
AgBrO3,-0.02168205284
In2Te,-0.276084806163
Rb2Si2O5,-2.84960997308
CaHfO3,-3.7553895918
Mg2C3,0.156110780448
Ca3Bi2,-1.09277546314
UClO,-2.88082139639
BaH2,-0.656403766667
TiI4,-0.793903082
Cr3Si,-0.357567315
TaClO2,-2.710256605
HgSeO3,-0.7571368706020001
Co(NO3)2,-0.485446284602
Mg(HO)2,-1.9160425949
NaBi,-0.3290655725
GeF2,-2.27444596101
BaSn3,-0.50410772853
ThC,-0.6503579425
Cd(HO)2,-1.1639075209999998
NiP2,-0.4466516704070001
SrZrO3,-3.66339633128
SrH2,-0.6218562
B2O3,-2.639779569
Lu2O3,-3.8932343828
U(ClO)2,-2.57755249192
Pu2C3,-0.309620129126
Pr6O11,-3.43749914101
SnF2,-2.33887026333
Mn2Sb,-0.112745983817
Pb4Br2O3,-1.11734891699
SbI3,-0.24934360766
La4Co3O10,-2.77731952853
YF3,-4.452412659969999
LiAlO2,-3.0804812847400003
UCl6,-1.5815283776
Co3(AsO4)2,-1.48629212561
ZrBr2,-1.4509978
CaZrO3,-3.65906406642
OsO2,-1.01915321667
FeO,-1.414722855
NdTe,-1.5611078044799995
ZrF4,-3.9618458502
CrI2,-0.5458515533330001
Ca3N2,-0.893395928292
Re2Te5,-0.1393846254
Te2Au,-0.0643234234253
KSb2,-0.370764485467
ZnAs2,-0.256934399008
NaBH4,-0.331373349953
TiO,-2.79698481636
UF3,-3.90914353725
CoB,-0.4878461889
PuBr3,-2.0554575728
UGe3,-0.27644617371
Hf5Si3,-0.71033597299
Co3N,0.02168205284
CuSO4,-1.33005022386
Zn3(AsO4)2,-1.7019247492200005
InP,-0.386001689745
U(SO4)2,-2.18397781853
KCN,-0.392011238967
Rb2SiO3,-2.65404771403
AsBr3,-0.481342609475
AgP3,-0.18007919125
ZnSiAs2,-0.3794359247
Fe2N,-0.013009231704
HoBr3,-2.17904631042
LaCrO3,-3.1805871776
AsS,-0.181763385125
Re5Si3,-0.203810778483
WF4,-2.564120398
ThBr2O,-3.0766335495
Ni3(AsO4)2,-1.47430943498
Mg7Si8(HO12)2,-3.05528568117
Mn3O4,-2.0529842138
PbO2,-0.9482270623
NdBr3,-2.2625227320700003
LaMnO3,-2.9540242354000004
PuF3,-4.02201043755
CrB4,-0.25866108639
KClO4,-0.742971331842
CuS,-0.285017425
MnTe2,-0.4336410568
Al2Si2H4O9,-2.50014236895
FeAsO4,-1.49476093007
PbCl2,-1.24166027454
AlClO,-2.7406100970700003
Na2Te,-1.084102642
EuBr2,-2.48620872565
Li2O2,-1.63885019375
CsBr,-2.101873956
PdO,-0.59842258553
RbHO,-1.446852092
Na3AlF6,-3.4434250648
MgF2,-3.88397563493
RuSe2,-0.589201839987
Na3UO4,-2.62190120325
Zr2Pt,-1.230238849
CsNO3,-1.04679127
K3AsO4,-2.16192194531
BaSO4,-2.52024498833
ThN,-2.027251212
NbCr2,-0.0722735094667
FeBr2,-0.8453789563330001
SrCl2,-2.86347506317
Cr23C6,-0.117382148134
FeClO,-1.4081588173299997
Ni3Sn4,-0.34877101099
MoOF4,-2.36650831667
CsU2O6,-3.20964168117
CuMoO4,-1.5748404622299998
Li2SiO3,-2.84931056083
W(CO)6,-0.7588718494
NiSb,-0.4336410568
WCl5,-0.8860725351100001
Ca(FeO2)2,-2.2510306074
Dy2O3,-3.8611051458
IrCl3,-0.636368769067
NiBi,-0.04032737457
YI3,-1.59796833074
AuSe,-0.041195900396
CaCu5,-0.013473551
NaBr,-1.8715798766
Ti3(AsO4)2,-2.08661456155
InN,-0.5003066325069999
SrMnO3,-2.53700746768
NdSe,-1.8646565442400005
UGe2,-0.302103269571
Na2Ti3O7,-3.00560375243
VO,-2.232463758
FeB,-0.375706860354
BaBr2,-2.59797701333
CeAlO3,-3.66165513392
CoBr2,-0.744154586
Ni3Sn2,-0.398949772256
CaF2,-4.24244118667
ZnSO4,-1.69047807738
BaCl2,-2.95450790133
RbBr,-2.04575143395
CuSe,-0.2168205284
CdSe,-0.750373148
Sr2CuO3,-2.35597130883
CaMg(CO3)2,-2.4110401301
Hf5Si4,-0.777127935212
CeF3,-4.37607981142
WBr5,-0.538437645527
Ca3Mg(SiO4)2,-3.37899632065
FeCuS2,-0.49326670211
Ir2S3,-0.435376035598
CeC2,-0.2168205284
CuBr,-0.544124175
Al4C3,-0.306338209
Nd2S3,-2.39369034212
CuCN,0.32812242393
TiSi,-0.6721436380399999
Bi2(SO4)3,-1.55116542124
Pb3O4,-1.06409367846
AlH3,-0.029538169500000006
In2(SO4)3,-1.69913061706
Na3AsO4,-1.995121975
GeI4,-0.3109281
TlI,-0.6417866912100001
Mg3N2,-0.95661175673
LiB3O5,-2.68537084114
MgCO3,-2.271847984
ZnCl2,-1.43717877333
LiNO3,-1.0005666258
Cr2NiO4,-2.0344913949000003
SrCuO2,-1.99071716025
PtBr4,-0.329567203168
Sb2O3,-1.46871448314
La2Te3,-1.626153963
TiF3,-3.653405175
Ca3P2,-1.04941135746
BaSi2O5,-3.30109772703
HgBr,-0.529041571083
UH3,-0.329568239595
MgMoO4,-2.41971156933
NiSO4,-1.5078423661899998
TiSi2,-0.463994548873
Cs2TeO4,-1.657542895
CaUO4,-3.45030003057
SrWO4,-2.8323822531700005
Ca3Ti2O7,-3.41200405292
La2S3,-2.53246791742
V3B4,-0.7204633453899999
NiSe2,-0.375822249227
Sn2Au,-0.14657150634000002
LaF3,-4.40362285895
SmCl3,-2.65662150775
PtCl2,-0.36859489828
SiMo3,-0.301380016262
Al18B4O33,-3.34021577973
TlCl3,-0.816328771213
K2Se,-1.32983257419
MoCl4O,-1.1314328083299998
ErI3,-1.5396123085
USO6,-2.39044114347
Pb2CO4,-1.35977445668
Si2Mo,-0.473647139
YMn2O5,-2.60564225469
MoCl2O,-1.373265775
K2S,-1.3009231704000002
NaB3O5,-2.65002868044
CdO,-1.34212114365
Li2Si2O5,-2.94909544922
CdCO3,-1.55850637271
Li3CrO4,-2.16224582875
Tl2O3,-0.802194498
AgCN,0.504380654307
TbO2,-3.35638247058
U2S3,-1.770217316
ThO2,-4.236913576
GaBr3,-1.00171187764
Zr3Si2,-0.920475692948
Cs4CrO4,-1.829293655
Ga2O3,-2.261483714
BHO2,-2.0847729105
ZnBr2,-1.13661494333
Na2MoO4,-2.17501609
NiSeO3,-1.1760337169
SrBr2,-2.4804254629900004
Al2Te3,-0.6608693851340001
MgCu2,-0.121419495904
V3B2,-0.629645985332
Cs2Te2O5,-1.558786208
Li2CO3,-2.10026749415
WOF4,-2.5910675
PbO,-1.132814711
MnP3,-0.551915514973
TaN,-1.3074267498299998
Hf2Si,-0.66108496195
NaO2,-0.900527237003
NbBr5,-0.960515631763
Na3As,-0.53121029458
Ag2SO4,-1.05994204802
Ca3Al2O6,-3.37766848268
CaS,-2.461514125
UCd11,-0.0393890626593
PrCl3,-2.7429040555
NaSb,-0.342576434872
Ba3Al2O6,-3.31893133797
Ce7Ru3,-0.23715522614
Cd(FeO2)2,-1.5951796018000002
Mg(NO3)2,-0.90968234217
CuCO3,-1.23587701188
ReBr3,-0.426051820092
CsBO2,-2.492606935
CaGeO3,-2.66428070328
Cr2(SO4)3,-1.7746129858099997
ZnSe,-0.917237895
PdCl2,-0.686453240153
Na2SO3,-1.89139290608
NaIn,-0.154810064563
Mg3(PO4)2,-3.01362676042
TaCl5,-1.4837748038799998
Re3As7,-0.0988701609504
Cr(AgO2)2,-1.08348374702
Rb2O,-1.16770775333
CsH,-0.2800425754
PuH3,-0.35775387186
CrSi2,-0.345475666667
Sb2Se3,-0.264521044648
LiBO2,-2.6416451376
Be2C,-0.313667722037
CeI3,-1.73420147775
KCrO2,-2.2816940405
AgI,-0.3204632284
YbI3,-1.44762941225
KP(HO2)2,-2.0318244461400004
CeCl3,-2.74575422975
Cr2N,-0.43529934
H3AuO3,-0.62881654761
CoI2,-0.325783553667
CeBr3,-2.28745657462
Al2SiO5,-3.36104207364
BeH2,-0.06564037666669999
AuF3,-0.903056982572
PrH2,-0.69093405955
Co3S4,-0.51525228
KAlSiO4,-3.140817993
Mn2SiO4,-2.562195605
Mo2C,-0.183575404997
Ce2(SO4)3,-2.41079016829
Cr2FeO4,-2.1480097636
InCl2,-1.2532233451
XeF6,-0.50044618
FeCuO2,-1.3291139848
BN,-1.300715885
AlNi,-0.613601058945
Nd2Te3,-1.6478360158399998
TiI2,-0.902797012133
OsS2,-0.5102502858829999
TlAsO4,-1.6385133549700002
MoI4,-0.254961042
Ca3Si2(H3O5)2,-2.3604526217700004
HgBr2,-0.58541542668
Fe2P,-0.553624755833
TiFeO3,-2.57183141488
PuCl3,-2.61410209007
CrCl3,-1.476908475
Ga2S3,-1.07022695732
Cd3(AsO4)2,-1.54216351342
LaN,-1.5719488309
UF5,-3.59812906833
NaHO,-1.47103538867
LaS2,-2.15375058211
Co2SiO4,-2.0859425924
DyF3,-4.3841121206699984
HgI2,-0.364131352667
TeBr4,-0.394613361688
SnBr2,-0.841264341143
MgTl,-0.247175402376
Cr2O3,-2.3642972724
BeF2,-3.54803509667
Mn23C6,-0.0950653731034
UCl3O,-2.38703648078
Nb2N,-0.865765475423
BeH8SO8,-1.39560077685
UAl2,-0.341130964683
FeS2,-0.5883450603329999
Ti2Ni,-0.27753096730300003
AlBr3,-1.3243386473999998
CuCl2,-0.7527914776669999
LiI,-1.4157592819999998
ICl,-0.18356158597
PtI4,-0.150907916908
Si2Ni,-0.32523079260000004
MnO2,-1.79657365461
Bi2Te3,-0.167901174
CeNi5,-0.2976618344
PrAl2,-0.578188075733
GaN,-0.5680708208349999
B(HO)2,-1.46180773361
Pb5SO8,-1.3447196142
Sn(SO4)2,-1.55322719045
Mg3Sb2,-0.62218785664
AlCo,-0.57240826783
PrI3,-1.7230598875
Cs2CO3,-1.9604016705
ZnP2,-0.351248565057
MgZn,-0.091064621928
Pb3(ClO)2,-1.2377351774299998
Mn5N2,-0.302340562
CeTe,-1.5611078044799995
BeH4SO6,-1.57447944016
Si2W,-0.32169657653
CuH6SO7,-1.16157901501
ZrI2,-0.960422353333
CuO,-0.807376633
MnP,-0.58541542668
NaH,-0.2921687713
Pb3(BrO)2,-1.09835055203
Tm2O3,-3.91491643564
CaSi,-0.78248165646
CuI,-0.368968012
H2WO4,-1.6756359492
ZrF3,-3.6274945
SrMoO4,-2.69652394725
CuBr2,-0.478483798333
TlCl,-1.0576737535
FeMoO4,-1.8517841209
CuSeO3,-0.896414003716
InBr,-0.9084282655
FeSiO3,-2.39369034212
IrI,-0.23850258124
Mg3Si4(HO6)2,-2.92297090833
MnF2,-2.95381695
Si3N4,-1.227277629
Th3N4,-1.94700215
SmS,-2.23325144252
Na2Ti2O5,-2.92467031959
RbCl,-2.2553687947
TiCl2,-1.77919968333
Sr2CrO4,-2.821154294
SnAu,-0.1578478321
SiI4,-0.39287838289
Zn3P2,-0.404152635796
Th3Si2,-0.59061829022
BaZrO3,-3.66895158
ThCl2,-2.48187300604
WO2,-2.0381786073400003
Nd2Zr2O7,-3.813043199190001
Y2O3,-3.94878687
Na4V2O7,-2.33298123197
MoCl3,-1.09870589843
Ni2P,-0.5680690934570001
NbCl5,-1.37753239948
HfI,-0.741527243555
Pu(SO4)2,-2.07358892096
CsNO2,-0.98434654325
ZnH14SO11,-1.1817340654
NbCl2O,-2.0055898877
Cs3AsO4,-2.16159806187
CoP,-0.7588718494
WCl2O,-1.5883243775
Cr5B3,-0.35498661177
Fe2NiO4,-1.6057067389
InI2,-0.608037173333
AlPO4,-2.99428942435
Ti(CoO2)2,-2.169389772
CaAl2,-0.7588718494
Pd4S,-0.143101548744
Ni3S4,-0.44583388015
Si(PbO2)2,-2.0400881007
MnI2,-0.8383727098129999
Nd2Se3,-1.9513847556
Fe2CoO4,-1.6180994446
CaH4SO6,-1.74692361917
ThC2,-0.432196968513
NiBr2,-0.732062937667
MoBr3,-0.73586317
Fe(HO)2,-1.185672488
Al3Co,-0.394614398115
SmCl2,-2.81735060691
Co2B,-0.4336410568
IrO2,-0.861512669967
Na3AlCl6,-2.051089033
Ag2S,-0.1132814711
UBr4,-1.663465335
Ni3C,0.17464831377
CdCl2,-1.3529587153100002
ErH12(ClO2)3,-1.35414369685
CoSb3,-0.16261539630000002
Re2S7,-0.519887905398
As2S3,-0.1921535658
PtS,-0.431472851516
Al2(SO4)3,-2.09769776485
LuCl3,-2.55764272925
MgB2,-0.37234676402
SrMn3O6,-2.2752681931
AlHO2,-2.58991447496
SrCu,-0.010348723595
Mg2GeO4,-2.742830025
Fe4N,-0.0229829760104
ZrBr4,-1.5743326130000002
UP,-1.38879663359
Sr3N2,-0.810908776216
NaAlCl4,-1.97306335368
MoF3,-2.357871425
Na2H14SO11,-1.279543162
HfN,-1.91322351346
Ca3(AsO4)2,-2.6299016224400003
RuO2,-1.0537491499299998
TePb,-0.355585666576
B(HO)3,-1.620971828
Sm2Zr2O7,-3.83575037255
SiPbO3,-2.37339710146
Ag2CO3,-0.873063648882
AgF,-1.05157956274
SnSO4,-1.752598057
Rb2S,-1.2026318884799998
BeCO3,-2.16613243
VCl2,-1.55809525667
NaCN,-0.313377522477
UH4O5,-1.8932412009
HgF,-1.26832754125
WCl4,-0.918452587444
CoSeO3,-1.20638859088
Mg2Pb,-0.171722134873
Li2TiO3,-2.88587916015
NaS,-1.04290466875
UCl4,-2.1118236552000003
Th(SO4)2,-2.39565390018
PrO2,-3.2797732415
MoPbO4,-1.81910212283
TiPbO3,-2.48477154688
Fe(HO)3,-1.23778996
NaAlSi3O8,-3.13133297755
ThSi,-0.66346874405
PtCl3,-0.435809780298
TaS2,-1.22298386
Sr2MnO4,-2.7207541299
LaAl2,-0.5203692681600001
Rh2O3,-0.73718979656
Ca3Al2(SiO4)3,-3.44412983516
VF3,-3.3606145475
TiI3,-0.8939182875
NaCd2,-0.101182913253
MgO,-3.117572416
B4C,-0.12851694800000002
BaCO3,-2.516444756
LaPO4,-3.4041444815
K4CrO4,-1.82526310556
ReS3,-0.5398825975029999
BaI2,-2.09358254
Na2SiO3,-2.69718035102
Sr4Mn3O10,-2.62669620228
KBH4,-0.391938689077
Nd2(SO4)3,-2.37737454249
Ti2O3,-3.15256219152
Ta2C,-0.7372485274230001
WO3,-2.18403411536
CaTiO3,-3.4421813524
NiHO2,-1.010516325
WCl4O,-1.24198502167
TlF,-1.7064770555000002
SiS2,-0.849389928823
Na2Si2O5,-2.84554487607
CrB,-0.39162430622
Mn2O3,-1.98347460837
BeSO4,-2.07425317645
NdClO,-3.45467375251
InBr3,-1.0338359325
Ta2O5,-3.03376989
CoSb2,-0.17345642272
Mo(ClO)2,-1.500746296
LiH,-0.472610712
Al2Se3,-1.17516726393
U3O8,-3.3681993087299995
ReSi,-0.27362709227
KHF2,-2.41288756123
ZrCl4,-2.0309823492
SbF3,-2.37201606248
Cr2B,-0.31971700096
CsCl,-2.29211013185
K3AlF6,-3.44744640156
EuBr3,-1.9513847556
Al2CO,-1.75624628004
Mg2V2O7,-2.67792950466
V2O5,-2.29642611
FeP2,-0.66412169306
CdSO4,-1.61242130525
IrI2,-0.289094037867
BaTe,-2.122602496
Si3Ru4,-0.49528921537
U(HO2)2,-2.2766155482
ZnSb,-0.098653340422
Cs5CrO4,-1.6651236182
MgGeO3,-2.51874562394
FeCu5S4,-0.394180135202
VB2,-0.7039446731569999
CaSi2,-0.52165443764
GeTe,-0.1036427
Mg3(AsO4)2,-2.43939836732
Hg3(AsO4)2,-1.01328278784
BiF3,-2.35900631257
GaS,-1.084102642
CoS,-0.50784923
Sb2S3,-0.424968235664
Ba2SiO4,-3.3712453273
Mn4N,-0.2666726671
ZnO,-1.8163383175
Si3W5,-0.199032850013
Be2SiO4,-3.1767375916
InAsO4,-1.68989940564
LaAsO4,-2.6893035058200003
K3Bi,-0.448819530215
Cs2Te,-1.2509673890000002
MnO,-1.99626722683
TiBr4,-1.281023772
HgCl2,-0.7950086041329999
LaClO,-3.4922407765
SmClO,-3.45610402177
Al2CuO4,-2.8824811602
TiBr2,-1.36808364
TiB,-0.830421587345
AlH12(ClO2)3,-1.26802132418
Ba3N2,-0.752800460034
SrSO4,-2.51679023167
NbCl4,-1.43968830858
YCuO2,-2.7015506182
GeSe,-0.35775387186
Pu2S3,-2.05112219866
H4NF,-0.807653013533
Ge3N4,-0.5885128628
SiP,-0.17512610661699998
Ca(BO2)2,-2.9939858993
Li2ZrO3,-3.03982311722
MnBi,-0.108819652865
PbS,-0.5154358756399999
GaAs,-0.46040160194
MgUO4,-3.20749973203
Li2Se,-1.38765138176
Tb2O3,-3.8662872808
ZrBr3,-1.5546405
CaH4(NO4)2,-1.06459017635
La2CrO4,-3.2286181660000004
UI4,-1.0615085334
LiC,-0.153942575164
CaCrO3,-2.700928762
ZnH2SO5,-1.49881163227
PdBr2,-0.35703182771700004
SnS2,-0.49001232133
BaS,-2.43560345
SrO,-3.062641785
BeAl2O4,-3.407179732
Tl2O,-0.583971338393
Ca3(PO4)2,-3.2853141396900005
MgC2,0.30354873976
Na2CrO4,-1.987274742
In4Se3,-0.50784923
B6PbO10,-2.5324666980900004
PmCl3,-2.668799525
LaI3,-1.7619258999999998
NiB,-0.240670786524
CrBr3,-1.036427
YbCl2,-2.76229214991
NaPO3,-2.5290891654
PtS2,-0.381605511887
Ca6Si6H2O19,-3.14901070167
Ca2AlH13O10,-1.65408965691
LiAl,-0.253681054655
Ni6P5,-0.523917617325
MgAl2O4,-3.4245324812
MgSe,-1.4136708816
Mn5C2,-0.11252636
MgTi2O5,-3.25094761556
Mn11Si19,-0.290785832206
EuS,-2.168205284
ReS2,-0.6172164617970001
InCl,-0.963985934835
CdS,-0.7742109690000001
InCl3,-1.373265775
B2S3,-0.52297069993
Ag2Se,-0.150328899691
ZrCl3,-1.95703328275
NiCl2,-1.053009832
CaMgSiO4,-3.3489473407
BeWO4,-2.61412800075
Al2O3,-3.47346071926
Mg3P2,-0.962683146096
K2CO3,-1.98907615083
Sb2Au,-0.0450983935267
HgCl,-0.6864437395730001
PbSe,-0.518201062876
Ce2O3,-3.7305153438
SrHfO3,-3.7024281721
Th3Si5,-0.629863894109
TaFe2,-0.199474195177
Zn3N2,-0.045965952020800005
TePd,-0.19513847556
PdI2,-0.218409716467
Al6Si2O13,-3.3655301727
CuCl,-0.709952495
Cd(NO3)2,-0.526222777539
CaTiSiO5,-3.37266301137
Al2FeO4,-2.9328959307
Be3(BO3)2,-2.92494774702
KCl,-2.2629554403400003
DyI3,-1.60983023775
Ga2Te3,-0.569804763206
GdF3,-4.4025346106
OsO4,-0.816909688546
PrBr3,-2.30913862746
Si3Mo5,-0.401551981346
CaPHO4,-2.6864039779000004
FeP(H2O3)2,-1.6304724088299998
Gd2O3,-3.813014933
FeTe2,-0.250066342755
La2Zr2O7,-3.84693436209
LiHO,-1.684193875
MgB20,-0.08092027186669999
Mn3Ga2(GeO4)3,-2.06435011646
MnSn2,-0.0953996505933
CaAl12O19,-3.46344753891
NbF5,-3.133118821
Sc2O3,-3.9562491444
SnI4,-0.430117205
Rb2CO3,-1.95642870033
TcO3,-1.39849240818
Na3VO4,-2.27824144306
H4NCl,-0.543352036885
Cs2MnO4,-1.75896468
W2C,-0.0910639309767
In2O3,-1.913244242
BaC2,-0.255848223512
Sr2SiO4,-3.412065745
RuS2,-0.7111720241030001
CoCO3,-1.477944902
MnTe,-0.56156724141
NaHCO3,-1.64240859312
FeF3,-2.566193252
Sn3(AsO4)2,-1.42370787984
CaSn,-0.8239180079199999
Na2WO4,-2.2871426853
Zr5Si3,-0.81022680725
UCl5,-1.79899543903
TaCr2,-0.0932335181633
HgTe,-0.234869386392
TiCdO3,-2.55077121824
WBr6,-0.50797952368
VBr3,-1.15998982694
Na2B8O13,-2.66180138965
InI3,-0.58039912
IrS2,-0.459658829257
SrC2,-0.259099840487
WCl3,-0.7902755875
AgBr,-0.5203692681600001
Ti2CoO5,-2.77568105938
Sr3Cr2O8,-2.68155554962
