TIME,NS1_FLOW [m^3 s^-1],NS1_SALT_FLUX [psu m^3 s^-1],NS1_TEMP_FLUX [degrees celsius m^3 s^-1],NS2_FLOW [m^3 s^-1],NS2_SALT_FLUX [psu m^3 s^-1],NS2_TEMP_FLUX [degrees celsius m^3 s^-1]
01/05/2011 00:00:00,  0.0000000E+00,  0.0000000E+00,  0.0000000E+00,  0.0000000E+00,  0.0000000E+00,  0.0000000E+00
01/05/2011 00:15:00,  0.1999996E+02, -0.1439375E+01,  0.1985602E+03, -0.7598708E+02, -0.7429725E+03, -0.1519742E+04
01/05/2011 00:30:00,  0.1999999E+02, -0.9497241E+00,  0.1990502E+03, -0.1330358E+03, -0.1324548E+04, -0.2660716E+04
01/05/2011 00:45:00,  0.1999998E+02, -0.6503529E+00,  0.1993495E+03, -0.1955176E+03, -0.1955931E+04, -0.3910352E+04
01/05/2011 01:00:00,  0.2000001E+02, -0.4499259E+00,  0.1995502E+03, -0.2122377E+03, -0.2120180E+04, -0.4244753E+04
01/05/2011 01:15:00,  0.2000008E+02, -0.3168885E+00,  0.1996839E+03, -0.1862984E+03, -0.1857338E+04, -0.3725968E+04
01/05/2011 01:30:00,  0.2000011E+02, -0.2284762E+00,  0.1997726E+03, -0.1329722E+03, -0.1319920E+04, -0.2659444E+04
01/05/2011 01:45:00,  0.2000017E+02, -0.1668773E+00,  0.1998348E+03, -0.8329015E+02, -0.8198854E+03, -0.1665802E+04
01/05/2011 02:00:00,  0.2000007E+02, -0.1240648E+00,  0.1998767E+03, -0.6407866E+02, -0.6282898E+03, -0.1281573E+04
01/05/2011 02:15:00,  0.2000001E+02, -0.9271956E-01,  0.1999073E+03, -0.5521478E+02, -0.5407140E+03, -0.1104295E+04
01/05/2011 02:30:00,  0.2000004E+02, -0.7021565E-01,  0.1999302E+03, -0.6263106E+02, -0.6198445E+03, -0.1252621E+04
01/05/2011 02:45:00,  0.2000000E+02, -0.5356819E-01,  0.1999464E+03, -0.8344312E+02, -0.8355001E+03, -0.1668862E+04
01/05/2011 03:00:00,  0.2000002E+02, -0.4097296E-01,  0.1999592E+03, -0.1035691E+03, -0.1041367E+04, -0.2071383E+04
01/05/2011 03:15:00,  0.2000010E+02, -0.3182331E-01,  0.1999691E+03, -0.8669273E+02, -0.8649418E+03, -0.1733854E+04
01/05/2011 03:30:00,  0.2000008E+02, -0.2460882E-01,  0.1999762E+03, -0.4841518E+02, -0.4603575E+03, -0.9683034E+03
01/05/2011 03:45:00,  0.2000008E+02, -0.1929016E-01,  0.1999815E+03, -0.1703521E+02, -0.5725505E+02, -0.3407041E+03
01/05/2011 04:00:00,  0.2000007E+02, -0.1521272E-01,  0.1999855E+03, -0.4360670E+00,  0.2401926E+03, -0.8721264E+01
01/05/2011 04:15:00,  0.2000015E+02, -0.1202510E-01,  0.1999895E+03,  0.3011313E+02,  0.1074131E+04,  0.6022627E+03
01/05/2011 04:30:00,  0.2000012E+02, -0.9510258E-02,  0.1999916E+03,  0.5317420E+02,  0.1878003E+04,  0.1063484E+04
01/05/2011 04:45:00,  0.2000004E+02, -0.7487335E-02,  0.1999929E+03,  0.5008067E+02,  0.1766334E+04,  0.1001613E+04
01/05/2011 05:00:00,  0.2000011E+02, -0.5979866E-02,  0.1999951E+03,  0.3215299E+02,  0.1136794E+04,  0.6430599E+03
01/05/2011 05:15:00,  0.2000007E+02, -0.4768370E-02,  0.1999959E+03,  0.4211076E+02,  0.1483943E+04,  0.8422150E+03
01/05/2011 05:30:00,  0.2000005E+02, -0.3785832E-02,  0.1999967E+03,  0.6993049E+02,  0.2455617E+04,  0.1398610E+04
01/05/2011 05:45:00,  0.1999998E+02, -0.3019622E-02,  0.1999968E+03,  0.8469605E+02,  0.2970234E+04,  0.1693921E+04
01/05/2011 06:00:00,  0.2000007E+02, -0.2437492E-02,  0.1999983E+03,  0.8906519E+02,  0.3121454E+04,  0.1781304E+04
01/05/2011 06:15:00,  0.2000011E+02, -0.1949003E-02,  0.1999991E+03,  0.1049888E+03,  0.3677437E+04,  0.2099775E+04
01/05/2011 06:30:00,  0.2000003E+02, -0.1568072E-02,  0.1999987E+03,  0.1218390E+03,  0.4266174E+04,  0.2436781E+04
01/05/2011 06:45:00,  0.2000001E+02, -0.1262977E-02,  0.1999988E+03,  0.1173932E+03,  0.4109890E+04,  0.2347863E+04
01/05/2011 07:00:00,  0.2000002E+02, -0.1013411E-02,  0.1999992E+03,  0.9972523E+02,  0.3491123E+04,  0.1994505E+04
01/05/2011 07:15:00,  0.2000001E+02, -0.8205247E-03,  0.1999993E+03,  0.8702200E+02,  0.3046300E+04,  0.1740440E+04
01/05/2011 07:30:00,  0.1999997E+02, -0.6602752E-03,  0.1999990E+03,  0.8646796E+02,  0.3026767E+04,  0.1729359E+04
01/05/2011 07:45:00,  0.2000004E+02, -0.5363055E-03,  0.1999999E+03,  0.8514044E+02,  0.2980206E+04,  0.1702809E+04
01/05/2011 08:00:00,  0.2000009E+02, -0.4343357E-03,  0.2000004E+03,  0.8301092E+02,  0.2905601E+04,  0.1660218E+04
01/05/2011 08:15:00,  0.2000001E+02, -0.3553923E-03,  0.1999997E+03,  0.7132542E+02,  0.2496561E+04,  0.1426508E+04
01/05/2011 08:30:00,  0.2000010E+02, -0.2901239E-03,  0.2000007E+03,  0.6215080E+02,  0.2175418E+04,  0.1243016E+04
01/05/2011 08:45:00,  0.1999998E+02, -0.2376174E-03,  0.1999995E+03,  0.5284433E+02,  0.1849671E+04,  0.1056886E+04
01/05/2011 09:00:00,  0.2000007E+02, -0.1935848E-03,  0.2000005E+03,  0.4356042E+02,  0.1524720E+04,  0.8712084E+03
01/05/2011 09:15:00,  0.2000007E+02, -0.1595577E-03,  0.2000005E+03,  0.1282737E+02,  0.4495260E+03,  0.2565475E+03
01/05/2011 09:30:00,  0.2000005E+02, -0.1321373E-03,  0.2000004E+03, -0.1355955E+02, -0.4716320E+03, -0.2711911E+03
01/05/2011 09:45:00,  0.2000002E+02, -0.1098270E-03,  0.2000001E+03, -0.2199518E+02, -0.7648223E+03, -0.4399036E+03
01/05/2011 10:00:00,  0.1999999E+02, -0.9168193E-04,  0.1999998E+03, -0.1846641E+02, -0.6410212E+03, -0.3693283E+03
01/05/2011 10:15:00,  0.2000004E+02, -0.7716141E-04,  0.2000003E+03, -0.3331771E+02, -0.1155389E+04, -0.6663543E+03
01/05/2011 10:30:00,  0.2000004E+02, -0.6547260E-04,  0.2000003E+03, -0.4931171E+02, -0.1705036E+04, -0.9862343E+03
01/05/2011 10:45:00,  0.1999995E+02, -0.5586428E-04,  0.1999995E+03, -0.4984317E+02, -0.1715853E+04, -0.9968636E+03
01/05/2011 11:00:00,  0.2000006E+02, -0.4791647E-04,  0.2000006E+03, -0.4530263E+02, -0.1551877E+04, -0.9060527E+03
01/05/2011 11:15:00,  0.2000000E+02, -0.4154567E-04,  0.2000000E+03, -0.8208264E+02, -0.2789240E+04, -0.1641653E+04
01/05/2011 11:30:00,  0.2000012E+02, -0.3634635E-04,  0.2000012E+03, -0.1276727E+03, -0.4263907E+04, -0.2553455E+04
01/05/2011 11:45:00,  0.1999999E+02, -0.3202031E-04,  0.1999999E+03, -0.1465925E+03, -0.4750994E+04, -0.2931850E+04
01/05/2011 12:00:00,  0.2000003E+02, -0.2852837E-04,  0.2000003E+03, -0.1446111E+03, -0.4497976E+04, -0.2892223E+04
01/05/2011 12:15:00,  0.2000000E+02, -0.2579263E-04,  0.1999999E+03, -0.1397112E+03, -0.4132240E+04, -0.2794224E+04
01/05/2011 12:30:00,  0.2000003E+02, -0.2376288E-04,  0.2000003E+03, -0.1324421E+03, -0.3703310E+04, -0.2648843E+04
01/05/2011 12:45:00,  0.1999999E+02, -0.2212267E-04,  0.1999999E+03, -0.1113487E+03, -0.2942588E+04, -0.2226975E+04
01/05/2011 13:00:00,  0.2000004E+02, -0.2065607E-04,  0.2000004E+03, -0.9495384E+02, -0.2378310E+04, -0.1899077E+04
01/05/2011 13:15:00,  0.2000007E+02, -0.1943662E-04,  0.2000007E+03, -0.9828918E+02, -0.2343643E+04, -0.1965783E+04
01/05/2011 13:30:00,  0.2000002E+02, -0.1837158E-04,  0.2000002E+03, -0.1164027E+03, -0.2625869E+04, -0.2328053E+04
01/05/2011 13:45:00,  0.2000000E+02, -0.1741569E-04,  0.2000000E+03, -0.1293409E+03, -0.2727116E+04, -0.2586816E+04
01/05/2011 14:00:00,  0.2000004E+02, -0.1661332E-04,  0.2000004E+03, -0.1333072E+03, -0.2617294E+04, -0.2666143E+04
01/05/2011 14:15:00,  0.2000002E+02, -0.1594204E-04,  0.2000002E+03, -0.1211198E+03, -0.2209191E+04, -0.2422395E+04
01/05/2011 14:30:00,  0.1999995E+02, -0.1542162E-04,  0.1999995E+03, -0.1034564E+03, -0.1768782E+04, -0.2069126E+04
01/05/2011 14:45:00,  0.2000009E+02, -0.1498573E-04,  0.2000009E+03, -0.8561035E+02, -0.1385360E+04, -0.1712207E+04
01/05/2011 15:00:00,  0.2000006E+02, -0.1455818E-04,  0.2000006E+03, -0.7219619E+02, -0.1117021E+04, -0.1443923E+04
01/05/2011 15:15:00,  0.2000013E+02, -0.1408608E-04,  0.2000013E+03, -0.4897213E+02, -0.7102880E+03, -0.9794421E+03
01/05/2011 15:30:00,  0.2000004E+02, -0.1358200E-04,  0.2000004E+03, -0.3234128E+02, -0.4155372E+03, -0.6468253E+03
01/05/2011 15:45:00,  0.2000015E+02, -0.1306232E-04,  0.2000015E+03, -0.3071774E+02, -0.3910019E+03, -0.6143545E+03
01/05/2011 16:00:00,  0.2000007E+02, -0.1255820E-04,  0.2000007E+03, -0.3640400E+02, -0.4909838E+03, -0.7280798E+03
01/05/2011 16:15:00,  0.1999991E+02, -0.1201902E-04,  0.1999991E+03, -0.1687085E+02, -0.1501201E+03, -0.3374169E+03
01/05/2011 16:30:00,  0.2000010E+02, -0.1147747E-04,  0.2000010E+03,  0.1007338E+02,  0.4537207E+03,  0.2014677E+03
01/05/2011 16:45:00,  0.2000011E+02, -0.1096840E-04,  0.2000011E+03,  0.2383034E+02,  0.8499543E+03,  0.4766069E+03
01/05/2011 17:00:00,  0.2000008E+02, -0.1050600E-04,  0.2000008E+03,  0.2708241E+02,  0.9623302E+03,  0.5416481E+03
01/05/2011 17:15:00,  0.2000015E+02, -0.9992159E-05,  0.2000014E+03,  0.5052317E+02,  0.1780910E+04,  0.1010463E+04
01/05/2011 17:30:00,  0.2000006E+02, -0.9439245E-05,  0.2000006E+03,  0.7608416E+02,  0.2672704E+04,  0.1521683E+04
01/05/2011 17:45:00,  0.2000009E+02, -0.8906227E-05,  0.2000009E+03,  0.7878939E+02,  0.2764685E+04,  0.1575788E+04
01/05/2011 18:00:00,  0.2000006E+02, -0.8429315E-05,  0.2000006E+03,  0.6854149E+02,  0.2404204E+04,  0.1370830E+04
01/05/2011 18:15:00,  0.2000005E+02, -0.7930702E-05,  0.2000005E+03,  0.8096828E+02,  0.2837810E+04,  0.1619366E+04
01/05/2011 18:30:00,  0.1999991E+02, -0.7451811E-05,  0.1999991E+03,  0.1034932E+03,  0.3624984E+04,  0.2069865E+04
01/05/2011 18:45:00,  0.2000000E+02, -0.7019098E-05,  0.2000000E+03,  0.1105423E+03,  0.3870758E+04,  0.2210847E+04
01/05/2011 19:00:00,  0.2000009E+02, -0.6623423E-05,  0.2000009E+03,  0.1062780E+03,  0.3720878E+04,  0.2125561E+04
01/05/2011 19:15:00,  0.2000003E+02, -0.6247055E-05,  0.2000003E+03,  0.1051409E+03,  0.3680702E+04,  0.2102819E+04
01/05/2011 19:30:00,  0.2000014E+02, -0.5857875E-05,  0.2000014E+03,  0.1082412E+03,  0.3788957E+04,  0.2164824E+04
01/05/2011 19:45:00,  0.2000006E+02, -0.5507359E-05,  0.2000006E+03,  0.9912863E+02,  0.3469859E+04,  0.1982573E+04
01/05/2011 20:00:00,  0.2000003E+02, -0.5189706E-05,  0.2000003E+03,  0.8451031E+02,  0.2958113E+04,  0.1690206E+04
01/05/2011 20:15:00,  0.2000012E+02, -0.4907883E-05,  0.2000012E+03,  0.6760277E+02,  0.2366290E+04,  0.1352055E+04
01/05/2011 20:30:00,  0.1999998E+02, -0.4649703E-05,  0.1999998E+03,  0.6032117E+02,  0.2111399E+04,  0.1206423E+04
01/05/2011 20:45:00,  0.2000004E+02, -0.4411418E-05,  0.2000004E+03,  0.5733186E+02,  0.2006747E+04,  0.1146637E+04
01/05/2011 21:00:00,  0.2000010E+02, -0.4200940E-05,  0.2000009E+03,  0.5615611E+02,  0.1965576E+04,  0.1123122E+04
01/05/2011 21:15:00,  0.2000003E+02, -0.4017712E-05,  0.2000003E+03,  0.3406968E+02,  0.1192537E+04,  0.6813935E+03
01/05/2011 21:30:00,  0.2000011E+02, -0.3847968E-05,  0.2000011E+03,  0.1126488E+02,  0.3947295E+03,  0.2252975E+03
01/05/2011 21:45:00,  0.1999979E+02, -0.3680406E-05,  0.1999978E+03, -0.8908125E+00, -0.2996566E+02, -0.1781625E+02
01/05/2011 22:00:00,  0.2000016E+02, -0.3529858E-05,  0.2000015E+03, -0.5293852E+01, -0.1836023E+03, -0.1058770E+03
01/05/2011 22:15:00,  0.2000005E+02, -0.3410484E-05,  0.2000005E+03, -0.3919647E+02, -0.1364195E+04, -0.7839293E+03
01/05/2011 22:30:00,  0.2000000E+02, -0.3311676E-05,  0.1999999E+03, -0.7056116E+02, -0.2447617E+04, -0.1411223E+04
01/05/2011 22:45:00,  0.2000000E+02, -0.3217728E-05,  0.2000000E+03, -0.7871628E+02, -0.2713669E+04, -0.1574325E+04
01/05/2011 23:00:00,  0.2000007E+02, -0.3134207E-05,  0.2000007E+03, -0.7264597E+02, -0.2484264E+04, -0.1452919E+04
01/05/2011 23:15:00,  0.2000003E+02, -0.3079482E-05,  0.2000003E+03, -0.9330334E+02, -0.3155029E+04, -0.1866067E+04
01/05/2011 23:30:00,  0.2000008E+02, -0.3045753E-05,  0.2000008E+03, -0.1171287E+03, -0.3887191E+04, -0.2342574E+04
01/05/2011 23:45:00,  0.2000002E+02, -0.3011127E-05,  0.2000002E+03, -0.1208733E+03, -0.3903295E+04, -0.2417465E+04
02/05/2011 00:00:00,  0.2000008E+02, -0.2977099E-05,  0.2000008E+03, -0.1159414E+03, -0.3621066E+04, -0.2318827E+04
02/05/2011 00:15:00,  0.2000005E+02, -0.2964467E-05,  0.2000005E+03, -0.1286765E+03, -0.3864042E+04, -0.2573530E+04
02/05/2011 00:30:00,  0.2000001E+02, -0.2970645E-05,  0.2000001E+03, -0.1468660E+03, -0.4179523E+04, -0.2937319E+04
02/05/2011 00:45:00,  0.1999999E+02, -0.2977714E-05,  0.1999999E+03, -0.1469429E+03, -0.3925220E+04, -0.2938857E+04
02/05/2011 01:00:00,  0.2000004E+02, -0.2982567E-05,  0.2000004E+03, -0.1393016E+03, -0.3471044E+04, -0.2786032E+04
02/05/2011 01:15:00,  0.2000002E+02, -0.2997990E-05,  0.2000002E+03, -0.1376490E+03, -0.3203924E+04, -0.2752979E+04
02/05/2011 01:30:00,  0.2000010E+02, -0.3024213E-05,  0.2000010E+03, -0.1399318E+03, -0.3028297E+04, -0.2798635E+04
02/05/2011 01:45:00,  0.2000009E+02, -0.3046550E-05,  0.2000009E+03, -0.1349847E+03, -0.2718435E+04, -0.2699693E+04
02/05/2011 02:00:00,  0.2000005E+02, -0.3058745E-05,  0.2000005E+03, -0.1282455E+03, -0.2412726E+04, -0.2564909E+04
02/05/2011 02:15:00,  0.2000006E+02, -0.3065591E-05,  0.2000006E+03, -0.1203367E+03, -0.2119272E+04, -0.2406734E+04
02/05/2011 02:30:00,  0.1999996E+02, -0.3069716E-05,  0.1999996E+03, -0.1172990E+03, -0.1951471E+04, -0.2345980E+04
02/05/2011 02:45:00,  0.2000000E+02, -0.3067672E-05,  0.2000000E+03, -0.1139658E+03, -0.1797381E+04, -0.2279316E+04
02/05/2011 03:00:00,  0.2000004E+02, -0.3055315E-05,  0.2000004E+03, -0.1097446E+03, -0.1648296E+04, -0.2194891E+04
02/05/2011 03:15:00,  0.2000000E+02, -0.3031434E-05,  0.2000000E+03, -0.9236523E+02, -0.1320051E+04, -0.1847304E+04
02/05/2011 03:30:00,  0.1999999E+02, -0.3000949E-05,  0.1999999E+03, -0.7611089E+02, -0.1043916E+04, -0.1522217E+04
02/05/2011 03:45:00,  0.1999998E+02, -0.2964674E-05,  0.1999998E+03, -0.6726596E+02, -0.8946581E+03, -0.1345319E+04
02/05/2011 04:00:00,  0.1999999E+02, -0.2916911E-05,  0.1999999E+03, -0.6453394E+02, -0.8411626E+03, -0.1290679E+04
02/05/2011 04:15:00,  0.2000003E+02, -0.2849798E-05,  0.2000003E+03, -0.3882092E+02, -0.4477006E+03, -0.7764183E+03
02/05/2011 04:30:00,  0.1999994E+02, -0.2770761E-05,  0.1999994E+03, -0.1316589E+02, -0.4199369E+02, -0.2633177E+03
02/05/2011 04:45:00,  0.2000005E+02, -0.2690324E-05,  0.2000005E+03, -0.3152650E+01,  0.1547909E+03, -0.6305292E+02
02/05/2011 05:00:00,  0.2000006E+02, -0.2605429E-05,  0.2000006E+03, -0.3111992E+01,  0.1348077E+03, -0.6223978E+02
02/05/2011 05:15:00,  0.1999999E+02, -0.2502393E-05,  0.1999999E+03,  0.2077604E+02,  0.7442986E+03,  0.4155207E+03
02/05/2011 05:30:00,  0.2000002E+02, -0.2384815E-05,  0.2000002E+03,  0.4923822E+02,  0.1738210E+04,  0.9847644E+03
02/05/2011 05:45:00,  0.2000006E+02, -0.2276763E-05,  0.2000006E+03,  0.5622667E+02,  0.1979955E+04,  0.1124534E+04
02/05/2011 06:00:00,  0.2000008E+02, -0.2175571E-05,  0.2000008E+03,  0.5172585E+02,  0.1820109E+04,  0.1034517E+04
02/05/2011 06:15:00,  0.2000007E+02, -0.2061292E-05,  0.2000007E+03,  0.7064466E+02,  0.2480209E+04,  0.1412893E+04
02/05/2011 06:30:00,  0.2000011E+02, -0.1946737E-05,  0.2000011E+03,  0.9480785E+02,  0.3323774E+04,  0.1896157E+04
02/05/2011 06:45:00,  0.2000005E+02, -0.1838247E-05,  0.2000005E+03,  0.9895714E+02,  0.3467175E+04,  0.1979143E+04
02/05/2011 07:00:00,  0.2000014E+02, -0.1742836E-05,  0.2000014E+03,  0.9112980E+02,  0.3192053E+04,  0.1822596E+04
02/05/2011 07:15:00,  0.2000008E+02, -0.1643955E-05,  0.2000008E+03,  0.9977542E+02,  0.3493856E+04,  0.1995509E+04
02/05/2011 07:30:00,  0.2000004E+02, -0.1548134E-05,  0.2000004E+03,  0.1160706E+03,  0.4063594E+04,  0.2321412E+04
02/05/2011 07:45:00,  0.2000011E+02, -0.1460426E-05,  0.2000011E+03,  0.1174135E+03,  0.4110189E+04,  0.2348269E+04
02/05/2011 08:00:00,  0.1999999E+02, -0.1380656E-05,  0.1999999E+03,  0.1085344E+03,  0.3799180E+04,  0.2170688E+04
02/05/2011 08:15:00,  0.2000008E+02, -0.1307305E-05,  0.2000008E+03,  0.1016212E+03,  0.3557072E+04,  0.2032424E+04
02/05/2011 08:30:00,  0.2000002E+02, -0.1233360E-05,  0.2000002E+03,  0.1017542E+03,  0.3561630E+04,  0.2035083E+04
02/05/2011 08:45:00,  0.2000010E+02, -0.1167264E-05,  0.2000009E+03,  0.9590397E+02,  0.3356807E+04,  0.1918079E+04
02/05/2011 09:00:00,  0.2000009E+02, -0.1107544E-05,  0.2000009E+03,  0.8662673E+02,  0.3032057E+04,  0.1732535E+04
02/05/2011 09:15:00,  0.2000002E+02, -0.1056223E-05,  0.2000002E+03,  0.6680759E+02,  0.2338358E+04,  0.1336152E+04
02/05/2011 09:30:00,  0.2000005E+02, -0.1005744E-05,  0.2000005E+03,  0.5179238E+02,  0.1812810E+04,  0.1035848E+04
02/05/2011 09:45:00,  0.2000002E+02, -0.9593962E-06,  0.2000002E+03,  0.4365660E+02,  0.1528049E+04,  0.8731320E+03
02/05/2011 10:00:00,  0.2000009E+02, -0.9179971E-06,  0.2000009E+03,  0.4016334E+02,  0.1405779E+04,  0.8032668E+03
02/05/2011 10:15:00,  0.2000001E+02, -0.8833900E-06,  0.2000001E+03,  0.1677981E+02,  0.5875498E+03,  0.3355962E+03
02/05/2011 10:30:00,  0.1999998E+02, -0.8526866E-06,  0.1999998E+03, -0.4717101E+01, -0.1639873E+03, -0.9434199E+02
02/05/2011 10:45:00,  0.1999980E+02, -0.8223677E-06,  0.1999980E+03, -0.1091625E+02, -0.3803403E+03, -0.2183251E+03
02/05/2011 11:00:00,  0.2000003E+02, -0.7947976E-06,  0.2000003E+03, -0.9375365E+01, -0.3263532E+03, -0.1875074E+03
02/05/2011 11:15:00,  0.2000002E+02, -0.7727086E-06,  0.2000002E+03, -0.4035362E+02, -0.1405888E+04, -0.8070727E+03
02/05/2011 11:30:00,  0.2000004E+02, -0.7547005E-06,  0.2000004E+03, -0.7490212E+02, -0.2603001E+04, -0.1498043E+04
02/05/2011 11:45:00,  0.2000002E+02, -0.7367875E-06,  0.2000002E+03, -0.8687168E+02, -0.3003972E+04, -0.1737434E+04
02/05/2011 12:00:00,  0.1999999E+02, -0.7204724E-06,  0.1999999E+03, -0.8344718E+02, -0.2865409E+04, -0.1668944E+04
02/05/2011 12:15:00,  0.2000004E+02, -0.7110280E-06,  0.2000005E+03, -0.1041300E+03, -0.3539066E+04, -0.2082599E+04
02/05/2011 12:30:00,  0.2000006E+02, -0.7071944E-06,  0.2000006E+03, -0.1272692E+03, -0.4250946E+04, -0.2545385E+04
02/05/2011 12:45:00,  0.2000002E+02, -0.7037197E-06,  0.2000002E+03, -0.1277348E+03, -0.4160828E+04, -0.2554697E+04
02/05/2011 13:00:00,  0.2000009E+02, -0.7002258E-06,  0.2000009E+03, -0.1183572E+03, -0.3740783E+04, -0.2367143E+04
02/05/2011 13:15:00,  0.1999991E+02, -0.7013082E-06,  0.1999991E+03, -0.1248880E+03, -0.3805760E+04, -0.2497759E+04
02/05/2011 13:30:00,  0.2000007E+02, -0.7062318E-06,  0.2000007E+03, -0.1382761E+03, -0.4024401E+04, -0.2765522E+04
02/05/2011 13:45:00,  0.2000002E+02, -0.7110065E-06,  0.2000002E+03, -0.1362303E+03, -0.3752184E+04, -0.2724605E+04
02/05/2011 14:00:00,  0.2000003E+02, -0.7141479E-06,  0.2000003E+03, -0.1296375E+03, -0.3370604E+04, -0.2592749E+04
02/05/2011 14:15:00,  0.1999997E+02, -0.7187665E-06,  0.1999997E+03, -0.1193881E+03, -0.2924569E+04, -0.2387761E+04
02/05/2011 14:30:00,  0.1999996E+02, -0.7251940E-06,  0.1999996E+03, -0.1121769E+03, -0.2590423E+04, -0.2243538E+04
02/05/2011 14:45:00,  0.1999998E+02, -0.7307268E-06,  0.1999998E+03, -0.1022239E+03, -0.2232176E+04, -0.2044477E+04
02/05/2011 15:00:00,  0.1999990E+02, -0.7332135E-06,  0.1999990E+03, -0.9389811E+02, -0.1948101E+04, -0.1877962E+04
02/05/2011 15:15:00,  0.2000005E+02, -0.7320886E-06,  0.2000005E+03, -0.8246870E+02, -0.1626899E+04, -0.1649373E+04
02/05/2011 15:30:00,  0.2000006E+02, -0.7286951E-06,  0.2000005E+03, -0.7689332E+02, -0.1455002E+04, -0.1537866E+04
02/05/2011 15:45:00,  0.2000013E+02, -0.7236106E-06,  0.2000013E+03, -0.7696246E+02, -0.1401530E+04, -0.1539249E+04
02/05/2011 16:00:00,  0.1999999E+02, -0.7168266E-06,  0.2000000E+03, -0.7772529E+02, -0.1365546E+04, -0.1554505E+04
02/05/2011 16:15:00,  0.2000005E+02, -0.7073974E-06,  0.2000005E+03, -0.6119826E+02, -0.1024759E+04, -0.1223965E+04
02/05/2011 16:30:00,  0.1999996E+02, -0.6964120E-06,  0.1999996E+03, -0.4187698E+02, -0.6568992E+03, -0.8375397E+03
02/05/2011 16:45:00,  0.2000010E+02, -0.6857064E-06,  0.2000010E+03, -0.3190428E+02, -0.4654005E+03, -0.6380856E+03
02/05/2011 17:00:00,  0.2000005E+02, -0.6736196E-06,  0.2000005E+03, -0.2877560E+02, -0.4081337E+03, -0.5755120E+03
02/05/2011 17:15:00,  0.1999992E+02, -0.6573212E-06,  0.1999992E+03, -0.3689819E+01,  0.9946307E+02, -0.7379633E+02
02/05/2011 17:30:00,  0.1999993E+02, -0.6374503E-06,  0.1999993E+03,  0.2376671E+02,  0.8469970E+03,  0.4753342E+03
02/05/2011 17:45:00,  0.2000001E+02, -0.6181031E-06,  0.2000001E+03,  0.3244128E+02,  0.1149062E+04,  0.6488255E+03
02/05/2011 18:00:00,  0.2000002E+02, -0.5977647E-06,  0.2000002E+03,  0.2942637E+02,  0.1041962E+04,  0.5885273E+03
02/05/2011 18:15:00,  0.1999998E+02, -0.5747330E-06,  0.1999998E+03,  0.4921724E+02,  0.1733107E+04,  0.9843448E+03
02/05/2011 18:30:00,  0.1999999E+02, -0.5483641E-06,  0.2000000E+03,  0.7585826E+02,  0.2663182E+04,  0.1517165E+04
02/05/2011 18:45:00,  0.2000008E+02, -0.5242700E-06,  0.2000008E+03,  0.8123589E+02,  0.2849185E+04,  0.1624718E+04
02/05/2011 19:00:00,  0.2000002E+02, -0.5019816E-06,  0.2000002E+03,  0.7572033E+02,  0.2654545E+04,  0.1514406E+04
02/05/2011 19:15:00,  0.2000003E+02, -0.4773970E-06,  0.2000004E+03,  0.8701456E+02,  0.3048648E+04,  0.1740291E+04
02/05/2011 19:30:00,  0.2000009E+02, -0.4524049E-06,  0.2000009E+03,  0.1050890E+03,  0.3680260E+04,  0.2101780E+04
02/05/2011 19:45:00,  0.2000003E+02, -0.4283314E-06,  0.2000003E+03,  0.1052308E+03,  0.3684471E+04,  0.2104616E+04
02/05/2011 20:00:00,  0.2000006E+02, -0.4074880E-06,  0.2000005E+03,  0.9513377E+02,  0.3330629E+04,  0.1902676E+04
02/05/2011 20:15:00,  0.2000008E+02, -0.3864391E-06,  0.2000008E+03,  0.9253663E+02,  0.3239443E+04,  0.1850733E+04
02/05/2011 20:30:00,  0.1999995E+02, -0.3661327E-06,  0.1999995E+03,  0.9819912E+02,  0.3437434E+04,  0.1963982E+04
02/05/2011 20:45:00,  0.2000005E+02, -0.3467190E-06,  0.2000005E+03,  0.9508447E+02,  0.3328280E+04,  0.1901689E+04
02/05/2011 21:00:00,  0.2000004E+02, -0.3301923E-06,  0.2000004E+03,  0.8758649E+02,  0.3065763E+04,  0.1751730E+04
02/05/2011 21:15:00,  0.2000004E+02, -0.3141212E-06,  0.2000004E+03,  0.7050898E+02,  0.2467993E+04,  0.1410180E+04
02/05/2011 21:30:00,  0.1999999E+02, -0.2990396E-06,  0.1999999E+03,  0.5979186E+02,  0.2092861E+04,  0.1195837E+04
02/05/2011 21:45:00,  0.1999998E+02, -0.2846925E-06,  0.1999998E+03,  0.5027845E+02,  0.1759869E+04,  0.1005569E+04
02/05/2011 22:00:00,  0.2000010E+02, -0.2719403E-06,  0.2000010E+03,  0.4409224E+02,  0.1543336E+04,  0.8818447E+03
02/05/2011 22:15:00,  0.2000007E+02, -0.2611163E-06,  0.2000007E+03,  0.1403790E+02,  0.4917291E+03,  0.2807581E+03
02/05/2011 22:30:00,  0.2000007E+02, -0.2513183E-06,  0.2000007E+03, -0.1353003E+02, -0.4709104E+03, -0.2706007E+03
02/05/2011 22:45:00,  0.2000006E+02, -0.2418916E-06,  0.2000006E+03, -0.2591557E+02, -0.9017031E+03, -0.5183113E+03
02/05/2011 23:00:00,  0.2000012E+02, -0.2332759E-06,  0.2000012E+03, -0.2632953E+02, -0.9144680E+03, -0.5265906E+03
02/05/2011 23:15:00,  0.1999998E+02, -0.2270600E-06,  0.1999998E+03, -0.5448857E+02, -0.1887902E+04, -0.1089771E+04
02/05/2011 23:30:00,  0.2000011E+02, -0.2223855E-06,  0.2000011E+03, -0.8007841E+02, -0.2758298E+04, -0.1601568E+04
02/05/2011 23:45:00,  0.1999999E+02, -0.2177667E-06,  0.1999999E+03, -0.8482980E+02, -0.2894665E+04, -0.1696596E+04
03/05/2011 00:00:00,  0.2000000E+02, -0.2134967E-06,  0.1999999E+03, -0.7884184E+02, -0.2658680E+04, -0.1576837E+04
03/05/2011 00:15:00,  0.2000007E+02, -0.2109265E-06,  0.2000007E+03, -0.1007827E+03, -0.3344662E+04, -0.2015654E+04
03/05/2011 00:30:00,  0.2000005E+02, -0.2096609E-06,  0.2000005E+03, -0.1276830E+03, -0.4125481E+04, -0.2553661E+04
03/05/2011 00:45:00,  0.2000008E+02, -0.2084803E-06,  0.2000008E+03, -0.1332209E+03, -0.4152657E+04, -0.2664419E+04
03/05/2011 01:00:00,  0.1999999E+02, -0.2074097E-06,  0.1999998E+03, -0.1268222E+03, -0.3782938E+04, -0.2536445E+04
03/05/2011 01:15:00,  0.1999998E+02, -0.2078931E-06,  0.1999998E+03, -0.1383545E+03, -0.3926890E+04, -0.2767091E+04
03/05/2011 01:30:00,  0.2000010E+02, -0.2097919E-06,  0.2000009E+03, -0.1540555E+03, -0.4103552E+04, -0.3081112E+04
03/05/2011 01:45:00,  0.2000002E+02, -0.2116800E-06,  0.2000002E+03, -0.1532491E+03, -0.3801010E+04, -0.3064982E+04
03/05/2011 02:00:00,  0.2000002E+02, -0.2132748E-06,  0.2000002E+03, -0.1458902E+03, -0.3363397E+04, -0.2917805E+04
03/05/2011 02:15:00,  0.2000003E+02, -0.2155890E-06,  0.2000003E+03, -0.1428666E+03, -0.3058680E+04, -0.2857333E+04
03/05/2011 02:30:00,  0.2000001E+02, -0.2185575E-06,  0.2000001E+03, -0.1441970E+03, -0.2870240E+04, -0.2883941E+04
03/05/2011 02:45:00,  0.2000003E+02, -0.2212356E-06,  0.2000003E+03, -0.1389286E+03, -0.2577596E+04, -0.2778573E+04
03/05/2011 03:00:00,  0.1999999E+02, -0.2232072E-06,  0.1999998E+03, -0.1338336E+03, -0.2323828E+04, -0.2676672E+04
03/05/2011 03:15:00,  0.2000011E+02, -0.2246197E-06,  0.2000011E+03, -0.1231049E+03, -0.2011187E+04, -0.2462099E+04
03/05/2011 03:30:00,  0.1999999E+02, -0.2257121E-06,  0.1999999E+03, -0.1181617E+03, -0.1833342E+04, -0.2363235E+04
03/05/2011 03:45:00,  0.2000004E+02, -0.2263697E-06,  0.2000004E+03, -0.1143261E+03, -0.1693255E+04, -0.2286523E+04
03/05/2011 04:00:00,  0.2000001E+02, -0.2262511E-06,  0.2000001E+03, -0.1115206E+03, -0.1584001E+04, -0.2230411E+04
03/05/2011 04:15:00,  0.2000001E+02, -0.2251169E-06,  0.2000001E+03, -0.9197832E+02, -0.1247451E+04, -0.1839567E+04
03/05/2011 04:30:00,  0.2000006E+02, -0.2233203E-06,  0.2000006E+03, -0.7307369E+02, -0.9529609E+03, -0.1461474E+04
03/05/2011 04:45:00,  0.2000008E+02, -0.2211628E-06,  0.2000008E+03, -0.6287907E+02, -0.7976050E+03, -0.1257581E+04
03/05/2011 05:00:00,  0.2000012E+02, -0.2181723E-06,  0.2000012E+03, -0.5973024E+02, -0.7460502E+03, -0.1194605E+04
03/05/2011 05:15:00,  0.1999998E+02, -0.2135283E-06,  0.1999998E+03, -0.3168971E+02, -0.3200165E+03, -0.6337943E+03
03/05/2011 05:30:00,  0.2000004E+02, -0.2077253E-06,  0.2000004E+03, -0.1824435E+01,  0.2082145E+03, -0.3648875E+02
03/05/2011 05:45:00,  0.2000010E+02, -0.2017799E-06,  0.2000010E+03,  0.9532813E+01,  0.4647205E+03,  0.1906562E+03
03/05/2011 06:00:00,  0.2000007E+02, -0.1952782E-06,  0.2000007E+03,  0.8915388E+01,  0.4310522E+03,  0.1783077E+03
03/05/2011 06:15:00,  0.2000004E+02, -0.1874219E-06,  0.2000003E+03,  0.3234842E+02,  0.1148141E+04,  0.6469684E+03
03/05/2011 06:30:00,  0.2000005E+02, -0.1786413E-06,  0.2000005E+03,  0.5936701E+02,  0.2091135E+04,  0.1187340E+04
03/05/2011 06:45:00,  0.2000011E+02, -0.1703627E-06,  0.2000011E+03,  0.6458107E+02,  0.2270675E+04,  0.1291621E+04
03/05/2011 07:00:00,  0.2000009E+02, -0.1625959E-06,  0.2000009E+03,  0.5804787E+02,  0.2039733E+04,  0.1160957E+04
03/05/2011 07:15:00,  0.2000000E+02, -0.1542452E-06,  0.2000000E+03,  0.7855376E+02,  0.2755581E+04,  0.1571075E+04
03/05/2011 07:30:00,  0.1999989E+02, -0.1456126E-06,  0.1999989E+03,  0.1052344E+03,  0.3687467E+04,  0.2104687E+04
03/05/2011 07:45:00,  0.2000006E+02, -0.1379194E-06,  0.2000006E+03,  0.1115060E+03,  0.3905466E+04,  0.2230119E+04
03/05/2011 08:00:00,  0.2000000E+02, -0.1307267E-06,  0.2000000E+03,  0.1044471E+03,  0.3657408E+04,  0.2088942E+04
03/05/2011 08:15:00,  0.1999997E+02, -0.1236748E-06,  0.1999997E+03,  0.1129180E+03,  0.3953286E+04,  0.2258359E+04
03/05/2011 08:30:00,  0.1999998E+02, -0.1165304E-06,  0.1999998E+03,  0.1290822E+03,  0.4518624E+04,  0.2581645E+04
03/05/2011 08:45:00,  0.2000011E+02, -0.1097508E-06,  0.2000011E+03,  0.1290410E+03,  0.4516918E+04,  0.2580820E+04
03/05/2011 09:00:00,  0.2000000E+02, -0.1040002E-06,  0.2000000E+03,  0.1189277E+03,  0.4162782E+04,  0.2378554E+04
03/05/2011 09:15:00,  0.2000006E+02, -0.9838929E-07,  0.2000005E+03,  0.1055121E+03,  0.3693130E+04,  0.2110241E+04
03/05/2011 09:30:00,  0.2000006E+02, -0.9309969E-07,  0.2000006E+03,  0.9968786E+02,  0.3489222E+04,  0.1993757E+04
03/05/2011 09:45:00,  0.2000009E+02, -0.8806250E-07,  0.2000009E+03,  0.8977135E+02,  0.3142103E+04,  0.1795427E+04
03/05/2011 10:00:00,  0.2000002E+02, -0.8384001E-07,  0.2000002E+03,  0.8060657E+02,  0.2821309E+04,  0.1612131E+04
03/05/2011 10:15:00,  0.2000000E+02, -0.8008271E-07,  0.2000000E+03,  0.5883737E+02,  0.2059369E+04,  0.1176748E+04
03/05/2011 10:30:00,  0.2000006E+02, -0.7670742E-07,  0.2000006E+03,  0.4543518E+02,  0.1590283E+04,  0.9087035E+03
03/05/2011 10:45:00,  0.1999998E+02, -0.7348554E-07,  0.1999998E+03,  0.4049659E+02,  0.1417429E+04,  0.8099318E+03
03/05/2011 11:00:00,  0.2000004E+02, -0.7059621E-07,  0.2000004E+03,  0.3949756E+02,  0.1382459E+04,  0.7899513E+03
03/05/2011 11:15:00,  0.2000009E+02, -0.6819588E-07,  0.2000009E+03,  0.1129623E+02,  0.3956862E+03,  0.2259247E+03
03/05/2011 11:30:00,  0.2000005E+02, -0.6606679E-07,  0.2000005E+03, -0.1679342E+02, -0.5861860E+03, -0.3358683E+03
03/05/2011 11:45:00,  0.2000006E+02, -0.6390931E-07,  0.2000006E+03, -0.2754923E+02, -0.9612542E+03, -0.5509847E+03
03/05/2011 12:00:00,  0.2000013E+02, -0.6196767E-07,  0.2000013E+03, -0.2696337E+02, -0.9399074E+03, -0.5392675E+03
03/05/2011 12:15:00,  0.1999999E+02, -0.6055927E-07,  0.1999999E+03, -0.5709570E+02, -0.1987932E+04, -0.1141914E+04
03/05/2011 12:30:00,  0.2000010E+02, -0.5955162E-07,  0.2000009E+03, -0.8683646E+02, -0.3013584E+04, -0.1736730E+04
03/05/2011 12:45:00,  0.2000002E+02, -0.5855772E-07,  0.2000002E+03, -0.9287286E+02, -0.3205148E+04, -0.1857457E+04
03/05/2011 13:00:00,  0.2000000E+02, -0.5765001E-07,  0.2000000E+03, -0.8622507E+02, -0.2953723E+04, -0.1724501E+04
03/05/2011 13:15:00,  0.2000011E+02, -0.5723746E-07,  0.2000011E+03, -0.1028340E+03, -0.3486400E+04, -0.2056681E+04
03/05/2011 13:30:00,  0.1999987E+02, -0.5721959E-07,  0.1999987E+03, -0.1221287E+03, -0.4072026E+04, -0.2442575E+04
03/05/2011 13:45:00,  0.1999996E+02, -0.5720715E-07,  0.1999996E+03, -0.1234142E+03, -0.4019251E+04, -0.2468284E+04
03/05/2011 14:00:00,  0.1999996E+02, -0.5716753E-07,  0.1999996E+03, -0.1137843E+03, -0.3605751E+04, -0.2275686E+04
03/05/2011 14:15:00,  0.1999994E+02, -0.5744970E-07,  0.1999994E+03, -0.1226820E+03, -0.3759812E+04, -0.2453641E+04
03/05/2011 14:30:00,  0.2000001E+02, -0.5802513E-07,  0.2000001E+03, -0.1372378E+03, -0.4031803E+04, -0.2744756E+04
03/05/2011 14:45:00,  0.1999997E+02, -0.5859549E-07,  0.1999997E+03, -0.1387524E+03, -0.3866712E+04, -0.2775049E+04
03/05/2011 15:00:00,  0.2000007E+02, -0.5905810E-07,  0.2000007E+03, -0.1327594E+03, -0.3498773E+04, -0.2655190E+04
03/05/2011 15:15:00,  0.1999994E+02, -0.5970369E-07,  0.1999994E+03, -0.1290953E+03, -0.3204274E+04, -0.2581907E+04
03/05/2011 15:30:00,  0.2000002E+02, -0.6051662E-07,  0.2000002E+03, -0.1291811E+03, -0.3016823E+04, -0.2583622E+04
03/05/2011 15:45:00,  0.2000009E+02, -0.6127721E-07,  0.2000009E+03, -0.1232034E+03, -0.2705084E+04, -0.2464070E+04
03/05/2011 16:00:00,  0.2000001E+02, -0.6184167E-07,  0.2000001E+03, -0.1162839E+03, -0.2405957E+04, -0.2325679E+04
03/05/2011 16:15:00,  0.2000002E+02, -0.6225042E-07,  0.2000002E+03, -0.9971053E+02, -0.1946117E+04, -0.1994212E+04
03/05/2011 16:30:00,  0.2000000E+02, -0.6257419E-07,  0.2000000E+03, -0.8694085E+02, -0.1612670E+04, -0.1738818E+04
03/05/2011 16:45:00,  0.1999996E+02, -0.6277062E-07,  0.1999996E+03, -0.7805205E+02, -0.1386796E+04, -0.1561042E+04
03/05/2011 17:00:00,  0.2000003E+02, -0.6271505E-07,  0.2000003E+03, -0.7344612E+02, -0.1258088E+04, -0.1468923E+04
03/05/2011 17:15:00,  0.1999998E+02, -0.6225493E-07,  0.1999999E+03, -0.4893949E+02, -0.7870234E+03, -0.9787902E+03
03/05/2011 17:30:00,  0.1999989E+02, -0.6150100E-07,  0.1999988E+03, -0.2281377E+02, -0.2882540E+03, -0.4562758E+03
03/05/2011 17:45:00,  0.2000003E+02, -0.6068699E-07,  0.2000003E+03, -0.1247914E+02, -0.9668105E+02, -0.2495830E+03
03/05/2011 18:00:00,  0.2000007E+02, -0.5968020E-07,  0.2000007E+03, -0.1106654E+02, -0.7591161E+02, -0.2213310E+03
03/05/2011 18:15:00,  0.2000024E+02, -0.5816966E-07,  0.2000023E+03,  0.1156100E+02,  0.4817307E+03,  0.2312200E+03
03/05/2011 18:30:00,  0.2000002E+02, -0.5636604E-07,  0.2000002E+03,  0.3481607E+02,  0.1232493E+04,  0.6963214E+03
03/05/2011 18:45:00,  0.2000011E+02, -0.5453005E-07,  0.2000011E+03,  0.3906752E+02,  0.1379379E+04,  0.7813504E+03
03/05/2011 19:00:00,  0.2000010E+02, -0.5279474E-07,  0.2000010E+03,  0.3332642E+02,  0.1176892E+04,  0.6665285E+03
03/05/2011 19:15:00,  0.2000014E+02, -0.5074180E-07,  0.2000014E+03,  0.5423114E+02,  0.1907030E+04,  0.1084623E+04
03/05/2011 19:30:00,  0.2000001E+02, -0.4856365E-07,  0.2000001E+03,  0.8231893E+02,  0.2887973E+04,  0.1646379E+04
03/05/2011 19:45:00,  0.2000006E+02, -0.4656546E-07,  0.2000006E+03,  0.9026189E+02,  0.3163975E+04,  0.1805238E+04
03/05/2011 20:00:00,  0.2000011E+02, -0.4471496E-07,  0.2000011E+03,  0.8557456E+02,  0.2998494E+04,  0.1711491E+04
03/05/2011 20:15:00,  0.2000000E+02, -0.4263671E-07,  0.2000000E+03,  0.9771408E+02,  0.3422343E+04,  0.1954281E+04
03/05/2011 20:30:00,  0.1999998E+02, -0.4048668E-07,  0.1999998E+03,  0.1155035E+03,  0.4044166E+04,  0.2310071E+04
03/05/2011 20:45:00,  0.2000004E+02, -0.3840842E-07,  0.2000004E+03,  0.1148107E+03,  0.4019335E+04,  0.2296213E+04
03/05/2011 21:00:00,  0.2000013E+02, -0.3661386E-07,  0.2000013E+03,  0.1035108E+03,  0.3623512E+04,  0.2070216E+04
03/05/2011 21:15:00,  0.2000006E+02, -0.3479797E-07,  0.2000006E+03,  0.9646886E+02,  0.3376843E+04,  0.1929377E+04
03/05/2011 21:30:00,  0.2000001E+02, -0.3304194E-07,  0.2000001E+03,  0.9763650E+02,  0.3417585E+04,  0.1952730E+04
03/05/2011 21:45:00,  0.2000007E+02, -0.3138081E-07,  0.2000007E+03,  0.9263953E+02,  0.3242604E+04,  0.1852791E+04
03/05/2011 22:00:00,  0.2000006E+02, -0.2992570E-07,  0.2000006E+03,  0.8286852E+02,  0.2900559E+04,  0.1657370E+04
03/05/2011 22:15:00,  0.1999997E+02, -0.2862069E-07,  0.1999997E+03,  0.6315479E+02,  0.2210544E+04,  0.1263096E+04
03/05/2011 22:30:00,  0.1999999E+02, -0.2736955E-07,  0.1999999E+03,  0.4884591E+02,  0.1709714E+04,  0.9769183E+03
03/05/2011 22:45:00,  0.1999998E+02, -0.2617920E-07,  0.1999998E+03,  0.3972101E+02,  0.1390330E+04,  0.7944202E+03
03/05/2011 23:00:00,  0.2000003E+02, -0.2512405E-07,  0.2000003E+03,  0.3392397E+02,  0.1187425E+04,  0.6784795E+03
03/05/2011 23:15:00,  0.2000005E+02, -0.2425566E-07,  0.2000005E+03,  0.6485464E+01,  0.2276283E+03,  0.1297093E+03
03/05/2011 23:30:00,  0.2000015E+02, -0.2345985E-07,  0.2000015E+03, -0.1970683E+02, -0.6867525E+03, -0.3941365E+03
03/05/2011 23:45:00,  0.1999996E+02, -0.2271271E-07,  0.1999996E+03, -0.2884832E+02, -0.1004334E+04, -0.5769662E+03
04/05/2011 00:00:00,  0.1999998E+02, -0.2204323E-07,  0.1999998E+03, -0.2772066E+02, -0.9634513E+03, -0.5544131E+03
04/05/2011 00:15:00,  0.1999990E+02, -0.2156025E-07,  0.1999990E+03, -0.5899848E+02, -0.2045578E+04, -0.1179969E+04
04/05/2011 00:30:00,  0.2000005E+02, -0.2120899E-07,  0.2000005E+03, -0.8936962E+02, -0.3079945E+04, -0.1787392E+04
04/05/2011 00:45:00,  0.1999998E+02, -0.2086175E-07,  0.1999998E+03, -0.9783340E+02, -0.3337682E+04, -0.1956668E+04
04/05/2011 01:00:00,  0.2000004E+02, -0.2056027E-07,  0.2000005E+03, -0.9306372E+02, -0.3132312E+04, -0.1861275E+04
04/05/2011 01:15:00,  0.2000004E+02, -0.2044752E-07,  0.2000004E+03, -0.1170866E+03, -0.3867370E+04, -0.2341731E+04
04/05/2011 01:30:00,  0.1999997E+02, -0.2048623E-07,  0.1999997E+03, -0.1434548E+03, -0.4598541E+04, -0.2869097E+04
04/05/2011 01:45:00,  0.1999998E+02, -0.2053714E-07,  0.1999998E+03, -0.1478820E+03, -0.4541252E+04, -0.2957640E+04
04/05/2011 02:00:00,  0.2000009E+02, -0.2060307E-07,  0.2000009E+03, -0.1396419E+03, -0.4082994E+04, -0.2792839E+04
04/05/2011 02:15:00,  0.2000010E+02, -0.2084122E-07,  0.2000010E+03, -0.1497565E+03, -0.4135921E+04, -0.2995131E+04
04/05/2011 02:30:00,  0.2000003E+02, -0.2121040E-07,  0.2000003E+03, -0.1644039E+03, -0.4243151E+04, -0.3288078E+04
04/05/2011 02:45:00,  0.2000003E+02, -0.2157990E-07,  0.2000003E+03, -0.1628008E+03, -0.3894727E+04, -0.3256017E+04
04/05/2011 03:00:00,  0.2000001E+02, -0.2192670E-07,  0.2000000E+03, -0.1575963E+03, -0.3481145E+04, -0.3151926E+04
04/05/2011 03:15:00,  0.2000003E+02, -0.2232424E-07,  0.2000004E+03, -0.1477160E+03, -0.3028222E+04, -0.2954320E+04
04/05/2011 03:30:00,  0.2000006E+02, -0.2281048E-07,  0.2000006E+03, -0.1441068E+03, -0.2745306E+04, -0.2882136E+04
04/05/2011 03:45:00,  0.1999998E+02, -0.2326762E-07,  0.1999998E+03, -0.1359941E+03, -0.2419117E+04, -0.2719884E+04
04/05/2011 04:00:00,  0.2000006E+02, -0.2362973E-07,  0.2000006E+03, -0.1297955E+03, -0.2173290E+04, -0.2595910E+04
04/05/2011 04:15:00,  0.2000005E+02, -0.2389260E-07,  0.2000005E+03, -0.1173791E+03, -0.1858387E+04, -0.2347582E+04
04/05/2011 04:30:00,  0.2000012E+02, -0.2410149E-07,  0.2000012E+03, -0.1114861E+03, -0.1683927E+04, -0.2229722E+04
04/05/2011 04:45:00,  0.2000014E+02, -0.2425224E-07,  0.2000014E+03, -0.1110741E+03, -0.1611893E+04, -0.2221482E+04
04/05/2011 05:00:00,  0.2000009E+02, -0.2432059E-07,  0.2000009E+03, -0.1099674E+03, -0.1537570E+04, -0.2199348E+04
04/05/2011 05:15:00,  0.2000002E+02, -0.2427480E-07,  0.2000002E+03, -0.8879520E+02, -0.1186078E+04, -0.1775904E+04
04/05/2011 05:30:00,  0.1999999E+02, -0.2416379E-07,  0.1999999E+03, -0.6612280E+02, -0.8466555E+03, -0.1322456E+04
04/05/2011 05:45:00,  0.2000013E+02, -0.2402380E-07,  0.2000013E+03, -0.5373714E+02, -0.6656849E+03, -0.1074743E+04
04/05/2011 06:00:00,  0.2000013E+02, -0.2378674E-07,  0.2000013E+03, -0.4910142E+02, -0.5966879E+03, -0.9820284E+03
04/05/2011 06:15:00,  0.2000006E+02, -0.2333330E-07,  0.2000006E+03, -0.1848844E+02, -0.1182397E+03, -0.3697688E+03
04/05/2011 06:30:00,  0.2000013E+02, -0.2270230E-07,  0.2000013E+03,  0.1406311E+02,  0.5890714E+03,  0.2812622E+03
04/05/2011 06:45:00,  0.2000008E+02, -0.2207277E-07,  0.2000008E+03,  0.2417319E+02,  0.8633689E+03,  0.4834637E+03
04/05/2011 07:00:00,  0.2000008E+02, -0.2140288E-07,  0.2000008E+03,  0.2141504E+02,  0.7651995E+03,  0.4283009E+03
04/05/2011 07:15:00,  0.2000002E+02, -0.2055185E-07,  0.2000002E+03,  0.4753156E+02,  0.1677422E+04,  0.9506312E+03
04/05/2011 07:30:00,  0.1999987E+02, -0.1959324E-07,  0.1999987E+03,  0.7909693E+02,  0.2779109E+04,  0.1581939E+04
04/05/2011 07:45:00,  0.2000008E+02, -0.1870095E-07,  0.2000008E+03,  0.8710169E+02,  0.3056177E+04,  0.1742034E+04
04/05/2011 08:00:00,  0.2000008E+02, -0.1785980E-07,  0.2000007E+03,  0.8253226E+02,  0.2893978E+04,  0.1650645E+04
04/05/2011 08:15:00,  0.2000005E+02, -0.1697360E-07,  0.2000005E+03,  0.1010325E+03,  0.3539888E+04,  0.2020650E+04
04/05/2011 08:30:00,  0.2000014E+02, -0.1599010E-07,  0.2000014E+03,  0.1282910E+03,  0.4492500E+04,  0.2565821E+04
04/05/2011 08:45:00,  0.2000002E+02, -0.1512326E-07,  0.2000002E+03,  0.1325922E+03,  0.4642085E+04,  0.2651843E+04
04/05/2011 09:00:00,  0.2000009E+02, -0.1435829E-07,  0.2000009E+03,  0.1224882E+03,  0.4287940E+04,  0.2449764E+04
04/05/2011 09:15:00,  0.2000006E+02, -0.1357298E-07,  0.2000006E+03,  0.1250532E+03,  0.4377417E+04,  0.2501065E+04
04/05/2011 09:30:00,  0.2000006E+02, -0.1280519E-07,  0.2000006E+03,  0.1362112E+03,  0.4767759E+04,  0.2724224E+04
04/05/2011 09:45:00,  0.2000002E+02, -0.1207929E-07,  0.2000002E+03,  0.1340459E+03,  0.4691839E+04,  0.2680918E+04
04/05/2011 10:00:00,  0.2000011E+02, -0.1147254E-07,  0.2000011E+03,  0.1235031E+03,  0.4322758E+04,  0.2470062E+04
04/05/2011 10:15:00,  0.2000001E+02, -0.1089519E-07,  0.2000001E+03,  0.1081871E+03,  0.3786648E+04,  0.2163742E+04
04/05/2011 10:30:00,  0.1999997E+02, -0.1035725E-07,  0.1999997E+03,  0.1013047E+03,  0.3545738E+04,  0.2026095E+04
04/05/2011 10:45:00,  0.2000019E+02, -0.9831329E-08,  0.2000018E+03,  0.9252325E+02,  0.3238365E+04,  0.1850465E+04
04/05/2011 11:00:00,  0.2000003E+02, -0.9384705E-08,  0.2000003E+03,  0.8434307E+02,  0.2952047E+04,  0.1686861E+04
04/05/2011 11:15:00,  0.2000013E+02, -0.9002142E-08,  0.2000013E+03,  0.5704764E+02,  0.1996699E+04,  0.1140953E+04
04/05/2011 11:30:00,  0.2000008E+02, -0.8653045E-08,  0.2000008E+03,  0.3482859E+02,  0.1219039E+04,  0.6965718E+03
04/05/2011 11:45:00,  0.1999992E+02, -0.8319597E-08,  0.1999992E+03,  0.2546808E+02,  0.8914894E+03,  0.5093617E+03
04/05/2011 12:00:00,  0.1999994E+02, -0.8021645E-08,  0.1999994E+03,  0.2233484E+02,  0.7818297E+03,  0.4466967E+03
04/05/2011 12:15:00,  0.2000006E+02, -0.7790517E-08,  0.2000006E+03, -0.6706587E+01, -0.2340049E+03, -0.1341317E+03
04/05/2011 12:30:00,  0.2000000E+02, -0.7600319E-08,  0.2000000E+03, -0.3590311E+02, -0.1254310E+04, -0.7180620E+03
04/05/2011 12:45:00,  0.2000002E+02, -0.7413529E-08,  0.2000002E+03, -0.4334878E+02, -0.1513211E+04, -0.8669754E+03
04/05/2011 13:00:00,  0.1999995E+02, -0.7239511E-08,  0.1999995E+03, -0.3951952E+02, -0.1378075E+04, -0.7903903E+03
04/05/2011 13:15:00,  0.2000017E+02, -0.7131971E-08,  0.2000017E+03, -0.7059146E+02, -0.2457920E+04, -0.1411829E+04
04/05/2011 13:30:00,  0.1999997E+02, -0.7072907E-08,  0.1999997E+03, -0.1017179E+03, -0.3530335E+04, -0.2034359E+04
04/05/2011 13:45:00,  0.1999999E+02, -0.7011899E-08,  0.1999999E+03, -0.1103975E+03, -0.3809687E+04, -0.2207951E+04
04/05/2011 14:00:00,  0.2000011E+02, -0.6961615E-08,  0.2000011E+03, -0.1046170E+03, -0.3581108E+04, -0.2092339E+04
04/05/2011 14:15:00,  0.2000007E+02, -0.6977021E-08,  0.2000007E+03, -0.1248292E+03, -0.4220619E+04, -0.2496583E+04
04/05/2011 14:30:00,  0.2000004E+02, -0.7049324E-08,  0.2000004E+03, -0.1469221E+03, -0.4870320E+04, -0.2938442E+04
04/05/2011 14:45:00,  0.1999999E+02, -0.7125723E-08,  0.1999999E+03, -0.1464305E+03, -0.4723442E+04, -0.2928611E+04
04/05/2011 15:00:00,  0.2000009E+02, -0.7205790E-08,  0.2000009E+03, -0.1363320E+03, -0.4253138E+04, -0.2726642E+04
04/05/2011 15:15:00,  0.2000003E+02, -0.7338519E-08,  0.2000003E+03, -0.1363662E+03, -0.4087909E+04, -0.2727324E+04
04/05/2011 15:30:00,  0.2000005E+02, -0.7506688E-08,  0.2000005E+03, -0.1415885E+03, -0.4054831E+04, -0.2831770E+04
04/05/2011 15:45:00,  0.1999999E+02, -0.7672460E-08,  0.1999999E+03, -0.1354734E+03, -0.3685434E+04, -0.2709469E+04
04/05/2011 16:00:00,  0.1999999E+02, -0.7822666E-08,  0.1999999E+03, -0.1277436E+03, -0.3290168E+04, -0.2554871E+04
04/05/2011 16:15:00,  0.1999998E+02, -0.7970892E-08,  0.1999999E+03, -0.1209429E+03, -0.2949070E+04, -0.2418856E+04
04/05/2011 16:30:00,  0.2000003E+02, -0.8123818E-08,  0.2000003E+03, -0.1185929E+03, -0.2740076E+04, -0.2371857E+04
04/05/2011 16:45:00,  0.1999996E+02, -0.8272712E-08,  0.1999996E+03, -0.1151532E+03, -0.2514852E+04, -0.2303064E+04
04/05/2011 17:00:00,  0.2000002E+02, -0.8392465E-08,  0.2000002E+03, -0.1112233E+03, -0.2302739E+04, -0.2224464E+04
04/05/2011 17:15:00,  0.2000000E+02, -0.8489515E-08,  0.2000000E+03, -0.9810500E+02, -0.1924484E+04, -0.1962098E+04
04/05/2011 17:30:00,  0.2000000E+02, -0.8570645E-08,  0.2000000E+03, -0.8659794E+02, -0.1620712E+04, -0.1731956E+04
04/05/2011 17:45:00,  0.2000004E+02, -0.8642869E-08,  0.2000004E+03, -0.8034790E+02, -0.1443820E+04, -0.1606955E+04
04/05/2011 18:00:00,  0.2000003E+02, -0.8689409E-08,  0.2000003E+03, -0.7785975E+02, -0.1348919E+04, -0.1557192E+04
04/05/2011 18:15:00,  0.2000002E+02, -0.8686995E-08,  0.2000002E+03, -0.5287694E+02, -0.8671299E+03, -0.1057536E+04
04/05/2011 18:30:00,  0.1999998E+02, -0.8648604E-08,  0.1999998E+03, -0.2720964E+02, -0.3730583E+03, -0.5441907E+03
04/05/2011 18:45:00,  0.2000007E+02, -0.8599632E-08,  0.2000007E+03, -0.1475241E+02, -0.1426994E+03, -0.2950465E+03
04/05/2011 19:00:00,  0.2000006E+02, -0.8521295E-08,  0.2000006E+03, -0.1295616E+02, -0.1137876E+03, -0.2591217E+03
04/05/2011 19:15:00,  0.1999998E+02, -0.8365614E-08,  0.1999998E+03,  0.1232110E+02,  0.5052448E+03,  0.2464223E+03
04/05/2011 19:30:00,  0.1999992E+02, -0.8150613E-08,  0.1999993E+03,  0.4039565E+02,  0.1427534E+04,  0.8079129E+03
04/05/2011 19:45:00,  0.2000008E+02, -0.7940285E-08,  0.2000008E+03,  0.4671048E+02,  0.1646388E+04,  0.9342098E+03
04/05/2011 20:00:00,  0.2000001E+02, -0.7729593E-08,  0.2000000E+03,  0.4149884E+02,  0.1462146E+04,  0.8299769E+03
04/05/2011 20:15:00,  0.2000008E+02, -0.7457830E-08,  0.2000008E+03,  0.6515652E+02,  0.2288412E+04,  0.1303130E+04
04/05/2011 20:30:00,  0.1999999E+02, -0.7158366E-08,  0.1999999E+03,  0.9605584E+02,  0.3367700E+04,  0.1921117E+04
04/05/2011 20:45:00,  0.2000002E+02, -0.6879332E-08,  0.2000002E+03,  0.1055533E+03,  0.3698174E+04,  0.2111066E+04
04/05/2011 21:00:00,  0.2000007E+02, -0.6613276E-08,  0.2000007E+03,  0.9997982E+02,  0.3501774E+04,  0.1999596E+04
04/05/2011 21:15:00,  0.1999991E+02, -0.6325736E-08,  0.1999991E+03,  0.1053440E+03,  0.3688701E+04,  0.2106880E+04
04/05/2011 21:30:00,  0.2000007E+02, -0.6011617E-08,  0.2000007E+03,  0.1160628E+03,  0.4063270E+04,  0.2321256E+04
04/05/2011 21:45:00,  0.2000003E+02, -0.5705732E-08,  0.2000003E+03,  0.1089067E+03,  0.3812414E+04,  0.2178134E+04
04/05/2011 22:00:00,  0.2000007E+02, -0.5448245E-08,  0.2000007E+03,  0.9388518E+02,  0.3286446E+04,  0.1877704E+04
04/05/2011 22:15:00,  0.2000006E+02, -0.5200524E-08,  0.2000006E+03,  0.8059278E+02,  0.2821083E+04,  0.1611855E+04
04/05/2011 22:30:00,  0.2000008E+02, -0.4967535E-08,  0.2000008E+03,  0.7875941E+02,  0.2756834E+04,  0.1575188E+04
04/05/2011 22:45:00,  0.2000002E+02, -0.4746022E-08,  0.2000002E+03,  0.7480836E+02,  0.2618487E+04,  0.1496167E+04
04/05/2011 23:00:00,  0.2000004E+02, -0.4558657E-08,  0.2000005E+03,  0.6973830E+02,  0.2440993E+04,  0.1394766E+04
04/05/2011 23:15:00,  0.1999997E+02, -0.4391143E-08,  0.1999997E+03,  0.5381673E+02,  0.1883711E+04,  0.1076335E+04
04/05/2011 23:30:00,  0.2000000E+02, -0.4233476E-08,  0.2000000E+03,  0.4347965E+02,  0.1521897E+04,  0.8695930E+03
04/05/2011 23:45:00,  0.1999997E+02, -0.4078105E-08,  0.1999997E+03,  0.3797681E+02,  0.1329286E+04,  0.7595363E+03
05/05/2011 00:00:00,  0.1999999E+02, -0.3936178E-08,  0.1999999E+03,  0.3447950E+02,  0.1206872E+04,  0.6895900E+03
05/05/2011 00:15:00,  0.2000009E+02, -0.3817033E-08,  0.2000009E+03,  0.2173213E+01,  0.7694924E+02,  0.4346423E+02
05/05/2011 00:30:00,  0.2000011E+02, -0.3711094E-08,  0.2000011E+03, -0.2968768E+02, -0.1034571E+04, -0.5937535E+03
05/05/2011 00:45:00,  0.2000001E+02, -0.3606603E-08,  0.2000001E+03, -0.4329642E+02, -0.1506062E+04, -0.8659282E+03
05/05/2011 01:00:00,  0.1999999E+02, -0.3514956E-08,  0.1999999E+03, -0.4296312E+02, -0.1490308E+04, -0.8592622E+03
05/05/2011 01:15:00,  0.1999998E+02, -0.3457680E-08,  0.1999998E+03, -0.7387192E+02, -0.2551535E+04, -0.1477438E+04
05/05/2011 01:30:00,  0.2000008E+02, -0.3425105E-08,  0.2000008E+03, -0.1057533E+03, -0.3619364E+04, -0.2115065E+04
05/05/2011 01:45:00,  0.1999999E+02, -0.3393406E-08,  0.1999999E+03, -0.1131608E+03, -0.3815380E+04, -0.2263215E+04
05/05/2011 02:00:00,  0.1999995E+02, -0.3366582E-08,  0.1999995E+03, -0.1080443E+03, -0.3570798E+04, -0.2160885E+04
05/05/2011 02:15:00,  0.2000003E+02, -0.3372383E-08,  0.2000003E+03, -0.1271590E+03, -0.4091852E+04, -0.2543179E+04
05/05/2011 02:30:00,  0.2000000E+02, -0.3406036E-08,  0.2000000E+03, -0.1487258E+03, -0.4601132E+04, -0.2974511E+04
05/05/2011 02:45:00,  0.1999998E+02, -0.3441284E-08,  0.1999998E+03, -0.1489153E+03, -0.4383438E+04, -0.2978298E+04
05/05/2011 03:00:00,  0.1999996E+02, -0.3478261E-08,  0.1999996E+03, -0.1404798E+03, -0.3902054E+04, -0.2809585E+04
05/05/2011 03:15:00,  0.1999994E+02, -0.3535019E-08,  0.1999994E+03, -0.1485773E+03, -0.3883676E+04, -0.2971531E+04
05/05/2011 03:30:00,  0.2000013E+02, -0.3613331E-08,  0.2000013E+03, -0.1623834E+03, -0.3946952E+04, -0.3247643E+04
05/05/2011 03:45:00,  0.1999997E+02, -0.3688384E-08,  0.1999997E+03, -0.1623824E+03, -0.3651552E+04, -0.3247612E+04
05/05/2011 04:00:00,  0.2000007E+02, -0.3761244E-08,  0.2000007E+03, -0.1556658E+03, -0.3228818E+04, -0.3113266E+04
05/05/2011 04:15:00,  0.2000004E+02, -0.3841939E-08,  0.2000004E+03, -0.1481909E+03, -0.2850434E+04, -0.2963754E+04
05/05/2011 04:30:00,  0.2000014E+02, -0.3933778E-08,  0.2000014E+03, -0.1444838E+03, -0.2591846E+04, -0.2889592E+04
05/05/2011 04:45:00,  0.2000000E+02, -0.4023289E-08,  0.2000000E+03, -0.1363452E+03, -0.2290860E+04, -0.2726797E+04
05/05/2011 05:00:00,  0.1999997E+02, -0.4096829E-08,  0.1999997E+03, -0.1271147E+03, -0.2015452E+04, -0.2542164E+04
05/05/2011 05:15:00,  0.1999998E+02, -0.4153137E-08,  0.1999998E+03, -0.1141082E+03, -0.1717151E+04, -0.2282011E+04
05/05/2011 05:30:00,  0.2000008E+02, -0.4197020E-08,  0.2000008E+03, -0.1068574E+03, -0.1541041E+04, -0.2136969E+04
05/05/2011 05:45:00,  0.2000005E+02, -0.4228930E-08,  0.2000005E+03, -0.1042861E+03, -0.1451164E+04, -0.2085504E+04
05/05/2011 06:00:00,  0.2000006E+02, -0.4244245E-08,  0.2000007E+03, -0.1034349E+03, -0.1393584E+04, -0.2068432E+04
05/05/2011 06:15:00,  0.1999998E+02, -0.4236245E-08,  0.1999998E+03, -0.7475520E+02, -0.9594945E+03, -0.1494860E+04
05/05/2011 06:30:00,  0.2000009E+02, -0.4212135E-08,  0.2000009E+03, -0.4329827E+02, -0.4912581E+03, -0.8657834E+03
05/05/2011 06:45:00,  0.2000013E+02, -0.4181512E-08,  0.2000013E+03, -0.2516114E+02, -0.2182850E+03, -0.5030869E+03
05/05/2011 07:00:00,  0.2000022E+02, -0.4128978E-08,  0.2000022E+03, -0.1903195E+02, -0.1343176E+03, -0.3805196E+03
05/05/2011 07:15:00,  0.2000005E+02, -0.4027751E-08,  0.2000005E+03,  0.1156287E+02,  0.5289318E+03,  0.2312874E+03
05/05/2011 07:30:00,  0.2000001E+02, -0.3892924E-08,  0.2000001E+03,  0.4043108E+02,  0.1431607E+04,  0.8086245E+03
05/05/2011 07:45:00,  0.2000011E+02, -0.3756331E-08,  0.2000011E+03,  0.4502966E+02,  0.1589964E+04,  0.9005958E+03
05/05/2011 08:00:00,  0.2000005E+02, -0.3620723E-08,  0.2000005E+03,  0.3671221E+02,  0.1296677E+04,  0.7342464E+03
05/05/2011 08:15:00,  0.1999992E+02, -0.3462465E-08,  0.1999992E+03,  0.5431654E+02,  0.1910982E+04,  0.1086333E+04
05/05/2011 08:30:00,  0.2000003E+02, -0.3292246E-08,  0.2000003E+03,  0.8148047E+02,  0.2859367E+04,  0.1629611E+04
05/05/2011 08:45:00,  0.2000008E+02, -0.3133887E-08,  0.2000008E+03,  0.8823592E+02,  0.3093525E+04,  0.1764719E+04
05/05/2011 09:00:00,  0.2000007E+02, -0.2998238E-08,  0.2000007E+03,  0.8304536E+02,  0.2910305E+04,  0.1660908E+04
05/05/2011 09:15:00,  0.2000013E+02, -0.2855647E-08,  0.2000013E+03,  0.1057704E+03,  0.3704531E+04,  0.2115409E+04
05/05/2011 09:30:00,  0.1999999E+02, -0.2707912E-08,  0.1999999E+03,  0.1350432E+03,  0.4728100E+04,  0.2700865E+04
05/05/2011 09:45:00,  0.2000006E+02, -0.2566221E-08,  0.2000006E+03,  0.1439006E+03,  0.5037466E+04,  0.2878012E+04
05/05/2011 10:00:00,  0.2000003E+02, -0.2443539E-08,  0.2000003E+03,  0.1350972E+03,  0.4728988E+04,  0.2701944E+04
05/05/2011 10:15:00,  0.2000009E+02, -0.2315795E-08,  0.2000009E+03,  0.1330470E+03,  0.4657011E+04,  0.2660940E+04
05/05/2011 10:30:00,  0.2000005E+02, -0.2188486E-08,  0.2000005E+03,  0.1373806E+03,  0.4808558E+04,  0.2747612E+04
05/05/2011 10:45:00,  0.2000007E+02, -0.2067837E-08,  0.2000007E+03,  0.1299638E+03,  0.4548883E+04,  0.2599277E+04
05/05/2011 11:00:00,  0.2000007E+02, -0.1968721E-08,  0.2000007E+03,  0.1176820E+03,  0.4118966E+04,  0.2353639E+04
05/05/2011 11:15:00,  0.2000005E+02, -0.1877567E-08,  0.2000005E+03,  0.1000476E+03,  0.3501734E+04,  0.2000953E+04
05/05/2011 11:30:00,  0.2000005E+02, -0.1793864E-08,  0.2000005E+03,  0.9293094E+02,  0.3252632E+04,  0.1858619E+04
05/05/2011 11:45:00,  0.1999999E+02, -0.1715324E-08,  0.1999998E+03,  0.8668706E+02,  0.3034084E+04,  0.1733741E+04
05/05/2011 12:00:00,  0.2000005E+02, -0.1645724E-08,  0.2000005E+03,  0.8136091E+02,  0.2847661E+04,  0.1627218E+04
05/05/2011 12:15:00,  0.2000006E+02, -0.1584729E-08,  0.2000006E+03,  0.5696160E+02,  0.1993679E+04,  0.1139232E+04
05/05/2011 12:30:00,  0.2000006E+02, -0.1530752E-08,  0.2000006E+03,  0.3644665E+02,  0.1275653E+04,  0.7289330E+03
05/05/2011 12:45:00,  0.2000001E+02, -0.1478798E-08,  0.2000001E+03,  0.2836128E+02,  0.9927005E+03,  0.5672255E+03
05/05/2011 13:00:00,  0.2000009E+02, -0.1430586E-08,  0.2000009E+03,  0.2588489E+02,  0.9060223E+03,  0.5176978E+03
05/05/2011 13:15:00,  0.2000012E+02, -0.1393251E-08,  0.2000012E+03, -0.8847654E+01, -0.3090777E+03, -0.1769530E+03
05/05/2011 13:30:00,  0.2000006E+02, -0.1362812E-08,  0.2000006E+03, -0.4649061E+02, -0.1624916E+04, -0.9298120E+03
05/05/2011 13:45:00,  0.2000008E+02, -0.1332210E-08,  0.2000008E+03, -0.6029506E+02, -0.2105506E+04, -0.1205901E+04
05/05/2011 14:00:00,  0.1999992E+02, -0.1306134E-08,  0.1999992E+03, -0.5787106E+02, -0.2018309E+04, -0.1157420E+04
05/05/2011 14:15:00,  0.2000003E+02, -0.1294428E-08,  0.2000004E+03, -0.9008222E+02, -0.3135623E+04, -0.1801642E+04
05/05/2011 14:30:00,  0.2000009E+02, -0.1293100E-08,  0.2000009E+03, -0.1239926E+03, -0.4297863E+04, -0.2479846E+04
05/05/2011 14:45:00,  0.1999996E+02, -0.1292366E-08,  0.1999996E+03, -0.1316160E+03, -0.4528293E+04, -0.2632306E+04
05/05/2011 15:00:00,  0.2000006E+02, -0.1293692E-08,  0.2000006E+03, -0.1248121E+03, -0.4246530E+04, -0.2496217E+04
05/05/2011 15:15:00,  0.1999992E+02, -0.1307705E-08,  0.1999991E+03, -0.1365185E+03, -0.4575054E+04, -0.2730323E+04
05/05/2011 15:30:00,  0.2000009E+02, -0.1334782E-08,  0.2000009E+03, -0.1522977E+03, -0.4982520E+04, -0.3045864E+04
05/05/2011 15:45:00,  0.2000006E+02, -0.1362722E-08,  0.2000006E+03, -0.1465801E+03, -0.4649311E+04, -0.2931462E+04
05/05/2011 16:00:00,  0.1999996E+02, -0.1390003E-08,  0.1999995E+03, -0.1361519E+03, -0.4166608E+04, -0.2722843E+04
05/05/2011 16:15:00,  0.2000008E+02, -0.1422906E-08,  0.2000008E+03, -0.1364955E+03, -0.4013364E+04, -0.2729637E+04
05/05/2011 16:30:00,  0.1999998E+02, -0.1463125E-08,  0.1999999E+03, -0.1434408E+03, -0.4018006E+04, -0.2868419E+04
05/05/2011 16:45:00,  0.2000000E+02, -0.1501663E-08,  0.2000000E+03, -0.1419875E+03, -0.3770991E+04, -0.2839227E+04
05/05/2011 17:00:00,  0.2000005E+02, -0.1538957E-08,  0.2000005E+03, -0.1364194E+03, -0.3417451E+04, -0.2727728E+04
05/05/2011 17:15:00,  0.2000007E+02, -0.1575872E-08,  0.2000007E+03, -0.1235052E+03, -0.2922468E+04, -0.2469346E+04
05/05/2011 17:30:00,  0.2000001E+02, -0.1616036E-08,  0.2000001E+03, -0.1132994E+03, -0.2537427E+04, -0.2265131E+04
05/05/2011 17:45:00,  0.2000002E+02, -0.1654880E-08,  0.2000002E+03, -0.1044147E+03, -0.2222413E+04, -0.2087344E+04
05/05/2011 18:00:00,  0.2000010E+02, -0.1688127E-08,  0.2000011E+03, -0.9713541E+02, -0.1970522E+04, -0.1941662E+04
05/05/2011 18:15:00,  0.2000002E+02, -0.1712345E-08,  0.2000002E+03, -0.7568703E+02, -0.1459703E+04, -0.1512771E+04
05/05/2011 18:30:00,  0.1999995E+02, -0.1729520E-08,  0.1999995E+03, -0.5843899E+02, -0.1079487E+04, -0.1167915E+04
05/05/2011 18:45:00,  0.2000003E+02, -0.1743817E-08,  0.2000003E+03, -0.5211265E+02, -0.9330804E+03, -0.1041397E+04
05/05/2011 19:00:00,  0.2000015E+02, -0.1751858E-08,  0.2000015E+03, -0.5216181E+02, -0.9137936E+03, -0.1042309E+04
05/05/2011 19:15:00,  0.2000003E+02, -0.1746286E-08,  0.2000003E+03, -0.3060559E+02, -0.4736930E+03, -0.6114451E+03
05/05/2011 19:30:00,  0.1999992E+02, -0.1731753E-08,  0.1999992E+03, -0.6690939E+01,  0.2648860E+02, -0.1334946E+03
05/05/2011 19:45:00,  0.2000008E+02, -0.1717204E-08,  0.2000008E+03,  0.1322369E+01,  0.2115479E+03,  0.2665872E+02
05/05/2011 20:00:00,  0.2000004E+02, -0.1699867E-08,  0.2000004E+03,  0.8531945E+00,  0.1889719E+03,  0.1726997E+02
05/05/2011 20:15:00,  0.2000013E+02, -0.1669063E-08,  0.2000013E+03,  0.3071607E+02,  0.1088333E+04,  0.6143350E+03
05/05/2011 20:30:00,  0.2000006E+02, -0.1626951E-08,  0.2000006E+03,  0.6694302E+02,  0.2353897E+04,  0.1338872E+04
05/05/2011 20:45:00,  0.2000007E+02, -0.1585911E-08,  0.2000007E+03,  0.7886900E+02,  0.2768469E+04,  0.1577389E+04
05/05/2011 21:00:00,  0.2000008E+02, -0.1544901E-08,  0.2000008E+03,  0.7556896E+02,  0.2650803E+04,  0.1511385E+04
05/05/2011 21:15:00,  0.2000006E+02, -0.1490390E-08,  0.2000006E+03,  0.9226484E+02,  0.3233525E+04,  0.1845301E+04
05/05/2011 21:30:00,  0.2000012E+02, -0.1424775E-08,  0.2000012E+03,  0.1147284E+03,  0.4018252E+04,  0.2294571E+04
05/05/2011 21:45:00,  0.2000008E+02, -0.1365091E-08,  0.2000008E+03,  0.1136508E+03,  0.3979514E+04,  0.2273019E+04
05/05/2011 22:00:00,  0.2000002E+02, -0.1311953E-08,  0.2000002E+03,  0.1029073E+03,  0.3602885E+04,  0.2058146E+04
05/05/2011 22:15:00,  0.2000005E+02, -0.1254982E-08,  0.2000005E+03,  0.1039641E+03,  0.3639495E+04,  0.2079282E+04
05/05/2011 22:30:00,  0.1999996E+02, -0.1197343E-08,  0.1999996E+03,  0.1145659E+03,  0.4010309E+04,  0.2291318E+04
05/05/2011 22:45:00,  0.2000001E+02, -0.1142318E-08,  0.2000001E+03,  0.1119598E+03,  0.3918932E+04,  0.2239197E+04
05/05/2011 23:00:00,  0.2000004E+02, -0.1095919E-08,  0.2000004E+03,  0.1020114E+03,  0.3570632E+04,  0.2040229E+04
05/05/2011 23:15:00,  0.2000004E+02, -0.1050596E-08,  0.2000004E+03,  0.9236569E+02,  0.3232962E+04,  0.1847314E+04
05/05/2011 23:30:00,  0.2000003E+02, -0.1006919E-08,  0.2000002E+03,  0.8759113E+02,  0.3065811E+04,  0.1751823E+04
05/05/2011 23:45:00,  0.2000008E+02, -0.9647121E-09,  0.2000007E+03,  0.8144344E+02,  0.2850612E+04,  0.1628869E+04
06/05/2011 00:00:00,  0.1999998E+02, -0.9273001E-09,  0.1999998E+03,  0.7419781E+02,  0.2596994E+04,  0.1483956E+04
06/05/2011 00:15:00,  0.1999996E+02, -0.8943954E-09,  0.1999996E+03,  0.5068749E+02,  0.1774120E+04,  0.1013750E+04
06/05/2011 00:30:00,  0.2000004E+02, -0.8625928E-09,  0.2000004E+03,  0.2962358E+02,  0.1036879E+04,  0.5924716E+03
06/05/2011 00:45:00,  0.2000004E+02, -0.8328220E-09,  0.2000004E+03,  0.1842377E+02,  0.6450226E+03,  0.3684755E+03
06/05/2011 01:00:00,  0.2000009E+02, -0.8067093E-09,  0.2000009E+03,  0.1572104E+02,  0.5504337E+03,  0.3144209E+03
06/05/2011 01:15:00,  0.2000004E+02, -0.7863643E-09,  0.2000004E+03, -0.1837464E+02, -0.6413350E+03, -0.3674917E+03
06/05/2011 01:30:00,  0.2000016E+02, -0.7700504E-09,  0.2000016E+03, -0.5335794E+02, -0.1861224E+04, -0.1067154E+04
06/05/2011 01:45:00,  0.2000001E+02, -0.7540509E-09,  0.2000001E+03, -0.6701125E+02, -0.2331965E+04, -0.1340215E+04
06/05/2011 02:00:00,  0.2000009E+02, -0.7401945E-09,  0.2000009E+03, -0.6523298E+02, -0.2262197E+04, -0.1304641E+04
06/05/2011 02:15:00,  0.2000007E+02, -0.7345856E-09,  0.2000007E+03, -0.9779874E+02, -0.3373407E+04, -0.1955928E+04
06/05/2011 02:30:00,  0.1999994E+02, -0.7348138E-09,  0.1999995E+03, -0.1313668E+03, -0.4482322E+04, -0.2627218E+04
06/05/2011 02:45:00,  0.1999999E+02, -0.7356012E-09,  0.1999999E+03, -0.1392421E+03, -0.4666725E+04, -0.2784607E+04
06/05/2011 03:00:00,  0.1999995E+02, -0.7379161E-09,  0.1999995E+03, -0.1330074E+03, -0.4347712E+04, -0.2659762E+04
06/05/2011 03:15:00,  0.1999995E+02, -0.7474441E-09,  0.1999996E+03, -0.1527790E+03, -0.4838562E+04, -0.3054888E+04
06/05/2011 03:30:00,  0.2000006E+02, -0.7646109E-09,  0.2000007E+03, -0.1754860E+03, -0.5295446E+04, -0.3508451E+04
06/05/2011 03:45:00,  0.1999999E+02, -0.7821238E-09,  0.1999999E+03, -0.1767674E+03, -0.5025397E+04, -0.3533420E+04
06/05/2011 04:00:00,  0.1999994E+02, -0.8001704E-09,  0.1999994E+03, -0.1685130E+03, -0.4482436E+04, -0.3367665E+04
06/05/2011 04:15:00,  0.2000008E+02, -0.8247035E-09,  0.2000008E+03, -0.1700801E+03, -0.4203240E+04, -0.3398055E+04
06/05/2011 04:30:00,  0.2000005E+02, -0.8539371E-09,  0.2000005E+03, -0.1750489E+03, -0.4002027E+04, -0.3496199E+04
06/05/2011 04:45:00,  0.2000006E+02, -0.8831936E-09,  0.2000006E+03, -0.1693291E+03, -0.3575270E+04, -0.3380677E+04
06/05/2011 05:00:00,  0.1999998E+02, -0.9112672E-09,  0.1999998E+03, -0.1636669E+03, -0.3196043E+04, -0.3266207E+04
06/05/2011 05:15:00,  0.1999997E+02, -0.9389343E-09,  0.1999997E+03, -0.1525204E+03, -0.2769680E+04, -0.3042277E+04
06/05/2011 05:30:00,  0.2000007E+02, -0.9676026E-09,  0.2000007E+03, -0.1475206E+03, -0.2508102E+04, -0.2940971E+04
06/05/2011 05:45:00,  0.2000004E+02, -0.9954298E-09,  0.2000004E+03, -0.1424489E+03, -0.2276757E+04, -0.2838111E+04
06/05/2011 06:00:00,  0.1999999E+02, -0.1019527E-08,  0.1999999E+03, -0.1369095E+03, -0.2069968E+04, -0.2725876E+04
06/05/2011 06:15:00,  0.2000001E+02, -0.1039117E-08,  0.2000001E+03, -0.1173264E+03, -0.1680515E+04, -0.2334088E+04
06/05/2011 06:30:00,  0.2000005E+02, -0.1054841E-08,  0.2000005E+03, -0.9907749E+02, -0.1358615E+04, -0.1969477E+04
06/05/2011 06:45:00,  0.2000007E+02, -0.1068018E-08,  0.2000007E+03, -0.8946001E+02, -0.1186660E+04, -0.1776968E+04
06/05/2011 07:00:00,  0.2000005E+02, -0.1075454E-08,  0.2000005E+03, -0.8630590E+02, -0.1116609E+04, -0.1713110E+04
06/05/2011 07:15:00,  0.2000010E+02, -0.1072977E-08,  0.2000010E+03, -0.5484834E+02, -0.6575620E+03, -0.1087255E+04
06/05/2011 07:30:00,  0.2000005E+02, -0.1063012E-08,  0.2000005E+03, -0.2196384E+02, -0.1535303E+03, -0.4339323E+03
06/05/2011 07:45:00,  0.2000003E+02, -0.1050615E-08,  0.2000004E+03, -0.7380309E+01,  0.1066757E+03, -0.1442363E+03
06/05/2011 08:00:00,  0.2000010E+02, -0.1033694E-08,  0.2000010E+03, -0.5595662E+01,  0.1192086E+03, -0.1089329E+03
06/05/2011 08:15:00,  0.2000009E+02, -0.1004926E-08,  0.2000009E+03,  0.2646090E+02,  0.9443968E+03,  0.5293499E+03
06/05/2011 08:30:00,  0.2000002E+02, -0.9665911E-09,  0.2000002E+03,  0.6372766E+02,  0.2245034E+04,  0.1274662E+04
06/05/2011 08:45:00,  0.2000007E+02, -0.9304008E-09,  0.2000007E+03,  0.7329232E+02,  0.2576147E+04,  0.1465929E+04
06/05/2011 09:00:00,  0.2000004E+02, -0.8952603E-09,  0.2000004E+03,  0.6694739E+02,  0.2351234E+04,  0.1339010E+04
06/05/2011 09:15:00,  0.2000010E+02, -0.8535022E-09,  0.2000010E+03,  0.8892579E+02,  0.3118372E+04,  0.1778562E+04
06/05/2011 09:30:00,  0.2000002E+02, -0.8078992E-09,  0.2000002E+03,  0.1188112E+03,  0.4162287E+04,  0.2376253E+04
06/05/2011 09:45:00,  0.1999997E+02, -0.7661380E-09,  0.1999997E+03,  0.1258118E+03,  0.4405735E+04,  0.2516253E+04
06/05/2011 10:00:00,  0.2000006E+02, -0.7312241E-09,  0.2000006E+03,  0.1147978E+03,  0.4019358E+04,  0.2295967E+04
06/05/2011 10:15:00,  0.2000007E+02, -0.6933010E-09,  0.2000007E+03,  0.1279325E+03,  0.4478535E+04,  0.2558657E+04
06/05/2011 10:30:00,  0.2000008E+02, -0.6551109E-09,  0.2000008E+03,  0.1515139E+03,  0.5303577E+04,  0.3030282E+04
06/05/2011 10:45:00,  0.2000001E+02, -0.6205207E-09,  0.2000001E+03,  0.1554317E+03,  0.5440472E+04,  0.3108637E+04
06/05/2011 11:00:00,  0.2000006E+02, -0.5899028E-09,  0.2000006E+03,  0.1456507E+03,  0.5097986E+04,  0.2913015E+04
06/05/2011 11:15:00,  0.2000003E+02, -0.5610849E-09,  0.2000004E+03,  0.1392153E+03,  0.4872666E+04,  0.2784306E+04
06/05/2011 11:30:00,  0.2000001E+02, -0.5308661E-09,  0.2000001E+03,  0.1422028E+03,  0.4977180E+04,  0.2844055E+04
06/05/2011 11:45:00,  0.2000005E+02, -0.5037405E-09,  0.2000005E+03,  0.1358609E+03,  0.4755187E+04,  0.2717219E+04
06/05/2011 12:00:00,  0.2000002E+02, -0.4796681E-09,  0.2000002E+03,  0.1250545E+03,  0.4376943E+04,  0.2501090E+04
06/05/2011 12:15:00,  0.2000008E+02, -0.4589134E-09,  0.2000008E+03,  0.1022982E+03,  0.3580464E+04,  0.2045965E+04
06/05/2011 12:30:00,  0.2000012E+02, -0.4390348E-09,  0.2000012E+03,  0.9051994E+02,  0.3168217E+04,  0.1810399E+04
06/05/2011 12:45:00,  0.2000005E+02, -0.4202011E-09,  0.2000005E+03,  0.8414723E+02,  0.2945169E+04,  0.1682945E+04
06/05/2011 13:00:00,  0.2000002E+02, -0.4035432E-09,  0.2000002E+03,  0.8048769E+02,  0.2817082E+04,  0.1609754E+04
06/05/2011 13:15:00,  0.2000010E+02, -0.3898683E-09,  0.2000010E+03,  0.4791924E+02,  0.1677184E+04,  0.9583848E+03
06/05/2011 13:30:00,  0.2000008E+02, -0.3775525E-09,  0.2000008E+03,  0.1712060E+02,  0.5993433E+03,  0.3424124E+03
06/05/2011 13:45:00,  0.1999996E+02, -0.3647849E-09,  0.1999996E+03,  0.3392246E+01,  0.1189875E+03,  0.6784570E+02
06/05/2011 14:00:00,  0.2000006E+02, -0.3538648E-09,  0.2000006E+03,  0.2031600E+01,  0.7140936E+02,  0.4063294E+02
06/05/2011 14:15:00,  0.2000008E+02, -0.3464985E-09,  0.2000008E+03, -0.3692773E+02, -0.1291257E+04, -0.7385504E+03
06/05/2011 14:30:00,  0.2000010E+02, -0.3416029E-09,  0.2000010E+03, -0.7432301E+02, -0.2597776E+04, -0.1486447E+04
06/05/2011 14:45:00,  0.1999994E+02, -0.3367607E-09,  0.1999995E+03, -0.8376715E+02, -0.2925094E+04, -0.1675314E+04
06/05/2011 15:00:00,  0.2000000E+02, -0.3326737E-09,  0.2000000E+03, -0.7686496E+02, -0.2680644E+04, -0.1537253E+04
06/05/2011 15:15:00,  0.2000001E+02, -0.3322944E-09,  0.2000001E+03, -0.1085252E+03, -0.3776617E+04, -0.2170388E+04
06/05/2011 15:30:00,  0.2000002E+02, -0.3348980E-09,  0.2000002E+03, -0.1398033E+03, -0.4844203E+04, -0.2795767E+04
06/05/2011 15:45:00,  0.2000003E+02, -0.3376686E-09,  0.2000003E+03, -0.1448293E+03, -0.4980800E+04, -0.2895972E+04
06/05/2011 16:00:00,  0.2000005E+02, -0.3408897E-09,  0.2000005E+03, -0.1360958E+03, -0.4629786E+04, -0.2720883E+04
06/05/2011 16:15:00,  0.2000002E+02, -0.3478172E-09,  0.2000002E+03, -0.1467926E+03, -0.4915284E+04, -0.2933991E+04
06/05/2011 16:30:00,  0.2000005E+02, -0.3578120E-09,  0.2000005E+03, -0.1581562E+03, -0.5176726E+04, -0.3159906E+04
06/05/2011 16:45:00,  0.2000003E+02, -0.3682684E-09,  0.2000003E+03, -0.1519783E+03, -0.4831565E+04, -0.3034895E+04
06/05/2011 17:00:00,  0.2000005E+02, -0.3790775E-09,  0.2000005E+03, -0.1414702E+03, -0.4341715E+04, -0.2823215E+04
06/05/2011 17:15:00,  0.2000002E+02, -0.3909935E-09,  0.2000002E+03, -0.1409398E+03, -0.4163299E+04, -0.2810607E+04
06/05/2011 17:30:00,  0.2000008E+02, -0.4048980E-09,  0.2000007E+03, -0.1472913E+03, -0.4155767E+04, -0.2934686E+04
06/05/2011 17:45:00,  0.2000002E+02, -0.4186206E-09,  0.2000002E+03, -0.1456993E+03, -0.3904681E+04, -0.2899985E+04
06/05/2011 18:00:00,  0.2000008E+02, -0.4317048E-09,  0.2000008E+03, -0.1407079E+03, -0.3571648E+04, -0.2797469E+04
06/05/2011 18:15:00,  0.2000011E+02, -0.4455981E-09,  0.2000011E+03, -0.1302968E+03, -0.3122567E+04, -0.2587197E+04
06/05/2011 18:30:00,  0.2000004E+02, -0.4597225E-09,  0.2000004E+03, -0.1227283E+03, -0.2786572E+04, -0.2433862E+04
06/05/2011 18:45:00,  0.1999989E+02, -0.4741711E-09,  0.1999989E+03, -0.1162117E+03, -0.2500712E+04, -0.2301590E+04
06/05/2011 19:00:00,  0.1999996E+02, -0.4877301E-09,  0.1999996E+03, -0.1091327E+03, -0.2225924E+04, -0.2158351E+04
06/05/2011 19:15:00,  0.2000008E+02, -0.4985297E-09,  0.2000008E+03, -0.8522828E+02, -0.1650084E+04, -0.1682981E+04
06/05/2011 19:30:00,  0.2000007E+02, -0.5082491E-09,  0.2000007E+03, -0.6335014E+02, -0.1169397E+04, -0.1249043E+04
06/05/2011 19:45:00,  0.2000002E+02, -0.5168463E-09,  0.2000002E+03, -0.5322252E+02, -0.9455336E+03, -0.1048094E+04
06/05/2011 20:00:00,  0.2000012E+02, -0.5231032E-09,  0.2000012E+03, -0.5084324E+02, -0.8827751E+03, -0.1000412E+04
06/05/2011 20:15:00,  0.1999997E+02, -0.5243208E-09,  0.1999997E+03, -0.1564186E+02, -0.1684825E+03, -0.3052594E+03
06/05/2011 20:30:00,  0.2000004E+02, -0.5220515E-09,  0.2000004E+03,  0.2062255E+02,  0.7437075E+03,  0.4128399E+03
06/05/2011 20:45:00,  0.2000006E+02, -0.5192011E-09,  0.2000006E+03,  0.3621568E+02,  0.1280456E+04,  0.7245370E+03
06/05/2011 21:00:00,  0.2000000E+02, -0.5141584E-09,  0.2000000E+03,  0.3793390E+02,  0.1338775E+04,  0.7588718E+03
06/05/2011 21:15:00,  0.2000003E+02, -0.5028822E-09,  0.2000003E+03,  0.6710166E+02,  0.2357663E+04,  0.1342193E+04
06/05/2011 21:30:00,  0.1999994E+02, -0.4867026E-09,  0.1999994E+03,  0.9860132E+02,  0.3457539E+04,  0.1972141E+04
06/05/2011 21:45:00,  0.2000004E+02, -0.4709345E-09,  0.2000004E+03,  0.1026854E+03,  0.3598286E+04,  0.2053783E+04
06/05/2011 22:00:00,  0.2000010E+02, -0.4555192E-09,  0.2000010E+03,  0.9259369E+02,  0.3243637E+04,  0.1851923E+04
06/05/2011 22:15:00,  0.2000008E+02, -0.4378782E-09,  0.2000009E+03,  0.1050799E+03,  0.3679745E+04,  0.2101632E+04
06/05/2011 22:30:00,  0.2000007E+02, -0.4176980E-09,  0.2000007E+03,  0.1273524E+03,  0.4458540E+04,  0.2547068E+04
06/05/2011 22:45:00,  0.1999998E+02, -0.3996686E-09,  0.1999998E+03,  0.1290732E+03,  0.4518296E+04,  0.2581476E+04
06/05/2011 23:00:00,  0.2000002E+02, -0.3838514E-09,  0.2000002E+03,  0.1195870E+03,  0.4186021E+04,  0.2391748E+04
06/05/2011 23:15:00,  0.2000004E+02, -0.3672529E-09,  0.2000004E+03,  0.1175698E+03,  0.4115253E+04,  0.2351400E+04
06/05/2011 23:30:00,  0.1999996E+02, -0.3504713E-09,  0.1999996E+03,  0.1238392E+03,  0.4334586E+04,  0.2476788E+04
06/05/2011 23:45:00,  0.2000005E+02, -0.3341745E-09,  0.2000005E+03,  0.1183877E+03,  0.4143708E+04,  0.2367755E+04
07/05/2011 00:00:00,  0.2000004E+02, -0.3202113E-09,  0.2000004E+03,  0.1067926E+03,  0.3737837E+04,  0.2135854E+04
