pretty_comp,min_ir_mode
InBrO,49.09817015
Mn(GaS2)2,100.7388109
SrBrF,103.5230023
K2Cu(ClF)2,121.8844118
NaV(OF)2,71.87355215
Ti3MnO8,93.2944239
NaY3SiS7,61.4783238
MgH4(ClO)2,155.580318
SrS,127.9604149
LiAsF6,216.9987452
CaH2(ClO3)2,90.563259
SiH4,863.830933
KHF2,142.11522209999995
KHS,120.6287176
PrHSe,148.2822374
CdSnAs2,129.3761224
Li2WS4,426.75113560000005
PI3,266.7313991
BaAl2B2O7,104.6243861
XeF3,146.0734669
RbBe2BO3F2,95.4583053
LiSiBO4,269.3067861
SrSiO3,245.8151795
KNbSe2,107.1973719
Rb3SbSe3,55.6108582
SrBeF4,93.41578455
RbErS2,123.9802925
TbTlSe2,44.19351905
CdSO4,116.7045565
Li2AlFeO4,241.7117955
Ba(BSe3)2,16.5290604
Pr3CuSiS7,55.07422335
Pr5AgSe8,15.49884555
SmTlO2,30.7585716
K2ReF6,113.6911172
BaSi3SnO9,64.4723534
InI,46.51454565
K4HgP2,67.79197905
Al5CuSe8,90.8135174
Al2Si2H4O9,193.1234802
Te3W2Se,173.80649319999995
LiMgAs,244.6179145
TbTlS2,44.9904173
Al2CO,209.1918103
YCuSe2,131.6108392
Ba2BrN,67.83346645
Zn(GaSe2)2,121.0268499
TiTl2F6,56.27288905
CaCdO2,130.2707362
TlInS2,46.09160095
Ho2CF2,203.3704011
AlSiTe3,188.7353872
Pr3AgGeS7,53.72034675
Tb2PbS4,56.9263823
BaHCl,130.7087884
Ba(MgBi)2,75.93604905
Rb2Pd3S4,63.63830325
Ho2Be2SiO7,177.3852483
YbSe,136.2635978
Ag2HgO2,105.2669405
LiC,363.9086301
Pr2PbS4,55.43226895
NbTl3Se4,61.14232255
Rb2Se3,56.04924395
Li2ZrTeO6,169.8144648
Li3VS4,436.66709110000005
Zn(GaS2)2,100.6014089
CaSnF4,68.79841535
AgCNO,52.31547800000001
RbYO2,77.60101445
Ca3TaGa3(SiO2)2,40.19948970000001
LiNbO3,144.86933180000003
Rb2MgCl4,78.18027059999999
BaZrO3,110.9441777
Rb2PtS2,75.7339147
Na2PdS2,90.5221718
K2Pt,98.5676592
BBr3,771.1632222999997
LiGaS2,140.983023
K4I2O,75.45807685
K2PAu,48.67489195
Ca2BrN,98.3045277
RbPbIO6,79.25030535
SmSF,203.494263
BaSr3O4,86.09405885
Bi2PbSe4,48.12641785
Al6C3N2,68.09359645
PbF2,119.195568
NaHS,125.25222820000002
BiTeCl,91.98266835
Mg(AlC)2,207.9234765
RbCaCl3,32.98898625
NaScAs2O7,23.32042105
PbIF,48.0636865
Cd(CN)2,111.8141125
TiCoSb,226.1793999
AlAgSe2,89.40678105
MgI2,167.04498080000005
LiY3WO8,89.3115668
YbS,197.1170426
YbB4O7,83.44453475
LiLuO2,120.5018875
Ca4Sb2S,48.723749700000006
SrCa(CO3)2,92.24633345
CuB(CN)4,299.5535019
PrClO,110.3742596
NdCuO2,111.5067922
K2SmF5,59.59848435
Al2PbO4,48.55436505
Al2Si4O,90.0750817
HoAgTe2,36.29957405
AcBr3,103.6608379
Hg2GeSe4,50.8628854
RbBaSiHO4,82.09759495
HgSeO4,75.56533045
KPF6,108.2873166
RbCd(NO2)3,63.75282715
NaBeAs,133.5757878
TiFeTe,255.1302014
Na5SbO5,153.74746869999996
BeZnO2,234.101659
Tm2O3,221.6407984
CdGeAs2,148.3570415
Ca2SnN2,97.92096935
LiV(PO4)2,60.37440545
ScCuO2,133.72606299999998
Cd(InTe2)2,72.51067055
TaBe2Rh,190.8322018
Ca3AsBr3,174.4138634
KSmTe2,88.46024135
BiAuO2,61.83166705
LiNbSe2,224.5625585
Li2CdGeO4,135.8633311
NaErSe2,107.2055093
Hg(AsO3)2,99.67451235
TlI,50.43490485
Ca2H3Br,104.2492319
Ba2Ti3Tl2,28.7515019
P2Ru,201.2917956
V2MoO8,67.15155899999999
Dy3CuSiSe7,38.9852162
RbNaS,85.60444749999998
CClF3,526.6126414
Na3AsO4,196.6999008
NaDyS2,117.9874976
RbCl,124.706889
KCrS2,120.7464431
Ga2Os,69.35085809999998
Ca(InTe2)2,32.7645074
Sm2SeO2,134.394397
AsBr3,98.53547645
RbSmS2,121.1469099
CaAlF5,62.00755495
Zn(GaS2)2,104.9378761
HoTlSe2,42.6124289
AlSCl7,55.96690279999999
MgTlF3,102.1971731
Na4MnO4,121.1467098
GaF3,174.9439283
TiMn3O8,208.6306966
InAgSe2,39.5633718
SrS2,143.3550751
LiYbAlF6,92.0532703
Nd2TeS2,87.3846038
Li5MnO3F,125.5717878
Nd3CuSiS7,54.72511555
TbTlTe2,42.99351935
H(CO)2,242.02778680000003
LiCaAlF6,122.3264327
SrSe,136.9836243
K2H4Pd,114.1422093
BaSi4O9,76.56336255
Sc2CCl2,175.2641883
KNdTe2,88.136713
GaCuO2,337.1344163
Rb2NiF6,110.79790459999998
LiYF4,140.6893095
TbNiSb,166.7347924
Ca(ZnP)2,150.8339793
HfIN,86.38373695
RbNdTe2,95.51910235
Li2GePbS4,45.50170615
HgTe,22.43271075
K3Ta3(BO)2,108.0420607
TiOF2,71.78921
ZnSe,138.28594180000002
Sm5AgS8,33.3483325
CaGaSiH,147.8071
Mg(BeAs)2,171.94242830000005
RbCl,111.2749764
SiC,746.4816877000003
TmCuSe2,69.69546365
PbCN2,30.4240044
InSe,130.9329004
RbH2N,110.2296873
Ga2TeS2,50.5477279
Ca2YSbO5,98.3178677
ScPS4,106.8755111
LiCoS2,289.2560224
ZnPdF6,167.1712772
TaI2O,59.4788579
CoSnC4Cl3O4,77.7004975
Tl2ZnI4,27.41326645
Li2Ge2O5,86.81675335
Y2TeO2,68.92741315
Al5CuS8,116.7611181
CrOF3,66.5631983
TmIO,57.8956667
LiNd2HO3,184.517546
Ba(MgSb)2,83.5258754
Li3VO3F2,91.7966087
RbYbF3,75.23356465
P2Os,240.31102880000003
NaDyO2,80.2988627
KAuSe2,85.94071555
TmBrO,121.0933831
K2BaCdSb2,48.75413155
KCN,126.9514774
Si3As4,308.31034480000005
K4Br2O,55.10093670000001
SmBi2BrO4,66.34558955
Nb3TeI7,132.9798234
Bi2Te2Se,72.8211257
Cd(HO)2,132.4332169
Li2Si2O5,139.8469219
Sr7(HBr)2,82.2468362
Na5MnO4,91.38543655
Ac2O3,177.1334558
KSrCO3F,67.0816574
Ca(BeP)2,201.6283972
WSe2,235.9570196
Mo3W(SeS3)2,241.37105860000003
RbCaBr3,21.8972098
HgNO2,38.5411276
LiMnO2,206.7476555
SrP,109.64956409999998
KYO2,206.5350826
LiTaO3,141.1479054
HgI2,20.93976465
HgBr2,35.2256707
ZnCu2SnS4,60.28469395
Sr2SnS4,57.05087785
Y3CuSnS7,70.4245947
Ca(MgSb)2,138.4069689
YbSe,134.27703830000002
Li7NbO6,185.6763918
ErTlSe2,43.74022585
NbCu3Te4,94.9350438
PdF4,180.9092761
BaCl2,132.8145408
KPrO2,184.8701222
MgSnF6,158.0965421
Mg(BeP)2,190.7423235
BaLi2Mg(PO4)2,129.001802
HgCl2,35.4148986
MgBr2,204.4412029
Rb2Se,104.2969224
TaTlPt,124.0278496
Nb2Te6I,14.327960399999998
SiAs2,129.4162091
YAgSe2,37.5206843
Nd3SiAgS7,54.90167045
ZnCoF4,48.9682052
NaSm3SiS7,52.9441255
LiCdBO3,130.695982
Na2CdSnS4,70.7346163
Al2HgSe4,48.04230915
NaSbS2,80.82342485
Au2O3,110.7773277
TbF3,134.4236116
LiTmO2,93.97006155
KTlO2,190.474523
MoW3Se8,236.0680084
ZrSnPd,190.0715216
KNa2Sb,92.87924975
PbF2,117.46066770000002
CuRhO2,561.1734799
LiNiBO3,197.7369524
HfCl4,54.06928780000001
NaInSe2,110.752682
PrZr3F5,27.45975635
YbS2,98.7832336
Na2AgAs,83.29239205
CaS,227.7421809
KYSn,114.5360061
DyTlS2,43.88109625
LiZnSb,137.408003
NiPbF6,89.47601565
Mg2PN3,277.94033410000003
ErTlTe2,42.52681945
CaC2,123.6053385
RbHF2,116.1887654
MoSe2,273.7115207
NaMgAs,83.50479820000002
Mg(AlSe2)2,165.1267888
SbI3(BrCl3)2,35.10537725
P2Pd3S8,228.0544369
Tm2TeO2,104.8033088
ScNiSb,194.5849105
SnF4,134.22457880000002
HgPSe3,32.25061725
Ti3TeO8,108.4295877
Mn2OF2,98.5719947
ErSeI,38.29950685
YBi2BrO4,71.28005555
Sn(WO4)2,102.7070946
ZnCdSe2,160.7766148
BaSe,109.5501144
CaSiO3,222.03089330000003
Zr3GeO8,135.26286430000002
ScSbPt,150.3692804
ZrCoBi,169.702709
Ti(NCl)3,74.3036666
ThSnPt,107.8053424
CdBr2,108.7656223
K4Au6S5,74.49272775
MgGeN2,274.9132546
KNdS2,99.2564701
RbHoSe2,111.3523484
BeTe,453.44837760000013
Tb3CuSiS7,50.45978395
HgPS3,42.85898545
NaAlSe2,68.37363640000001
LuTlSe2,43.3385251
Tm2SO2,205.2265287
TiZnSiO5,87.16366005
CdSbS2Br,34.2277053
LiAgC2,169.3145817
Ba2SbAu,45.7045742
Yb(HoS2)2,72.00121595
Ca(HoSe2)2,91.2574059
CdTeMoO6,49.73575545
P4PtF2,198.31260680000003
Li7SbO6,187.4124261
CuBS2,195.6214285
SiP,226.22488930000003
Ba2AsAu,61.4288991
GaB3N4,345.0898921
Ag2GeS3,53.5739736
RbSb,34.83811035
Na2GeO3,169.6748284
Al2HgTe4,40.4238018
Na3VH6O7,124.5501773
K2AgP,80.79567765
Ba2NCl,92.12193795
Y3CuGeS7,57.64924355
DyCl3,116.63969070000002
Sr2C(NCl)2,132.7661166
Li2CrPO4F,76.5888753
RbHF2,115.6368562
NaCaTaTiO6,78.0882913
LiGaO2,204.58684230000003
LiScMo3O8,214.2953942
BaZnF4,54.3854458
KSmS2,100.5513506
InSe,164.2633907
BP,780.2599017000001
Ba2AsBr,79.83599805
SnBrCl,52.72718375
Zn2Bi2O5,29.73556035
CdSiO3,151.984521
NaInS2,123.6085734
BeBr2,418.7844543
TbCl3,119.6667035
DyClO,99.05226805
SmCuSeO,88.0271249
AgNO2,72.47985515
Bi2TeSe2,64.07125295
K2AgAs,76.05811005
Sr(AsO3)2,129.9675847
AlP,419.0510542
NaHoO2,82.577935
LiTlPHO3,75.5219421
LiMgBi,194.2871284
H2C,722.3105081
BaZnO2,72.78817590000001
Yb4Br6O,50.12535015
KCrP2S7,8.526994699999998
Sr2InI5,12.268131
DyNiSb,168.2724275
Sb2TeSe2,44.96610515
TlP5,20.0544222
NdHO2,171.82503630000005
LiSiBi3O7,71.294296
MgGeAs2,96.36172345
TmTlSe2,42.5433944
WBr4O,88.51406825
Li2Se,282.87643419999995
Cu2SiS3,152.35083740000005
LiAlSiO4,171.87939680000005
TeW2Se3,190.7336859
Rb3TaO8,42.68389795
TlSbS2,39.7481308
Zn(IO3)2,99.8874521
Al2ZnTe4,97.7095637
Tl2CdTe4,32.84004515
Dy2SeO2,60.9970166
TiSnO4,97.4889201
As2Os,137.3399023
LiYMo3O8,152.91265149999995
TbBi2BrO4,70.20518505
ZnCu2GeS4,100.0585376
RbAcTe2,63.92681410000001
KBe2BO3F2,115.51096
Mn(Sb2O)2,161.5374951
BaCaI4,44.2152966
Mg(SbO3)2,94.8184522
PbF4,100.3913039
Zn(InTe2)2,75.575102
KMgH3,605.4760868
TiZnN2,147.31512080000005
TiSiPd,251.3134273
BiSBr,39.8611206
SrAlSiH,147.1323961
Ba2ZrS4,58.04200649999999
ZnAgF3,28.0302748
BiSI,39.17514445
AlGa3N4,406.5655145
Rb2O2,185.6793933
FeP4,168.13159050000004
AlBN2,431.9625734
TlAgI2,32.38535125
AgBi(PSe3)2,34.27382835
CoCuO2,592.1122749
ThO2,270.9063855
LuTlO2,29.704178
In2HgSe4,41.72548565
KNa2BN2,90.604613
Mg(AlS2)2,79.29052545
SnSe2,135.0278802
V2ZnO6,111.9800287
NdOF,212.4596101
ZnI2,76.63709940000003
TbSF,200.7058361
KAlF4,80.0950275
Zn4P6SN2,130.7859937
KPrS2,100.0864182
Zn(HO)2,235.3305398
Mg4H2O5,352.4269254
AlBr3,79.10823435
Pr3SiAgS7,55.52097995
SiGeN2O,183.6640528
HgI,36.5095123
DyTlSe2,43.86475475
Na2MgSiO4,187.7528629
AgAsO2,70.96316385
ZnSbAsO5,55.93942239999999
KPH2SO3,94.48055
Te2I,32.8278057
Na2Se,161.2006601
MgPSe3,105.8068103
HgSO4,85.65063725
CaThBr6,52.16693710000001
NaAuC2,72.55409225
SbSeI,44.21639715
RbBF4,46.8256678
NdTeF,118.60040390000002
LiV3O8,90.08225195
CdSiAs2,74.63016309999998
TaCu3Se4,268.9295309
Na6ZnSe4,112.9690563
Rb2Pd,68.0484739
Li3SbS4,138.5940291
TlBrO3,58.68502785
Ba2H3I,68.28649285
AsCl3,53.46595295
ZrSeO,151.9793184
Bi2Pb2Se5,65.153227
IrI3,58.77834115
Te2Mo3WSe6,190.4020868
ZrZnN2,93.5563548
LiH,571.1366922999998
NaPrSe2,105.6580026
NaZnP,176.54749630000003
KNO3,127.088079
Ca2SiB2O7,206.66077880000003
BH3OF4,92.2948577
LiGaSe2,90.9503858
RbLiCrO4,97.05073445
Hf(B2H3)2,216.8933258
RbSrCl3,27.23964635
CO2,133.360647
MgMoN2,254.8574317
Ta(TeBr3)2,25.34063065
ZrSiPd,216.8080499
Ho3CuSiS7,48.1730745
SbSBr,47.2001216
RbYS2,130.1806578
Zn(InSe2)2,60.49770039999999
DyBi2BrO4,70.9550598
BaNaH3Pd,89.229926
V2ZnO6,65.40745405
Pr3SiAgSe7,44.85458275
KHCO3,132.2826083
PICl6,63.88769455
TmNiSb,156.0551886
KH8N3,92.9902719
Pt(SCl3)2,64.8809576
TaSbRu,155.4331444
PrOF,242.8543332
LuAgO2,200.321344
CaMgNiH4,60.99698325
NaHS,115.359551
Sr(GaTe2)2,38.277796
Na4CrO3,67.1152075
LiTeHO4,198.9802404
PrTeCl,95.7748635
Mg2H2O3,343.73708270000014
SCl,32.6886695
Rb2SnO3,29.4934727
K6Fe2O5,54.23993975
K2PdF6,109.70149
Rb2Zr2O5,94.92187055
SnB4O7,54.39101525
Ba2ZnF6,71.2698838
BH4O2F3,68.51173875
CaAlSiH,165.0438474
ErTlO2,28.65385310000001
Cd(GaTe2)2,88.05860729999998
CBrN,103.9389435
BeGeN2,270.3490403
RbLuS2,123.9919317
SrAl2B2O7,145.4243425
ZrC,515.2656374
LiInTe2,57.0333691
CN2,608.1973801
ScBrO,56.47885865
CdPbF6,81.88335455
SeCl,61.42052825
SrCl2,143.1337311
SbAsO3,48.15956775
HfS2,146.3178224
Li2BF5,203.4000826
InS,73.17340175
CaZnSe2,166.4678257
ErSF,194.1950824
Li4TiS4,191.8456416
PAuS4,207.8916272
Bi3BrO4,64.81235665
SrO,212.8578758
KC2IN2,113.1946024
SmBrO,83.49195845
LiBr,288.0838366000001
Ga2PdI8,30.74159645
ZrCl4,52.5596667
RbCdF3,68.443538
As(S8I)3,88.9369796
KGeNO,76.44673759999998
BaLiAs,85.76376045
KMnPH2O5,71.80198305
MgGeO3,122.7744899
ZrPdF6,123.9421735
Te2Mo,227.9840684
Ba(CuS)2,107.5210003
Pd(Se4Cl)2,26.3892547
Rb2S,150.6612263
Ge3Sb2O9,108.0621041
Li3As,185.3093417
NaCrSe2,130.5683182
RbF,165.1933888
Ca(BeAs)2,175.0856324
K2NiO2,144.08744109999995
Rb4SnO3,38.61059565
Tl2S5,40.9507318
RbTeAu,55.43283589999999
NClOF4,91.7900054
CuH,877.9502558
TiSnPt,176.2767944
Sr2IN,67.280957
Te2O5,57.18868005
K2PtS2,97.66971045
NaHO,66.21839265
RbBr,94.76519225
NbCu3Se4,304.3516998
TePbO3,48.28583085
Sr2ZnN2,131.40820459999998
P2Pd,117.3554151
Pb2O3,96.2565709
KH2N,128.1565463
Ba2ClF3,114.889316
MnTlF3,62.9228457
CaClF,144.90404919999997
AsF3,115.4788773
Ca(NdS2)2,88.46617765
Ta(TeCl3)2,36.3379599
NaLi2Sb,136.9742529
GeSe2,50.31731275
KLiTe,106.2346908
Tb3CuSnS7,62.20305265
TbH3(CO2)3,141.9908933
AcGaTe2,43.14532855
BaBe2Si2O7,99.4324914
Ga2Te5,67.73271609999999
ZnS,264.43908680000004
TlZnF3,81.44386825
K2ErF5,115.7718904
Rb2PdC2,41.2271366
Zn(SnO2)4,78.53574825
NaSrAs,98.84363045
SmAgO2,78.41322035
LiSbTe2WO2,76.4997641
MoW2(SeS2)2,241.0200498
AgHgAsS3,31.7561368
NdOF,244.603574
AlH3,321.01662810000005
NbOF3,54.2585157
MnTeMoO6,64.5376527
Sn3As4,168.9983236
ZrNCl,84.29239179999998
NbBr2O,78.90273165
SrO,123.0092072
K2MnF6,88.77366465
V2Te2O7F2,21.7233896
Rb2PdCl4,71.2050514
HoBi2ClO4,95.95485345
HgCN2,49.49723625
LiHSeO3,54.3619674
K2PdCl4,95.17993285
BaTm2F8,83.15539025
ErAgTe2,35.6659574
Na3VS3O,76.26521355
Rb2CaH4,115.9909332
TbBi2ClO4,86.2414992
Rb2S5,35.58928575
TlHgF3,30.44925035
K2Sr(P2O)2,73.73755035
BiClO,87.80471375
BeS,556.6920069
K4CO4,78.33951685
Ba3Bi2F2,78.80985190000001
SnF2,50.5514631
ThSeO,124.79046409999998
Cu2SO4,82.63566385
Tb2TeO2,68.21765845
Sr2H6Ru,149.3905246
ScGeAu,160.0957412
Rb2SeCl6,71.5777043
PBr3,110.6884166
YZr5O,76.947788
Rb2GeF6,104.1407444
Na4SnSe4,64.90817120000001
Cu2WS4,431.8072624
BeGeP2,197.5051032
Na3MoNO3,179.5228166
NdH3(CO2)3,127.7589809
TlS,12.97405045
Rb2LiVO4,61.36750175
Li4MoO5,211.5811711
NaLi2AsO4,159.6210373
TlBr,62.9932809
Na2SiO3,165.36284009999997
Y3CuSiS7,60.708339
SbTe2F6,34.01516575
HS7N,203.4517417
Cd(HO)2,160.0940404
HoIO,61.1089392
PrBr3,118.215745
MgCN2,191.5460252
NbFeSb,199.7653661
CaC2,233.4179173
UF5,96.99377265
Ag3AsS3,17.51792125
SiF4,351.7017964
K7NbAs4,52.20552305
KCaBi,56.64917710000001
KSnSb,87.99300785
RbSmTe2,96.6308246
Sr(CdP)2,145.19442759999995
CaSe,207.3472218
Yb(NdS2)2,69.29246225
CaGeO3,108.9789956
PbIBr,30.229774
NaNbS2,146.4422845
LiBF4,123.0852119
PCl3,180.14372690000005
CaPdF6,172.82613659999996
AlAgO2,96.36785985
TiSnPd,184.0958353
K2MgH4,187.6339368
Li5V(SiO4)2,99.17179445
Pr2TeO2,72.09239485
YBi2ClO4,94.5153007
Ca(MgBi)2,129.1108232
Sr2H3I,74.99911415
MgSiP2,311.7449946000001
Al3GaN4,244.42205
NaBF4,105.9063934
LiAlO2,270.4261122
Na2BeF4,138.3747195
SnPSe3,35.7708098
Ga2HgSe4,46.1706738
RbAuS,38.0097287
NaHF2,120.3736568
Cd(AgI2)2,48.5161126
KMgSb,99.69879115
BiI,38.93202295
Mg2PbO4,69.67945565
H4CN5Cl,74.68572420000002
Te2Mo(WSe2)2,190.1524621
Ta3SBr7,69.8361673
YTlTe2,45.928286
HoBi2IO4,59.7153094
BaMnF4,55.254947
Dy2Be2GeO7,87.89902755
Na4WO4,155.6627925
CaGaGeH,138.4166404
MgSiO3,196.755662
HoSI,36.38548365
Be2C,620.2511039
SnC,540.7574103
CdBiS2Br,34.85558575
SrSnO3,71.42856309999998
NaSmS2,119.48464579999998
GaCl3,88.01842055
Sm3CuGeS7,49.2630859
KV3(SeO)2,46.5243839
In2HgTe4,36.26415635
NaTmS2,122.1373715
NaAlO2,184.0555485
InPS4,83.30749959999999
LiSbO3,156.346901
KTeHOF4,52.941791
PrGeBO5,89.5035294
NaTlO2,226.4714458
Na2PtS2,85.43779755
Bi(BO2)3,132.0969155
Tl4GeS4,16.933129
LuIO,55.65954920000001
SiS2,178.6527151
ScTlO2,39.0243691
Re3Se4Cl,197.8971658
Y2Be2SiO7,113.51452890000002
Ba(AgS)2,64.88402579999999
HfSe2,95.36822695
Nd4S3NCl3,68.77640435
Na3BiO4,70.67745440000002
NdIO,70.84870665
RbLiS,129.3956655
MgSnAs2,80.0359313
Li4V2OF7,157.31691919999997
Li3CrPCO7,74.79587925
NaYSe2,122.7452753
PbI2,61.45738000000001
TbH2Br,116.1662208
KCuC2,100.1298733
Na7NbO6,75.3895426
Li2GeO3,256.2097409
K6MgO4,127.1791245
ZnCl2,78.8404672
KAgSe,62.39421485
GaCuS2,245.20804280000004
NdBi2ClO4,79.96139405
Li3Bi,157.6205376
H4NCl,195.71964430000003
Na2PdC2,89.7126339
PSe,126.25753059999998
NaSi2N3,206.2846241
Ge3N4,143.92609380000005
Rb2TeBr6,53.09903625
Zn3(PS4)2,74.87671965
K2O2,116.8839795
NaHoSe2,107.4852158
FePH5CO4,151.64298359999995
Li5P(S2Cl)2,84.510901
AlICl6,55.01656120000001
HfBrN,98.41514965
Nd2Be2SiO7,188.0127594
IrCl3,117.4505293
Er2TeO2,104.7478144
YCl3,65.2517429
GeS2,100.9144987
Hg(BiS2)2,15.7281935
SrMgH4,83.3149033
Mg2ZnAs2,28.1345269
Bi4O3F7,27.43027495
LiErSe2,118.0829787
KNa(BH4)2,142.26536380000005
SbSI,39.4012908
NbTlBr4O,44.0799623
SrClF,133.9730864
Cu2O,616.3182385
HoTlTe2,43.37464315
NaAlTe2,53.32021345
Tl3AsS3,43.96340405
Li2CrP2O7,79.40298165
VSbRu,184.1243495
KCl,150.99719419999997
P3N5,252.1227984
CeTh2O6,113.968189
TiFeSe,236.4122137
ScAuO2,107.5259695
MoO3,185.0495452
NaNO2,153.9399649
KHO,163.6632574
SmBi2IO4,56.40215365
NaBe4SbO7,132.7927966
NaInO2,148.61123519999995
ZrBrN,110.1371077
In5AgSe8,42.95663425
RbLiSe,95.43405985
Pr2SeO2,131.7045861
SmOF,248.3482454
Ba2BiBr,54.97270595
IO2F,68.96863375
TmAgTe2,50.37420785
Li7SbO6,154.3019458
MoCl4O,129.4474581
Li3N,355.6590407
K2AgAs,76.04730465
FeBr2,119.759083
Tb2SO2,203.11497340000003
Pr3CuSnS7,47.4513138
LiZnPO4,91.5278077
ThTe3,31.4073625
LiYF4,152.4641273
NaHo2F7,83.59250870000002
CaTi2,34.2827328
K4BeAs2,73.71690670000002
Li8MnO5F,102.2283887
Pd(SeBr3)2,41.337325
SiSn,332.4873273
KTe,85.08808945
Ag2HgI4,97.83786115
ZrFeCl6,92.66967835
TiMn2O6,90.0604077
Na2NiO2,150.8038976
TiF2,308.9760442
SrThBr6,67.57226925
DyBi2ClO4,94.07718175
Li3PO4,341.8257275
Pr2Be2GeO7,97.4495004
Sm3BWO9,96.42195355
KBi2F7,35.50080820000001
H8(NO2)3,89.9662273
LiDySe2,116.6930841
BeSnAs2,114.3129279
BaB2F8,66.50206775
KAgC2,63.76570025
TcS2,242.994103
Be4TeO7,311.2552499
K2PdBr4,80.0650125
Li4WO5,177.25531669999995
AcInTe2,53.89483395
Na6MnS4,101.2455641
TlCl,84.05413940000003
SmBr3,76.0315968
Ga2Te3,37.42793795
Na3Sb,77.8312295
MgGeP2,131.0045029
Li3AsO4,330.1277481
PbO,57.4208961
LiV(PO3)3,137.0307145
K3AsSe3,45.03033725
ReTeS,122.13657109999998
Na3Sr3GaP4,74.59818045
LiSmS2,105.9442123
CdSnP2,68.23786855
Bi2SO2,47.93478875
BI3,666.4566618
Ca7(HCl)2,106.41144579999998
Hg3(TeCl)2,23.36891195
K2NaAlF6,135.3498745
SrH2,223.617653
K2SiF6,140.99039330000005
TmTaO4,102.3884353
Sr2HN,249.7068911
Li2MgBr4,169.3509332
SrCeN2,98.18530145
Mo2Se3S,276.5156888
P4S5,115.3952355
MnTlCl3,29.833576
K2Te2Pt,72.37280165
BrCl,59.58140915
Al4C3,171.80455940000004
Bi2Te2S,79.90703355
AlBiO3,84.36462790000002
RbGeIO6,76.29572879999998
InPbCl3,34.8065946
AlSbO4,227.5167682
CoHgC4(SeN)4,50.30490655
KBiO2,117.3815614
RbAlF4,85.52657525
Li(CN)2,175.0893009
BaSnF6,99.76128905
K2NiF6,135.9501078
SmTlSe2,44.7172141
SrS,185.6152613
SeBr,54.41396005
KCaBr3,11.3177227
TiMnO3,159.74023019999996
Ca(SbO3)2,112.8534652
Hg3(TeBr)2,40.005993
TlNO2,32.3342257
Li2V(CO3)2,108.837625
AcCl3,137.2306477
BaH4O3,103.430356
CaAlH5,95.00511215
RbLuSe2,112.8660715
Mo2SeS3,281.06773030000005
Lu3AlO6,98.2248212
NiP2,114.8416922
RbNdO2,138.9579776
BaBAsO5,64.9760718
Sm2CdS4,24.98365225
Cd2BiAsO6,56.4163274
ThSbRh,117.3819617
K2Se,127.783093
Ca2AlBiO5,72.9112374
TiBrN,89.17012945
HgB4O7,90.51967055
Al2CdTe4,51.1371558
Li2ZnGeO4,170.64511330000005
TlBSe3,28.67276255
BaP3,115.7063576
SrCuSeF,96.5110981
KI,84.88605515
NdTlTe2,44.05471635
Rb3BiSe3,64.07405435
MgSiN2,431.7142159
TiCdF6,114.1945688
Ce2Dy2O7,128.55714650000002
KAcTe2,71.64883985
Ba2BiAu,39.5002736
Ag2HgI4,38.94162775
Na2ZnSiO4,192.1548961
LiErO2,151.3845878
BNCl2,594.3205451
HBr,83.11196855
KUO3,119.314861
Ca4P2O,101.9233029
IOF3,43.209594
LuSBr,50.88199495
CaBr2,50.0069243
ZrIN,100.3972736
NdBrO,89.29589229999998
ZrS2,150.6254418
Th(TeI)2,59.03323520000001
KPrTe2,88.0270582
PbBrF,59.46381705
ScCl3,135.3305648
MgAgF3,72.82952990000003
KTmO2,206.8007821
ErBi2IO4,60.23340165
PrCuSO,102.0222523
BiTeI,60.2951325
Sr4P2O,54.67869235
Fe(HO)2,458.0075227
GeS,100.971027
SiS,63.61162325
SrAlGeH,118.4879811
BaS,149.9535727
TiZnF6,144.8262436
KBrO3,101.0943553
KInO2,214.4456693
Er2SeO2,135.4834746
BeSiN2,504.928905
Ca2Ge,159.9341605
AgBrO4,59.66838595
InBi2S4Cl,56.817728
KF,165.16193969999995
Rb4I2O,48.2011552
CdCl2,49.07502525
HoTlS2,44.4231338
TeO2,84.97930175
Rb2Hf2O5,108.3851322
BaNaP,128.2549621
BaBrCl,23.9694454
GeI2,78.4317963
SmTlS2,46.1215159
BaAl2O4,69.4096875
FeCl2,242.7489805
Sm3SiAgS7,53.3627347
YCuO2,122.9105246
Lu2CCl2,137.7117215
SbTeI,49.33945739999999
Nd3CuSnS7,45.8737921
BeCl2,479.6158881
GaP,346.3162383
YbO,260.9591144
Na4SnS4,92.30042715
BaSe3,57.96193315
RbHoO2,148.0033981
Rb3NbO8,42.56076975
CaF2,202.9915451
SbAsO5,125.9032202
MoW3(SeS)4,240.8728096
SbO2F,149.9928256
CF4,588.6199629
KCl,126.8303835
MnH4(ClO)2,103.175562
K2Te,110.472442
KTlO,92.85870615
B2AsP,735.7195426
BH3,371.9361752
Tl2O,140.8697664
ErSbPd,138.23888490000002
CdF2,219.6359631
Ca4Cl6O,90.9617915
ZnCl2,84.95348885
Zn3CdS4,253.1725564
Li2GeF6,138.21997549999998
ZnSeO4,107.4011071
CaH2,226.0669103
ZnCdS2,240.1166317
Ni(PS3)2,95.1674933
CuCl,60.10427045
Te(HO2)2,126.3887628
InI3,45.8165635
AcClO,111.4874826
SrCaO2,145.7503054
HoTlO2,29.21843525
KTeOF3,55.39545055
KZnSb,86.0383977
UTl2O4,44.40162305
RbDyS2,122.9944332
SmSnAu,122.6390556
BaS2,85.32714225
Li2H2SeO5,213.6949941
FeSeCl7,69.33975255
NaYS2,185.7095084
Ca2IN,85.9752328
ZnB2(CN)8,112.53237140000002
SnC2(SN)2,61.2516772
Sm2AlNO3,99.35715375
PrSF,201.0049856
Ba3BPO7,35.79972425
BaLiH3,275.9701495
CIN,142.942769
RbNO2,85.06351049999998
ZnGeP2,193.3455578
Sr(NdS2)2,85.5378809
Zn(InS2)2,128.3057875
BiSeI,37.0944046
ZnC2S2(OF)6,149.6032309
Cu2HgI4,112.2792116
SrHgO2,88.33407829999999
Sr(ZnP)2,166.284334
Al(IO3)3,130.60970559999998
B2O3,292.2567887
Ge2S3I2,170.89100280000005
Sm2SO2,200.6915957
RbSrCO3F,91.89775925
B2S2O9,184.3055067
LiAlSe2,109.738742
RbN3,116.8309863
Ba3Si6N4O9,88.0582071
RbAuO2,68.9241115
BiIO,49.4002878
Ta2ZnO6,91.10042745
LiAlO2,243.993269
LuNiSb,154.8952423
KHoO2,203.3319485
PaTlO3,56.7557637
Yb4As2O,60.3649007
NaGe2N3,184.5487283
TaCl4,88.31263425
Ca2YSnO5,72.6899935
Tl4SiS4,19.3066485
ScCoTe,190.8316348
Rb2PtCl6,71.3164404
SrC2,152.9038137
DyAgTe2,36.93142315
Te4Mo2WSe2,191.0887967
Na3VO4,166.2796983
Sr(MgAs)2,112.8521979
Pd(SeCl3)2,41.17374325
Ca2Sn,146.4190063
RbTa(GeO3)3,52.8310023
Al2Si2H4O9,193.0174272
K3ClO,18.8773673
NdClO,109.0390923
RbBiS2,53.6070568
Rb2ThF6,121.936838
BaAuO2,42.29170195
RbTmO2,149.87910209999995
BaCrF5,80.6546405
SCl2O,261.694115
SrH2O3,154.4505534
Rb2H6Pt,89.66661090000002
KLiSe,121.3559143
K2CuP,95.0536364
SrGaSiH,122.7130259
LiScS2,225.4923565
Na6MnTe4,94.79107185
PI2,78.60318195
BaHgO2,74.71363815
Ca2MgSi2O7,70.33745115
Yb4Sb2O,63.08455985
Ca3AsCl3,132.6792398
NaScO2,276.7851901
Li4FeSi2O7,124.9114912
CrBiO3,94.4333264
K2S5,44.37994555
K3BiTe3,92.5513859
FeCl2,149.56761310000005
ErNiSb,156.5123838
LiCaAs,211.8595102
DyTlO2,29.37464665
H5CNO2,164.693539
HgF2,191.5734055
SrHCl,141.93453180000003
AlN,189.7971178
Sm2PbSe4,52.26748735
Li4CO4,213.0269936
W2Se3S,238.3850663
Sr(MgSb)2,102.0713435
NdZnPO,84.69932850000002
BaCO3,152.0975775
LuTlTe2,41.65218235
TiMnO4,154.1645104
ErBi2BrO4,72.47288499999998
PHF2,87.60768195
Na2NiO2,139.07617
Tl3PO4,33.25331835
DySI,35.22343625
LiGaO2,197.8256968
NbCu3S4,415.6124024
Ba(BS2)2,62.40108495
ZnSiP2,177.4155635
Ag2HgSI2,23.9322268
NaP,51.54319205
ZnSbF5,47.46842235
CaBiAsO6,68.5774716
InGeCl3,30.93275865
BeSiAs2,154.0227396
KCaCl3,12.6045658
S5N6,123.3110247
Cd(GaSe2)2,61.1633664
Li4MnSb2WO2,91.5795002
PdI2,35.85315095
ErClO,36.72245205
SmClO,107.4459962
Yb(SmS2)2,71.5087365
BaNa2O2,52.2210975
IrBr3,76.82969565
Ba2CuClO2,107.0979889
Cu3TeS3Cl,49.33755645
Nd2SeO2,132.672203
Li3Mn3OF7,120.3691545
Zn(SbO3)2,45.35123095
BAs,670.2074363
Na4CO4,140.07863769999997
Na2CeO3,180.330687
SiPbO3,126.1167269
Ca(PrTe2)2,64.92701395
AgH,647.8843803
Tl3VS4,81.80471525
CrF3,196.5421553
Ca2AsI,64.5916797
Zn(InSe2)2,95.5942399
K6HgS4,59.1661683
HgC2(SN)2,27.65705495
KAlSiO4,114.645194
RbBr,83.2320619
HfSO,129.9112899
CdI2,81.03739845
Si4P4Ru,192.6140256
BCl2,89.86674425
DySBr,42.347029600000006
Dy3CuSnS7,74.0884257
NaHoS2,120.5134933
Nd3BWO9,83.28725615
SrCuSF,66.44263805
P2S7,118.4644693
MgMnF4,124.3323351
Hg3AsS4Cl,28.42830705
Rb2MgF4,138.3542759
Tm2SeO2,55.8455088
LiCoO2,238.15895330000004
CdCl2,149.5230909
KrF2,213.1534568
RbAgSe4,24.66299200000001
Li2NiPO4F,59.6827598
Ga(IO3)3,122.3615169
Li2MnSi3O8,99.71826755
Mo3(Se2S)2,278.1645128
PrBi2BrO4,61.37073670000001
Li2MnBr4,101.8004748
Nb(PS4)2,77.6895587
CaPtF6,173.99168569999995
Ag3P,52.6719895
Li2CrO4,61.2957659
Bi2Te4Pb,45.6083261
Ba2PCl,98.86564145
Ca3PN,103.6037093
PdBr2,232.9394782
KCaSiHO4,95.51029795
K2LiBO3,74.34452035
InCl,57.98274355
Li4CoO3F,109.9276697
Th3Bi4,86.88892275
LiN3,207.5526245
CdSe,160.93606119999995
TbBi5O9,47.50984305
Pr2SO2,195.4947986
ZnNiF6,170.1134476
IBr,56.74569200000001
SrHfO3,34.60639455
S3(NCl)2,81.08102025
S(IO3)2,69.83346595
RbPbBr3,31.71274845
ZrNiSn,220.0687794
KTbS2,101.2408952
LiTa2CuO6,80.18363845
Rb2PbO3,68.4193259
Li3BrO,166.8236368
Tl2SnF6,48.43717315
Ag6Mo2ClO7F3,101.5775301
RuO2,530.0120736
LiNi(CO3)2,159.1230885
AgAuCl4,45.7760099
PtO2,519.8504954
Sr2SbAu,49.91164335
NaSmO2,121.718162
Li2BeSiO4,205.3782378
InBr,47.81359485
Mg5(HO3)2,303.9415282
MgCl2O,84.3664955
CaHfN2,129.4509932
Y(HO)3,148.25138869999995
NaLi3(H2N)4,172.61673190000005
FeN3ClO3,102.1467145
K2PtF6,112.9445107
AlB3N4,462.9100727
K2ZnF4,116.40824170000002
Ca4Al6O3,96.797708
PrBi2IO4,53.24290815
NbBiO4,91.7041625
RbTmS2,124.3990018
PtI2,46.8514807
K2PdF4,128.4025025
SrF2,219.3426832
LiCoO2,210.3140378
LiVPO4,75.49035965
Na2ThF6,48.64644439999999
Ca(NdTe2)2,67.32407855
MoWSe4,236.6428957
NaMgF3,129.23471840000002
YOF,263.6154752
Lu2(CN2)3,58.0799588
BaHI,71.84853965
LiMgH3,244.2791119
HfFeCl6,89.28271905
H6CNF,124.8399888
Ti(CuS)4,191.7480928
CaHClO,150.9508044
LiCl,194.7933814
Ba2H6Ru,131.6517597
LiSbO2,136.09848190000002
SO3,262.9402044
YbI2,95.84593235
Sr(BiO2)2,64.04710755
KAg2PS4,27.86035655
AlCuO2,151.4305775
NaGaO2,190.9769408
NaTmO2,86.32477415
Ho3CuSnS7,68.96403145
PrIO,72.15292509999998
ZnSiN2,242.6359907
BaAl2(SiO4)2,90.63486145
Tl2Sn(AsS3)2,42.66202035
NaCdF3,125.4599653
Mg2Sb2O5,63.71267375
K2O,214.2607435
HfTeSe4,83.8866557
LiMn(PO3)3,113.61611299999998
BiI3,50.2602509
NaMgSb,86.42135575
CaHBr,134.4755042
VCu3Se4,126.9548457
BaBeF4,30.49153815
MgBi2O5,69.7098375
KrF2,204.8316647
NaLuO2,86.5450509
AlN,439.77861280000013
MnZnF6,161.5522691
K4CO4,102.6235195
KPrGeSe4,53.77977645
LiHF2,270.0819735
ErSCl,64.01855995
AlAgS2,112.6577341
BaSr2Mg(SiO4)2,74.53108025
ErTlS2,44.1341894
GaS,279.0385496
HgN3,39.1476974
MgO,385.9174957
Al3BN4,432.3784145
SnS2,68.1637982
SBr,56.38547865
Ba3NbGa3(SiO2)2,81.73581415
VCu3Te4,87.0071485
PtS2,296.83110810000005
CaZnSO,196.5810414
LiMn(CO3)2,104.153951
InClO,73.78267290000002
Ca2SiO4,228.36492540000003
ZrSO,201.1482572
ScCuS2,98.4731453
Nd2SO2,197.4091886
NaLuS2,121.0832781
WSeS,240.7955376
SrAuO2,59.89456565
Mn(SbS2)2,13.8826045
Na3ClO,76.32130825
PrCl3,159.11375049999995
MgTiSiO5,97.06807645
CdBiO3,87.83692985
BaHgS2,21.44508385
Ca2BiAsO6,76.7852401
KSnAs,95.54184705
Bi2Se3,22.4576899
Mn(AlTe2)2,179.16547130000004
KInTe2,77.74762105
RbSnF3,51.2130604
NaSmSe2,107.3211338
GaCuI4,58.80468765
GeRu,123.3884301
ErCuSe2,71.94412075
BH3NF4,99.68418385
K2Mg2Si2O7,137.7301306
TeWSe,191.5694035
HfZrO4,197.01625890000003
TmTlO2,28.1482671
AlTeI7,32.94289655
K6MnSe4,89.90643075
FeI2,84.88245335
AuCN,223.32277230000003
TiNCl,115.3964027
ThI4,55.2882303
BCl3,431.9760134
ZnWO4,104.4800139
Sr4I6O,49.0392407
RbF,132.07720559999998
Na3AlF6,104.3667907
Li2AlVO4,226.112333
Hf2SN2,167.7197847
MgPdF6,201.7936131
ThBrN,73.9514906
CaCN2,253.6507287
AgHgSI,20.5934249
BaI2,35.7115802
Na2Te,139.5298634
K3TaF8,89.6917568
CaMg2N2,183.0587503
Y3GaO6,127.1076554
Li6FeO5F,136.7900609
RbI,69.78017265
CaHI,120.15484740000002
AlPS4,136.2305146
CaF2,257.2858453
NaS2,42.11287925
P2Se5,16.25829175
GaAgS2,152.7032135
AlClO,161.42100349999996
AgCl,73.77763705
KZnAs,95.56705965
DyZnPO,86.7147357
Nb3SBr7,153.5665449
Zn(CN)2,169.57491169999997
Na6BeO4,177.2591186
NaH,342.705834
AlF3,233.3114308
Ca(SmS2)2,88.0950255
Mg(CO2)2,183.6277013
AgI,63.7935475
RbMgF3,152.7449343
Sr2BrN,83.42205685
HgBr2,80.96132709999998
KTbGeS4,70.1164407
CdPS3,100.2039436
HgS,32.52728885
LiSb3P2,78.65547475
RbAuC2,31.19342225
H4IN,128.05339469999998
HgPb2(ClO)2,38.7861834
K4CdP2,72.93645
Nb3TeCl7,110.6982548
NaNiIO6,170.41036259999996
Dy5AgS8,39.1581026
Ca(HO)2,188.1391559
TlInS2,49.2964359
Tl2SiF6,74.56176225
YbMgSn,93.87948295
Na5Li3Ti5O4,83.86227685
AlHO2,243.7298374
Na4CoO3,43.2105945
AlAgTe2,115.9322038
As2Ru,144.1117866
NaRhO2,180.7559328
NaClO3,71.80251665
HfS3,204.5052682
CuCN,187.4718224
H2SeO3,89.93931385
GaTe,169.868125
KTa(GeO3)3,67.17927285
Sr3PN,54.96343465
KNdGeS4,70.35666075
YOF,133.7527763
TaTl(GeO3)3,34.95750335
Na3ScF6,26.94690005
Cd(InSe2)2,64.63126615
BH6CN3F4,122.395067
SrBiBrO2,64.715675
KAsSe2,53.1024713
SmH3(CO2)3,134.5170249
H2SeO4,110.7197655
Zr2SN2,179.55870119999997
As2PbO6,85.24796935
Ba3Ga2(GeO)4,90.14795145
DyNiBi,130.2075046
CaP,185.9242157
Ca2PI,72.30876965
YHSe,182.7908164
ZrSiPt,202.6660157
YAgTe2,106.4457963
Ba2HfO4,112.1224332
Na2PtO2,130.5528105
VCu3S4,202.8979983
CaNiF6,168.8674582
Y2SO2,206.2865251
BaClF,125.9873289
RbIO3,85.3140357
Nd5AgS8,30.12995745
RbUO3,112.0664386
Nd2PbSe4,49.75209695
Rb2HgO2,75.73174695
Ba3Ti2O7,130.1184267
BaLiF3,141.4795711
SrHBr,96.2449651
Ga2TeSe2,42.4682902
GaS,276.8248099
RbAgO2,67.26925115
KScO2,237.0699758
BiSeBr,40.3464298
NdSF,201.8244618
BeSO4,491.3578228
XeF2,179.5564
Th2SeN2,123.7553134
BeSiP2,248.329336
PbI2,60.1349858
Ge3As4,205.1223099
Dy2TeO2,67.11177245
NaN3,184.786347
GaP,344.3264772
HoNiSb,156.68567040000005
TlGeF3,36.4384768
BaO,220.834362
SrTiN2,131.5446061
SeOF2,100.4343254
LuTlS2,43.3520652
KH3F4,72.75979505
Rb2ZrCl6,65.7643324
GaBN2,336.8595456000001
NaCN,121.8225142
Li5CuSO2,223.5298758
In2S3,69.16523199999999
YN,435.56410660000006
Na2PtSe2,59.304837600000006
YCuO2,121.3544136
MoWSeS3,242.0243517
BaGaSiH,109.2733094
SnHgF6,83.10756635
TlInSe2,20.47006325
RbCaH3,104.9859334
FeSiW,247.7194979
CaH2(BrO3)2,70.65250859999998
K4HgAs2,67.7491243
KHoS2,101.9892358
P4S3,214.08458880000003
MgTa2O6,71.9887764
Li2TeO4,91.91903655
Ca(MgAs)2,150.81537
ScSbPd,164.5541693
Rb2Te,86.535246
AlSeBr7,39.65585135
RbSrSiHO4,80.5079672
AlPNCl5,66.7658329
NaAlO2,201.271919
Sr4Sb2O,19.5807855
Rb3NaBe2F8,36.28163175
K2Se3,65.7333169
SnH4(NF)2,128.6184438
TaCu3S4,239.53294
TiGeO3,190.6967341
Dy3BWO9,90.09179005
LiAlSi,338.4591117
NdTlSe2,45.13895820000001
B4CCl6O,274.6608618
NdTeCl,95.44880055
RbErSe2,112.2200487
AgBr,86.490557
MgSiAs2,262.2186105
WCl4O,127.8594311
NaPrS2,104.3648897
NaCaAs,177.2255685
Na3BrO,91.9522198
HgF,102.9708931
Er2Be2GeO7,84.67334885
LiSi2N3,260.6814756
RbTlO2,137.5898939
GaPO4,139.6069019
Li2MnPO4F,54.1113755
KLiZnS2,87.02872595
Li2SnTeO6,84.66641205
Hg3(SCl)2,24.6195036
AsI3,64.52474625
Li2CaHfF8,120.63818899999998
NbCl2O,93.7556544
Dy2PbS4,55.69886885
TbCl2F,100.1704936
NdSeF,147.34917109999995
KF,197.5094387
K3SbSe4,67.88462535
AgCl,115.516963
UO3,229.5276398
LiCuF2,139.14473759999998
BaBeSiO4,61.4998679
Sr2CdAs2,65.29966685
BAsO4,134.7513754
PrBS3,94.063008
RbCaSb,49.4605179
TlN3,64.91460775
Tl2O,140.6913439
K2HgO2,98.6150829
NaNdSe2,106.111029
HfNCl,145.2040324
TeOF2,50.733354
SmIO,89.62328925
ClF,70.6612463
MoSBr,133.5321994
BeGeAs2,140.8133382
LiCrP2O7,61.0341018
LuSF,130.6040361
Mg(InTe2)2,145.6297785
Mg(ReO4)2,275.62797850000004
BH5CN2,75.01692305
AlAsO4,192.6763567
Na3Ca3AlAs4,81.04653635
Li3NbO4,182.435839
Te4W3Se2,190.7508945
Pm2O3,208.5120373
Li3Sb(PO4)2,65.1008675
YAuO2,92.1229051
RbClO3,88.11683640000004
NaAgO2,141.5572433
CdHClO,108.0156142
CaGaBO4,92.71636835
KErTe2,88.73721309999998
TmBi2ClO4,99.1539522
AcBrO,87.20608125
KPrSiSe4,56.59811825
ZnSnF6,136.405502
TlClO3,62.5818753
ZnTeMoO6,96.6470327
UN2,302.3185504
RbMgBO3,131.45862979999998
U(BiO3)2,56.60378775
KSbS2,58.4296669
BCl(OF2)2,95.9788321
BeSnP2,160.94553259999995
Na3PO4,195.5713368
BrO2F,53.2501451
BrF3,78.4335305
TbBS3,89.73761305
CdP2,118.9341707
ScZnMo3O8,157.2834358
AgB(CN)4,85.99671020000002
K2AgSb,60.37073695
K2Se5,42.72124995
Ca2Si,220.1857379
HfBrN,103.5502159
HgIBr,28.37788185
TiS3,201.2328995
BPS4,346.89652830000006
HoSF,196.7825421
Nb(SeCl)2,137.07173500000002
BaAl4S7,44.49693735
K2O2,104.787701
LiMn5O3F5,135.9109215
BiSbO3,77.77363405
BaAlSiH,137.14026919999998
NaDySe2,106.9032583
Nd5AgSe8,19.35017025
NdBrO2,81.63529725
K2Pb2O3,83.365662
SnO,249.0479617
Ag5P(S2Cl)2,26.3239554
LiMn3OF5,79.55455740000002
HfSnPd,145.9136204
GaSeBr7,20.87946785
Ni(AsO3)2,178.8234004
ThSO,172.69490430000005
RbErO2,148.71715480000003
Li2NbOF5,166.04851609999997
RbPbCl3,32.8575539
Yb4Cl6O,95.39103835
KAuC2,54.0989693
NaSrP,105.8388597
UCdO4,90.64079775
MoWS4,341.8884588
NaC,239.2243191
TlI,35.11755
NaF,255.4829443
LiI,149.619339
U3H2,92.45150265
BaZnSO,103.2728106
YH3(CO2)3,150.7754167
HCN,211.0919933
H7NF4,57.15272875
KPrS2,99.69385535
K2PbO3,75.36716475
Zr(MoO4)2,133.2317826
NaZnAs,111.9583512
Al2Te3,52.0471439
Ca3AsN,96.8340595
HoCuO2,109.3496142
ZrFeTe,192.494766
BiBrO,63.53118305
KMgF3,159.83517769999997
Ba7(ClF)2,80.05897615
BaSe,83.12204025
GeH3Cl,89.76035775
Ag3SI,51.85794935
Ga2HgS4,55.0956007
Li3Sb,167.67659640000005
FePb2(CN)6,94.09118875
RbMnF3,109.5625539
LiVF6,206.2797217
AgClO3,31.3427969
ZnPS3,100.4883191
TeMo2Se3,229.8030775
K2TiF6,114.6324876
Li7BiO6,142.6857406
YbGeO3,62.40662105
Ba2H6Os,110.053566
Fe(SiP)4,200.6542437
LiNbS2,232.1458483
Zn4P6N2O,152.1251913
K6CdTe4,75.87335105
Ba(MgP)2,103.4324571
ZrSiO4,154.2485524
Li3MnSi2O7,87.6449339
NaNbSe2,134.7360343
KMgBi,94.05010155
LiH2N,224.9924067
B4PbO7,82.38800675
Na2ZnGeO4,203.4277631
RbHoS2,123.4366542
H4NF,274.3180905
UCO5,203.5755703
H3ClO,183.2237328
RbNaO,83.8939927
KErO2,205.46027880000003
CuBi(WO4)2,44.32385085
Na2H6Pt,135.53346619999996
LiZnN,328.8891958
Te8MoW3,188.4788924
Si3NiP4,133.6148407
SrC2,198.43386730000003
MoF4,246.1701903
MgTeH2O9,130.1281316
BaMgO2,169.9378932
KYS2,171.2024251
LiCoP2O7,103.2074446
ScNiP,243.6222169
Sc4C3,151.2337791
Te3MoWSe,190.1666358
NaTbSe2,107.5168316
SrCa3O4,149.6786686
NaLi2Bi,122.80390459999998
NaSb(PS3)2,57.42186325
Li2MnP2HO8,62.8151252
GeBi2O5,69.0312317
WSe2,237.54538
KBi(PS3)2,33.17487915
CaZrSi2O7,81.70559905
Nd3SiAgSe7,44.18651555
LiCrS2,191.9340191
KCN,120.9669866
TlCd(NO2)3,44.4917014
K3BrO,62.4876282
RbH,449.7055404
Li2Si2NiO6,102.0889523
LiPF6,265.3312994
NaBr,141.9271948
KNaO,92.6825848
YI3,58.16043235
FeSi,222.7264076
TaBi3O7,32.242713300000005
Al2ZnSe4,81.050505
Li8VO5F,151.2490868
BiTeBr,71.6612127
GaTeCl,75.743186
Zr(MoO4)2,145.2427851
KMgAs,102.9316068
BaNa2(SiO3)2,53.29026515
Ca4As2O,107.5998731
GaI3,58.528983200000006
NbBi3O7,34.5790809
BiF5,113.6524312
LiTbSe2,116.5676547
KNdO2,183.6500125
K3SbSe3,88.05770685
BaLiP,115.2887155
SNF,122.2600662
Zn4B6SeO2,178.7920514
YOF,227.4618074
RbAs,39.4341739
HIO3,77.37423445
ClO3,47.7310536
SrBe3O4,168.43437509999995
Mo3WS8,367.7558194
Li2PdO2,219.4355963
Sm2PbS4,58.60725565
Yb(PrS2)2,67.6712187
CdGeP2,117.115195
Ca2Pb,129.26396640000002
HgBr,48.5279852
MoH2Cl2O3,136.9680165
Zn2W3O8,149.3060824
LiNbWO6,55.29720145
Nb3Sb2Te5,106.9396098
TmH3(CO2)3,145.6663301
Zn(GaTe2)2,95.30212725
KLiBeF4,125.6806089
MoBr3,113.812878
TlIO3,50.69003235
SrO2,160.70234440000004
Si3H,474.520375
RbScO2,182.9150118
AlGaN2,253.2188795
H2O2,263.86703430000006
LiDyS2,121.55398
DyCuSe2,70.8097872
NbI2O,54.6255658
Yb(YS2)2,78.9525232
Te6Mo3WSe2,191.5697704
Nd2TeO2,71.57366895
Li2VBO4,175.6357073
Rb2BeF4,76.41075295
LiCuSi2O5,67.413023
Mg2SnO4,123.4305845
BaTe,71.25470955
Mg(HO)2,211.69326040000004
Na3Mo(OF)3,126.0925481
NaBrO3,77.21191999999998
Tl9SbTe6,21.7548053
Li2CeP2,181.5204149
SNCl,62.1549953
Hg2P2S7,44.78995045
NaTbS2,118.5208642
BSb,583.8882649
NbIO2,74.27932109999998
LiVSiO4,197.9014346
SrTa4O,96.2807163
CaZrN2,129.19012949999998
AlSbI6,68.00435185
MgAs4,76.9653968
Ca2NCl,133.66886770000002
ScAgSe2,57.46688575
SrLiAlF6,92.87051205
NaCrS2,141.77751999999995
Sb2S2O,28.9981585
Ga2PdBr8,37.36190495
Mg(CN)2,166.14429730000003
CS2NF5,475.3331812
Br2O,70.76219675
RbBiO2,96.47011095
KYSiS4,77.57373415
RbCaAs,49.3664042
AlCuO2,151.49397580000004
VFeSb,209.2983969
Er2SO2,204.041203
Mg(BiO3)2,59.37784075
RbCaF3,70.4121218
TaCu3Te4,215.2863894
InSnCl3,62.1025691
Sr(AlCl4)2,75.97193365
YBrO,122.1642516
Dy3CuSiS7,49.1011383
HoNiBi,129.77255390000002
SiH8,406.8163732
NbI5,23.97628215
LiAlAs2O7,77.12957885
Y2SeO2,58.34425755
K3IO,75.560428
RbNa2Sb,76.19027609999998
KLiS,152.03547980000005
Li4Si2NiO7,200.4189928
BaS3,42.9059756
PrCuO2,114.5955692
SrHClO,130.0316167
Sr2H5Rh,122.1009533
Li4V2SiGe,89.1691623
Sm3CuSiS7,52.8063233
Au7I,38.33205645
YbMgNiH4,28.72859045
AcOF,225.8850194
ZnPtF6,164.25602030000005
Bi2Te3,63.1770394
ZrS3,210.3763356
NaAuO2,118.2052731
KH4O2F,109.94164340000002
Al2Se3,52.2584495
Sr(YS2)2,87.2635433
GeC,646.712428
Ba2CuBrO2,75.59791340000002
Na2CN2,218.4575409
SmCuO2,104.70909509999998
NaCN,68.7291474
NaPrO2,74.10866915
Tl3SbS3,46.7362898
ZnH8(N2Cl)2,93.5792996
Li2VGa3O8,170.3662406
Ca2CoSi2O7,114.9558826
Ag3SnP7,81.6175884
BaHfN2,76.22992925
BaGaGeH,98.49799105
Tl3AsSe3,40.4636884
SrMg2N2,136.0394524
NaBeSb,205.854776
NaPN2,153.1785177
DyTlTe2,44.25915185
Na4CO4,140.8054009
Yb(ZnP)2,98.7444142
Ba(MgAs)2,91.0477011
BaTe3,58.98811265
IrF3,534.5500081
Cd(CN)2,101.7528177
GaTeI7,40.54933120000001
HoClO,97.00704595
MgSiN2,298.5734788000001
NdCl3,158.2774992
Ba(H2O3)2,42.35473345
LiZnAs,174.17691159999995
LiAuF6,205.5241441
Ba(NdSe2)2,67.73221585
MnAlF5,111.8955198
TiF4,99.58966995
K3AuO,52.5175123
CdSnF6,107.6083773
Rb2S3,76.87371765
Ba(CdP)2,122.1065228
SrCN2,204.2605459
BaF2,190.9101741
ScNiBi,169.9801476
Sm3CuSnS7,65.85334355
HoF3,127.9220291
KYGeS4,72.88952655
NaCuO2,153.87806730000003
Ho2SO2,203.9376512
K2HgSe,54.37867575
Te6MoW3Se2,190.716544
Ca4Mg3H4,150.06095969999996
Ca(DyS2)2,79.9222745
RbInTe2,60.08422710000001
KZnP,107.7981055
MgSe,181.031804
KNiIO6,114.0250174
BaHBr,94.58083345
CuBr,133.25656170000002
K2RbSb,57.80045245
Sr4As2O,56.0918986
AgRhO2,244.8382913
RbSmO2,140.95747690000005
B2S3,319.85308
LiErS2,153.2027298
Li2CuSb,118.784696
PNO,218.5278427
LiHoSe2,76.75185675
HoBrO,120.2941837
H3NO,174.27749519999998
Ga3BN4,262.6915135
Cd3AsI3,85.39450925
AuBrF6,179.1412926
GaAgSe2,49.12978595
Ga3PO7,135.4441883
Ge2N2O,140.27370180000003
KNaThF6,78.72284175
Li3BePCO7,37.1887184
NdCuTeO,78.83002865
MgNiF4,169.16477350000005
VF5,276.919624
SmTaO4,75.90336605
Tb3GaO6,97.92550495
ZnCN2,121.7539466
BeCN2,699.3990581
Li8TiMn3O2,127.6989509
ZnO,218.159025
BaSiCl,96.89438965
KSmSe2,96.2691772
NbRhO4,125.0471924
ZrInAu,149.6512549
NdBr3,90.3049299
NaPH3NO3,179.9020061
Zn2GeSe4,70.63666735
Ba2HfS4,60.35893105
YAlO3,164.8835673
K2Mg2O3,94.4024443
Sr4CaCr2(SO3)2,79.61782235
Rb2SiF6,115.7279017
RbCaI3,5.12959685
HgSe,27.96627615
BrN3,22.2408482
KH,488.5326109
Zn4(B2O)3,174.94286110000004
NaSnN,129.5043865
CrCuO2,357.3124003
K2GeF6,105.6824815
ErZnAsO,48.512911
Na4FeO3,61.62616435
Mg(BeN)2,316.8902326000001
Ga2PbO4,25.74770075
KNbS2,114.9437432
Sr(NdSe2)2,76.91013585
HfZnN2,85.0037473
BN,395.63858710000005
Rb2HfF6,84.10119625
LiInP2O7,100.8559361
LiBeP,221.7307767
Sb2S3,45.88529785
NaCoO2,191.3363537
Sm2Be2GeO7,94.2365614
PrTlSe2,44.89747085
Th2HN3,93.61441715
MgSnP2,114.7236332
SrAl2O4,80.1012306
MoWSe3S,238.2089116
Ba4Cl6O,95.9102645
Mg3NF3,196.0656839
KMgP,114.4595679
Ba(PrS2)2,77.5697655
TlCdF3,14.5123192
PbCl4,77.826227
TlI3,27.48076685
KAgO2,94.82388825
BaIF,74.41482215
XeO3,99.19013695
SnH8(CI)4,133.4775388
HoAgSe2,49.51597895
Zn2Sb2O5,41.62296775
CdPdF6,128.9314002
Li2CaSiO4,190.9477262
Rb2LiAsO4,62.98077465
K2CuSb,31.28530150000001
RbH3O2,95.46093995
LiBiB2O5,59.70300325
KZnF3,128.0843102
YNiP,178.60939340000004
Te2Br,37.16780795
YbBr2,42.46985765
HgPbF6,63.1651001
HgHOF,126.4563633
LiMnSiO4,125.8094066
CdCu2SiS4,56.0524789
AlF3,233.4060114
Dy3Sb4Au3,46.0732251
BaZnCl2,58.31997875
CrHO2,421.535996
SnI4,192.1372206
RbTbSe2,110.5412764
Pd(Se3Br)2,54.43567090000001
Sr(Si3N4)2,81.7765345
BaSi6N8O,74.27265109999998
AlTlSe2,22.50407975
PrTlTe2,43.9683065
Tl3VO4,48.06125195
Sr3TaGa3(SiO2)2,61.35349475
CS2,369.7133643
Mg3Si2H4O9,228.4734463
TmClO,40.55610125
PrOF,211.09729590000003
ScCuO2,129.6424889
Yb(DyS2)2,72.57456915
CdBiClO2,71.11940859999999
Mg2Al2Se5,93.63949635
Na2HgO2,206.0894265
MgMnF6,204.7201756
RhCl3,119.4274506
TmTlS2,43.85548345
BaHfO3,116.5737578
CeO2,273.8964131
NdTlS2,46.0294032
KGeBr3,26.2366451
Hg2IO,27.91878575
Mo2H2O7,66.122378
Rb2ZnF4,113.1708572
CaTlCl3,16.431811800000002
LiAuC2,124.32203
Li2Te,254.4182122
BiSeCl,28.12235415
Hg(ClO3)2,63.9385533
Li5Cu(PO4)2,110.0474963
Li2PNO2,246.5464116
BaTe,95.9367444
S2N,174.2079938
CeZrO4,86.35422220000002
H4BrN,168.3894193
MgS,329.8226956000001
Ho2SeO2,135.5653488
Er2O3,219.9018627
Li4MnSi2O7,122.8500277
Li2CeN2,228.4845519
ScIO,29.8263057
NaSmTe2,93.74268125
Be(CN)2,293.5137502
AcTlTe2,55.2539465
H4NClO2,117.3027221
Be2NbRh,202.0770881
AlTlF4,36.35713615
CrAuO2,488.01722
LiBC,348.7626942
SrB4O7,136.6260456
Ba(InTe2)2,80.32344165
Te4Mo3WSe4,190.9156101
RbNdSe2,107.0377255
Ga2HgTe4,39.2017911
Hg3(SeCl)2,54.08539585
Pr2AlNO3,109.8869494
GeF2,51.91130935
Ge2N2O,137.0495906
CuBiO2,87.4795846
Sr7(HCl)2,105.396572
ErF3,120.0821111
SmZrF7,116.2793106
VCuO3,197.4184933
TeAuCl7,50.08979905
GaCuO2,336.277388
NdO2,208.4553089
Na2H4Pd,140.00486750000002
ThIN,60.26455055
KAuO2,103.8560021
Li2O,453.579343
LiSiNO,224.3744979
CS2NClO2,86.50086215
RhBr3,75.75765990000002
CdSiP2,104.0054768
Pr4S3NCl3,69.707503
Y2Be2GeO7,108.7161309
Ca(PrS2)2,88.50606425
K4ZnP2,74.5736015
H5NO,53.7491278
Sn(CO2)2,82.3384153
Li2Si3NiO8,85.22465770000002
LiBeBO3,209.5934777
BeI2,371.6755449
CSO,491.4633756
BC2N,708.6047252999997
LiZnPS4,83.24783645
ReNCl4,115.02561740000002
YAgO2,225.5126
PdCl2,310.0373079
BaAgTeF,65.14779095
LiNbO3,144.3106526
RbAu3Se2,39.028838
MnH4(BrO)2,92.17976685
Th3As4,112.7861983
YbClF,144.92539319999997
RbI3,45.62923655
AgBiSCl2,28.11828545
Pd(SCl3)2,67.87938940000001
Tb2YbS4,72.7622963
MnZnF4,62.38901225
SmOF,218.3583913
VO2F,289.8585902
USeO5,50.48259535
SmTlTe2,44.66935685
Sr(PrSe2)2,78.3488215
ZrCl2,250.2973528
K2H6Pt,117.068405
RbScO2,185.7230485
Hf3SnO8,110.0438611
BaO2,175.37644440000003
CaI2,157.375215
TaAlO4,101.7222024
CaTlF3,20.94563425
Hg4OF6,53.14145745
GaAg(PSe3)2,64.66268185
NbCl4,87.38497065
InBr3,74.1244437
H3BrO,157.5519366
SiH,521.3323692
Rb2PtF6,84.15175485
SrIF,91.2678111
CoCuO2,593.7285826
SiC,553.2386477000001
RbPrSe2,106.1967719
ZnSnP2,165.4576875
ScHO2,210.95435780000003
SbBr3,40.31304645
CdS,111.99853799999998
Ca4Bi2O,74.77873735
K5ThF9,46.0925014
SiBi2O5,71.76276345
YbC2,211.7332137
RbLiCl2,31.38625195
KLi2As,81.74168375
TbAgTe2,37.47569515
Ta(ICl)2,90.101028
Sc2O3,220.5894396
HOF,117.8233489
SrHI,82.531245
LiYS2,132.8126065
Li2TiTeO6,75.7312467
TmAg(PSe3)2,28.668994
Li5GaO4,214.0456027
SiAs,149.79779480000005
Sr2NCl,116.4010381
AgBiO2,50.99505145
Na2O,287.48753860000005
Tb3BWO9,95.1852355
Ga2S3,67.87832220000001
Na2Pd3O4,157.4076312
H2C5N2O,101.7703598
Rb2ZrF6,90.3155352
Mg2TiO4,144.69911340000004
MgScGa,213.6028481
Zn2GeS4,98.8127817
Ca3CdO4,107.8602699
Li3ClO,154.9322274
NaMnCrF6,101.6007417
PbBrCl,4.0594287000000016
ScOF,58.28602845
LiYSe2,85.7347793
SnICl,29.5501677
Ca2Al2SiO7,106.6980224
Al6Cd4SO2,118.8045059
Sr(PrS2)2,86.89559275
BaGa4S7,43.72922035
MgTe,145.51565480000005
KAuS,41.22550245
K4ZnAs2,67.42806385
LiHoSe2,117.6125769
KSmF4,85.19334205
Al2CdCl8,50.10140485
HoHSe,166.1739788
Sr2CuBrO2,81.22729335
TlSbSe2,9.38325595
RbCuC2,88.1181704
ZnGeN2,195.0299329
K2MnF4,90.835395
CaO,275.4799712
BiN,89.8625755
ZrSnPt,161.40589599999996
BiI3,81.16192735
InGaS3,91.28738755
Li8SiO6,203.4880932
NbCoSn,201.6929294
NaLiS,143.16871530000003
TmTlTe2,42.77801165
NaH,512.8231168000002
SrTe,78.65594165
Na2SnO2,77.47865329999998
Xe(OF)2,148.80506540000005
As2SO6,72.31277165
Na2H4Pt,137.8800389
KP,62.23286755
Ag3PS4,59.5727715
ZrSe2,104.7499488
TaGaO4,88.27898409999996
PbClF,67.44730679999999
K2PtCl4,89.44093145
KMg(PO3)3,110.2602359
NdBi2BrO4,63.18807825
NaSi2BH2O7,67.5432881
SbF3,99.5746958
NaScS2,203.7649316
RbGeBr3,28.7625074
ZrSe3,121.9900312
Al5HO8,221.3948755
Hg3(SF)2,37.0697923
WOF4,184.2723568
K2S,172.6426115
Na4S2O5,89.35742305
KTaO3,66.86164745
RhF3,222.0440666
MgH2SO9,109.36385459999998
LiCrO2,221.2114505
KHoBeF6,66.403852
Na6P4W,92.85797245
RbAlF4,90.85817305
BPO4,232.2516345
RbCaCO3F,79.05907645
CaHCl,147.7464363
TmBi2BrO4,73.26634820000002
SiSe2,357.22702430000015
LiHF2,287.4207052
CdPtF6,125.5218296
Li8FeO5F,110.8809461
VNCl4,62.71030615
LiZnP,223.64913540000003
HfSe3,49.41819675
GaBr3,73.37103385
NdZnAsO,55.61556055
BaO,123.2888803
Ba(GaTe2)2,58.33098425
GeF4,229.3168011
KClO3,105.5724932
YBi2IO4,59.773872
Cd(GaS2)2,80.63239605
Ho2TeO2,105.0693084
Th3P4,124.48374409999998
SrGaGeH,112.2983545
AlI3,68.61605755
AuI,150.4335459
Li2SiO3,225.5408141
BaC2,159.6843023
LiB6C,291.4957751
YNiBi,178.36270349999995
KYTe2,126.2489596
SbIrS,105.2590032
LiCaRh,137.1867258
Li2CeAs2,145.4704989
FeTeCl7,86.1862049
TiSiPt,245.6343892
Rb2O,180.39141730000003
TeRhCl,136.0477566
LiGaSi,308.7551671
Nb(SeBr)2,97.72513815
KBr,100.8668749
Al2HgS4,62.9846099
KBaSiHO4,87.0244905
NaTlO,38.0144644
Tl2Sn2S3,33.8064948
ZnBr2,101.9731611
NaHg2IO2,64.0307327
NdB2H,94.1360445
YNiSb,160.4322094
CaB4O7,129.6835094
KLuS2,102.5162992
KErS2,102.1067946
Pr2PbSe4,48.3365562
NaSbO2,79.9622945
CdCN2,187.0539803
As2Se3,85.12033890000002
Ba2YF7,67.74795705
ThCN,223.909899
Pd(Se3Cl)2,60.74052175
SbAsO4,114.7173967
Nb(SCl)2,151.33292869999997
TaCuN2,64.50300205
BaCaAlF7,43.05795155
Mg3ZnO4,148.7923257
NaCl,102.7225356
ZrMnO3,140.6298131
BaBrF,96.45497005
Ca(CdP)2,133.89358
Na2LiAlF6,95.5919721
NaClO2,155.566978
Li3VO4,293.9923227
ThNiSn,140.1715841
Mg3(HO2)2,341.3149722
NaInTe2,36.86679085
YbTe,108.7274032
RhF3,132.1219947
LiAuO2,158.385153
LiFe(CO3)2,36.56050445
Ba2Sc2O5,86.20995009999999
Rb2NiO2,116.9144947
Li3CuF4,63.1664341
ZnSiAs2,121.9851955
SrLiP,130.3703526
Al2Te5,45.571441
Sr2SnO4,92.0796835
Li4CuSi2O7,95.96872705
Ba2SbBr,57.06805309999999
Ca3UN4,80.76352825
MoW3(Se3S)2,238.3075943
