pretty_comp,dfpt_piezo_max_dielectric
K2O2,5.685649287
HgTe,34.20230335
H4NF,3.93022131
TaTlPt,34.38279817
TmAgTe2,26.38523813
Fe(HO)2,7.1058035870000005
Na7NbO6,12.94589059
Sm2SeO2,14.01094526
Al6Cd4SO2,6.9633191729999995
NaSmO2,16.21474699
Rb2NiF6,4.457916063
KHS,5.79665273
Na5MnO4,9.471204087
SiP,10.25548426
SrLiAlF6,6.705629887000001
K4CO4,9.546147203
AlGaN2,9.38718699
CaMg2N2,17.31495895
Yb(DyS2)2,20.00713625
WCl4O,7.0546579970000005
KNa2Sb,17.44290667
BaBAsO5,8.999141352999999
H4BrN,6.359458943
SmBr3,8.69269551
AlI3,5.003794663
SrH2O3,6.792961599999999
Sm2Be2GeO7,11.8521436
V2MoO8,42.18096121
MoWSeS3,9.067533973
RbSrSiHO4,8.767620792999999
Li7BiO6,11.39932195
BiTeCl,24.40025168
BPO4,4.974315217
ZrSeO,25.77216875
CaCN2,7.88735093
Mg2Al2Se5,10.53301944
TaCl4,6.7619955329999994
NaBe4SbO7,10.22881961
BaAl2B2O7,5.796413827
RuO2,20.75199582
Na2H6Pt,6.91469367
ZrSiO4,18.40617711
UTl2O4,30.01592814
KAg2PS4,10.75053128
KInTe2,12.31345171
LuTlO2,54.50732863
KTa(GeO3)3,10.159841400000001
InBrO,8.544352047
SrAlGeH,20.23990953
Li3Sb(PO4)2,30.34844309
InBi2S4Cl,43.59042625
TaI2O,19.0693921
DyBi2ClO4,23.36444663
Na2H4Pd,7.07692275
Li2Si2O5,5.092525193
NaSmTe2,16.84497982
ZnSeO4,10.1992785
YAgO2,10.3614785
Dy2SeO2,32.75541843
Rb2Se3,9.52460427
BaIF,8.767204153
Li3AsO4,5.671497433
TlIO3,20.53318393
LiNbO3,38.57069749
BBr3,3.340694103
ScOF,43.82167570000001
CaZrN2,87.42431865
BAs,9.750581097000001
Na3BrO,9.083087523
Na3VO4,5.167246523
HoTlTe2,22.162466199999997
TlSbSe2,93.71568725
TmTaO4,26.38778786
V2O5,19.7038872
ZnCl2,5.652986492999999
LiMnSiO4,7.957674757
Mg2Sb2O5,15.49736724
NaN3,4.72573684
Ta2ZnO6,74.91369323
Te8Mo3W,19.39990867
Ba2Sc2O5,24.39069587
RbTbSe2,12.76341456
RbF,9.370616683
Sm3CuSnS7,16.09066975
Nb3SBr7,8.807465622999999
CuCl,42.73258638
CdCl2,6.9935178
GaBN2,11.06707945
ScCuO2,13.22570626
BiTeBr,25.33521812
ThO2,20.3123047
Na4SnSe4,9.26101967
BrCl,33.42959399
RbAgSe4,11.44613871
SiAs,12.06881595
TlZnF3,18.25125066
U(BiO3)2,41.25155097
BaS,13.50850752
BaZrO3,50.5703686
NaBeAs,12.299613800000001
Pr2SO2,14.13763697
NaClO3,5.374201377
Hg3(TeBr)2,20.16016382
SbBr3,8.624325977
HoIO,12.470512199999998
Ca2IN,14.29516689
RbCaBr3,25.40054517
KMnPH2O5,8.101623533
Sr4CaCr2(SO3)2,16.75041297
K2PdBr4,5.311901927
BrN3,25.92332591
Ba(BSe3)2,15.99786923
CuRhO2,12.76164097
Te2W,16.49082447
NaAuC2,7.589662427
K2Te,5.769511053
Zr2SN2,25.67877288
K6MnSe4,7.338504173
Li(CN)2,6.14258165
TlAgI2,18.472399300000006
Na4CoO3,12.52642038
NaTlO,18.24225694
Tm2SO2,13.27713375
CaC2,28.67399754
Li4MoO5,17.301553100000003
MgSiN2,16.57138048
H3BrO,5.085367743
Sr(MgSb)2,15.83552606
RbCaAs,11.9106088
CaAlF5,6.163754892999999
CrF3,6.833740007
K6MgO4,8.894464877
Y3GaO6,13.96342687
RbNdSe2,13.3087511
GeS,21.29236758
Na3ClO,15.83411469
CoCuO2,15.43971959
BH3,2.513369993
V2O5,34.002615500000005
NaLi2AsO4,5.97810133
ErCuSe2,17.23004933
CaF2,9.584523613
FeCl2,8.833007837
YAuO2,11.52648581
InSe,20.31347821
Rb3TaO8,7.766351512999999
CaHBr,8.44348066
NbBi3O7,62.826463399999994
Ca2Pb,17.9739298
TaCu3S4,6.52014851
ZrIN,13.04600537
Ca2CoSi2O7,11.79139277
Tl2SiF6,10.28765938
Na2NiO2,8.380769847
H2SeO3,6.7349523829999995
Ca2YSnO5,18.22882513
DyTlS2,22.58458254
KCaBr3,41.67086197
KTeOF3,7.90041503
BaH4O3,9.314363177
PrOF,12.70395888
DySBr,11.045531
K2TiF6,7.3679690970000005
PbBrF,37.8786321
K3TaF8,5.740685012999999
K2AgSb,11.75076165
Sr2NCl,14.28848396
MoSBr,8.990991272999999
Ca2Al2SiO7,9.291554
KTbGeS4,9.997159743
SrS,25.25483709
Dy3BWO9,15.31953546
YOF,13.92977581
Al2ZnSe4,9.220375253
Ba2HfO4,25.18271268
GaPO4,4.8052892069999995
NaHg2IO2,10.41308948
ErF3,10.98872091
RbNaO,12.16000682
YNiP,19.6601957
Ba2AsBr,26.94294986
KZnP,12.8303295
H7NF4,4.8345074530000005
MoSe2,14.37332401
LiAlAs2O7,10.99570477
Hg2IO,17.80841491
Ba(MgP)2,15.988648399999999
Ta(TeCl3)2,13.98759885
BeSnP2,13.30560423
NdCl3,8.440780432999999
Na4WO4,8.687460597000001
ZrFeTe,36.40219442
KMgSb,12.48408312
YAgTe2,19.64831908
SiH,6.96645488
SrSnO3,56.68577362
K2H6Pt,5.355898267
RbNa2Sb,20.15451606
Rb3SbSe3,7.830963443
AgBiO2,42.33708262
BaS2,9.522749893
KAuS,10.23061833
ScCuO2,13.25499399
Ca(BeP)2,15.54361177
RbNaS,7.962096687000001
CaF2,7.414179033
CdCN2,12.41958427
RbF,5.85586378
Sr(NdSe2)2,20.46904291
Ca(DyS2)2,21.16772267
MoWSe4,7.58303643
Ag3PS4,10.74040851
PICl6,5.77656124
Na3BiO4,14.03032766
LiCoO2,15.24196958
HoBrO,10.57925631
CuSe2Br,43.48872911
AlTlSe2,28.72786247
ZrSO,22.15107282
Ca(MgAs)2,15.804999800000004
H4NCl,6.285486457
Ti(NCl)3,6.31456272
CaGaGeH,26.86686275
Tl2O,28.46726633
ZnCdS2,10.01709024
Nd2SeO2,14.24197884
LiBeP,15.35101686
AlBiO3,53.74271093
PrBS3,13.75298068
Zn(GaS2)2,9.664400887000001
InGeCl3,38.92729318
Y3CuSiS7,15.74587725
SmTlO2,62.38936358
AcClO,13.17402827
RbTmO2,14.12984657
NdTeF,18.91046423
ZnSiAs2,15.79526707
SrO2,13.13065085
Al2Te5,23.09466752
TiFeTe,38.99395435
BiF5,7.433009283
SrThBr6,10.38026804
Tb2PbS4,38.32416405
TlI,39.91920758
Li2MgBr4,9.373846437000001
CrHO2,9.957976417000001
HIO3,10.36284713
Hg3AsS4Cl,16.91879864
BCl2,3.53551788
Ba(AgS)2,17.07510804
WSeS,6.872206677
ZnBr2,11.77560267
Rb2PtF6,5.295840173
SiGeN2O,6.931339283
KMgAs,11.88118348
Na2CeO3,23.67841182
Nd3SiAgSe7,16.44860901
Ca7(HCl)2,10.61146778
Hg3(SCl)2,14.01125243
Au2S,7.411602867
Li4CuSi2O7,7.501892422999999
LiVSiO4,8.331967737000001
RbLuSe2,12.08280892
Zn4P6SN2,8.528000613
PBr3,4.732928757
Mg(SbO3)2,14.10077386
Ba3Si6N4O9,8.65812368
ErSCl,11.21346065
TmCuSe2,17.1335871
XeF2,4.215354893
Li3VO3F2,33.844372
LiCoO2,15.8871232
NaSi2BH2O7,4.87006835
AlGa3N4,9.95978489
Rb2CaH4,8.622288247
LiSiBi3O7,31.26173326
AlSeBr7,8.218572992999999
Hg(AsO3)2,13.74305183
AsBr3,5.30666049
TlI,20.49419379
RbClO3,5.197195933
HgI2,17.57991279
ZrNCl,13.72358059
Te2Mo3WSe6,11.00896626
Ga2Te3,17.52283686
In2S3,11.54926805
Mg(CN)2,2.9284653769999998
LiBC,16.26050158
ZnAgF3,92.26010992
ZrCl2,9.705045793
ZnSnP2,17.98603654
TmH3(CO2)3,7.514099963
RbBiS2,37.21346
Na6P4W,10.45030315
ZnWO4,13.83556855
UO3,41.07701266
HgC2(SN)2,11.42983744
SrF2,6.67712491
BH5CN2,4.486122793
RbScO2,18.52240732
SrCl2,7.372219707
InPS4,9.521950457
PdCl2,6.352067493
AlClO,6.874603957000001
B4CCl6O,3.22024496
NbTl3Se4,18.95523603
Mg2PbO4,18.18985212
Ba2PCl,15.41187154
K2RbSb,15.36511522
RbTa(GeO3)3,9.706226317
GaP,13.22263016
Nd3CuSiS7,14.70526433
Cu2SiS3,10.64737051
HBr,3.953491787
RbScO2,17.90343626
MgNiF4,6.5937128529999995
KScO2,16.55001742
ThI4,10.00772211
Al2HgTe4,13.74825415
CaTlCl3,42.91647836
TlInSe2,30.91850106
BaHgS2,15.74738605
ThCN,19.77703861
Sr(CdP)2,22.68275517
BaSe,27.13621435
Li2SnTeO6,13.72843358
Na4CO4,10.16272827
U3H2,17.44041655
Na2Te,7.449179707000001
NaBeSb,14.11016728
Rb2SiF6,4.4979084
Mg4H2O5,9.324134713
Li3VS4,4.203711103
Nd2PbSe4,40.02794974
SBr,6.845094127
KV3(SeO)2,16.91886083
TbBS3,13.70761735
TaTl(GeO3)3,12.93074259
Li2Se,7.80110755
ZnH8(N2Cl)2,7.11806919
MnZnF6,7.760582117
CuH,13.70412216
KrF2,3.471179353
LiH2N,6.228778912999999
Rb2Pd,11.11721481
Ag5P(S2Cl)2,12.13458244
SrS,11.08302926
CSO,2.83607337
Te2Mo,7.118348413
RbCaH3,10.07301165
LiNiBO3,8.244552677
K7NbAs4,12.08300192
Zn2GeSe4,11.94292217
HCN,3.274008127
Li3CrPCO7,7.721993437
Ca2BiAsO6,12.52510384
ZrFeCl6,9.280179293
Pd(SeBr3)2,12.06030934
LiHSeO3,6.362604663
ZrSnPt,21.7928673
SrBiBrO2,13.08856429
BeGeN2,9.630861343
Li4CoO3F,7.32513907
Li3Bi,27.25561427
Li2CaHfF8,7.55474533
AgBiSCl2,39.75434497
Na3Sr3GaP4,16.36262657
LiAuC2,8.022217073
K6Fe2O5,9.743564357
ErClO,8.61777545
KYSiS4,9.43200293
Al5CuSe8,13.66373831
Ba2ClF3,9.570043347
TaSbRu,33.29132236
Tl2Sn(AsS3)2,18.02868147
Li5MnO3F,8.560670573
NaNdSe2,15.72492113
IrCl3,5.5349690570000005
RbSmO2,16.24018668
KHoS2,12.04165041
RbN3,5.4923907729999994
TiOF2,24.2398756
MgH4(ClO)2,5.718260623
Li2O,7.173231197000001
Ca4Cl6O,9.87235403
Sr(PrS2)2,19.17504049
Li3MnSi2O7,8.64540002
LiMgAs,12.6589719
KP,10.24088681
Na4CO4,10.12780719
GaCuI4,7.079788817000001
Ho3CuSiS7,15.70367662
RbSnF3,25.69599741
CaAlH5,15.68810015
Ca2Sn,17.51310395
CN2,4.839857193
CaHfN2,64.65207681
Be(CN)2,2.908023907
AlAgS2,8.309869903
Li2MnBr4,10.66606633
CaHCl,10.01646748
Pm2O3,20.23969819
PbI2,15.44560398
Ba2H3I,10.90879564
Ba3BPO7,13.60382412
CaHI,8.386277267
HgPS3,13.83775617
Sn(CO2)2,11.48563503
SnF4,8.802984183
Ba2Ti3Tl2,28.36812432
Li2BeSiO4,6.520936132999999
RbYO2,14.58026705
Li2CuSb,29.33242214
CaPdF6,5.509022272999999
TlP5,25.36537496
GeC,11.20222726
PrOF,14.01827005
PrBi2BrO4,27.51793387
Ca(SmS2)2,20.30562963
Rb2TeBr6,7.927065
SCl,4.71634314
Ce2Dy2O7,21.21080458
KLiS,7.864801562999999
NdSeF,16.08883827
Nd3CuSnS7,16.72726702
InCl,32.83837727
LiCoS2,14.42818589
Na2PtO2,8.701493977
SiC,10.39990618
LiAlO2,6.115481437000001
Ba(MgBi)2,21.42760821
KNO3,4.42358116
NaSi2N3,8.445976883
Al2HgS4,10.631513400000001
BH3NF4,5.319445363
NaC,5.58799877
Ca2NCl,12.95723586
Ga2HgS4,12.31628695
Mo(WS3)2,10.80724646
Sm2AlNO3,30.84074067
MoWS4,8.53911325
Re3Se4Cl,11.10632573
PrCuSO,21.25374664
NdSF,15.26382008
Ca2YSbO5,22.05844975
LiBiB2O5,42.43683598
HoAgTe2,19.934496600000006
VNCl4,6.087945677
Cu3TeS3Cl,13.45807891
Li2Ge2O5,6.176450777
ZrCl4,6.2245173529999995
Li2WS4,4.31442157
NbCl2O,14.70999704
HgBr,16.28289969
NaHoSe2,14.4393978
YbClF,8.184904223
Te6MoW2,16.49678032
Na4FeO3,9.955817202999999
NaHoS2,13.42948072
TaGaO4,26.90751279
ErAgTe2,19.97377683
Ga2Os,66.62661460000001
AlN,31.81940866
CdP2,11.92438137
Li2GeO3,6.663804112999999
ZnCl2,5.670936083
HgPSe3,15.70198313
Ca3UN4,63.79110511
NaYSe2,13.89329859
KMg(PO3)3,5.30834602
BeZnO2,8.873068217
YbS2,11.18309714
K2PdF6,5.90471207
RbHF2,5.730743107
TbH2Br,10.32539664
Y3CuGeS7,16.30503818
NbI2O,41.10206786
Al2CdTe4,10.86339683
K2HgSe,15.54148489
SrSe,11.06643638
TmIO,12.90473189
SbAsO4,20.05950367
Rb2MgF4,5.667195317000001
PHF2,4.0398111000000005
Hf3SnO8,19.04338459
Li2AlFeO4,7.334198282999999
SrCa3O4,19.25798918
LiGaO2,6.959237663
NaMgAs,17.62104417
RbAuS,8.688545173
MnTlCl3,42.95598920000001
K2MgH4,7.6998620429999995
NaHO,16.33881568
K2O2,6.25124021
XeF3,4.245646837
Al2CdCl8,5.066484967
LuTlSe2,21.96446283
BeCl2,3.771689307
SNF,4.34763313
BaSe3,15.22087463
LiCrS2,16.87381055
Sr(PrSe2)2,20.12560935
Na2LiAlF6,7.131528777000001
Ho2TeO2,15.05351563
Ba2BrN,25.64128728
YbSe,11.99600455
NdHO2,12.24835857
CdBiO3,21.96627704
FeP4,26.45836486
Ag2HgI4,10.08608595
BaClF,7.791899799999999
Ag2HgSI2,10.38308068
LiTaO3,39.91912701
TiFeSe,39.19161486
RbAuO2,6.005843987
NaZnP,19.54270932
W3(SeS2)2,24.52317772
BaZnO2,13.35215739
Na3AsO4,4.722302273
Mo3WS8,8.99915299
MgTeH2O9,5.69696482
BaLi2Mg(PO4)2,8.487695777
BaP3,15.2489514
Na6MnS4,8.612093713
Ca(InTe2)2,30.44221709
BP,8.995918803
LiZnPO4,5.760901287
Li2PdO2,11.5781524
PbF4,11.27946043
Ca(BeAs)2,16.12787073
InI,32.52390567
Al5HO8,10.37703898
RbCdF3,12.83006291
CuBi(WO4)2,31.39330431
MgGeAs2,16.1426645
ZnI2,16.94952082
Nd3BWO9,15.112082800000001
Li2MnP2HO8,11.63768813
KH3F4,5.076866003
Li3As,11.96284822
ZnSiP2,12.44278278
LiCoP2O7,8.955760083
Ca3PN,49.5536323
Tl3SbS3,21.87836543
MoH2Cl2O3,6.29347771
RbBe2BO3F2,4.821349233
Al3BN4,10.00397928
Ca2Si,19.83019891
LiY3WO8,14.27795467
MgGeP2,12.65193761
DyBi2BrO4,22.70382324
GaTeCl,10.33804656
Ca(HO)2,8.969502077000001
NdZnAsO,24.95825421
RbErSe2,12.34941472
AgCNO,5.92578674
Na3VS3O,8.358051442999999
RbGeIO6,7.36038455
NaP,14.801546599999998
LiNd2HO3,24.50650407
CaZnSO,11.02465362
SrCaO2,25.36965589
KH4O2F,4.133029743
K4BeAs2,8.136160553
Na5SbO5,8.3089386
NaHS,7.693887827
LiPF6,5.102729357
K4ZnP2,8.2412095
Ba7(ClF)2,9.006477582999999
GaCuO2,10.15015302
MgTiSiO5,27.14251235
Sr2BrN,14.12866073
KCaCl3,68.35816325
RbCaCl3,18.318630499999998
TeW2Se3,9.754365067
SrO,57.41527339
Ca4Sb2S,29.97524015
ThSO,24.74766629
ThBrN,21.59878513
Ba2SbBr,41.5579395
Li2V(CO3)2,6.2379913270000005
NaInSe2,18.19952872
Rb2S5,6.784617882999999
SmCuO2,11.38597193
GaCuS2,11.943213
Sr2SnS4,11.68891029
PSe,7.850517067
Ge3N4,12.35220472
NbIO2,17.3046313
CdSbS2Br,40.82920429
K2Sr(P2O)2,5.84256134
K2Mg2Si2O7,8.069750547
TbTlTe2,22.28071655
Rb2S,5.986873377
MnH4(ClO)2,7.947886187000001
Na2SnO2,11.0630658
BaLiF3,12.32487653
Ba2H6Ru,10.93687745
V2ZnO6,23.89338475
KH2N,10.6922041
Zn(GaTe2)2,14.36810772
MoBr3,10.07085587
Al2Te3,9.062943593
Li2ZnGeO4,6.944437073
NdO2,13.43642944
TlNO2,35.46752907
H3NO,7.26274617
AlBN2,10.68356973
SrIF,7.63122248
P2Ru,32.10065368
Mo2SeS3,9.106637777000001
RbAu3Se2,9.942945207000001
ScTlO2,83.93975117
Tl2S5,15.85771636
RbCaF3,11.72097231
RbH,7.681688587000001
BaF2,7.22005153
RbTeAu,9.648174583
KLiSe,7.984366343
NaTmS2,13.0580569
Li2CeP2,23.77350456
KPrS2,13.19539131
KLuS2,11.48531992
LiErSe2,18.89708455
Sr2CuBrO2,7.401763882999999
Cu2O,9.19375583
Na2HgO2,6.671180507000001
LiVF6,6.31027471
LiAlSiO4,5.261271583
NbCu3Te4,10.68585783
K3BiTe3,9.965569533
NaMgF3,6.193238627
Ba(CuS)2,27.53840779
BaSnF6,8.24285949
LiBr,4.638719467
InS,18.39186845
TeMo2Se3,11.95245214
CaAlSiH,23.33807931
Li5P(S2Cl)2,12.23838674
ZnSiN2,9.886397407
NdOF,12.70220532
TePbO3,22.74772482
Tb3CuSnS7,16.15706378
USeO5,12.10782797
K2PtCl4,4.889174047
Li2Te,8.323368262999999
HfCl4,5.778626817
KBr,7.159719847000001
NaCl,13.77879713
PI2,6.792218137000001
K5ThF9,7.564855237000001
BN,7.006462673
BaAgTeF,13.73203097
YZr5O,48.50692642
AlPNCl5,3.81555169
Zn(IO3)2,10.11086712
AcOF,13.02187133
Be2NbRh,61.15370161
SnC2(SN)2,15.62927589
Te8MoW3,11.56480569
MgH2SO9,4.9175856
MoF4,6.99971968
Ge3Sb2O9,9.25179491
K2AgAs,11.48292738
LiYS2,21.652939399999998
K2O,8.08059158
HoSF,15.59224335
Sr(AsO3)2,10.15052797
CaThBr6,10.94334738
PrTlSe2,21.71783772
Ba3NbGa3(SiO2)2,13.17900665
AuCN,6.40721838
NaScAs2O7,21.3895449
K2H4Pd,5.631459167
SnBrCl,21.39563249
Ca4Bi2O,29.01081894
AgAuCl4,7.742611553
TbBi5O9,41.63539829999999
RbNdTe2,14.05766026
LiBeBO3,5.99513271
ThIN,17.85597895
K3SbSe3,8.162299587
Dy3Sb4Au3,35.71329566
Rb2PdCl4,4.53405583
CdF2,8.123331743
Rb2SeCl6,7.262809887
Cd(HO)2,8.102447052999999
CO,1.802216147
GeF4,3.229330927
BaS3,12.37018007
Er2SeO2,13.71868589
Ga3BN4,11.07052364
BiSeI,34.81473784
RhF3,8.43298576
SmCuSeO,19.64928488
Pb2O3,77.91852385
AlB3N4,8.84559633
Li3PO4,5.409592083
BiI3,14.01311193
CdCl2,8.46177335
Ca2MgSi2O7,11.04738847
Sr4As2O,37.59153433
PrCl3,8.33144691
BCl3,2.88563207
DySI,10.11169146
ZnCN2,7.1502291929999995
Ta3SBr7,8.130144963
LiMn3OF5,10.60466897
MgSiN2,8.903354483
BaC2,16.26942961
K4ZnAs2,8.497382847
K6HgS4,8.010879763
Bi2TeSe2,80.65823226
BaMnF4,11.83518075
P2Os,30.86695557
KNdTe2,14.51979169
Sc2O3,26.47895293
Ba(CdP)2,24.89391126
HfIN,11.60695764
SmClO,14.22635567
Al2Se3,9.41687332
Pr3CuSnS7,16.68378924
PbIF,37.10185778
CrAuO2,14.558231099999999
Ag6Mo2ClO7F3,11.97794347
RbPbIO6,8.715409823
As2Os,35.41219327
HoAgSe2,18.520487300000006
HgPb2(ClO)2,34.92579913
Zn2Bi2O5,54.84936017
PI3,7.183864773
Li5V(SiO4)2,7.571659207000001
Hg3(SeCl)2,15.66760845
SbI3(BrCl3)2,9.001770807
K3SbSe4,8.18303983
TiZnN2,15.79224642
CBrN,3.2116880869999997
PtS2,19.23524803
Nd4S3NCl3,15.41890424
KNaO,11.32159015
Ni(AsO3)2,11.74700508
Ti3TeO8,10.99314354
NaV(OF)2,13.24001213
ZnGeP2,14.92834271
GaS,8.987274973
LiSiBO4,5.99645716
Sm5AgS8,22.82202613
NbRhO4,35.53652595
SrHCl,8.59046262
YH3(CO2)3,7.47921523
IrF3,7.226740147
TaAlO4,44.03198983
WBr4O,13.73849596
BaNa2O2,21.73087731
As2Se3,15.29887048
KLi2As,11.11110237
CeTh2O6,23.390541
BaCO3,7.75315017
CrOF3,7.16103539
TmTlS2,22.54719977
KPrS2,13.21265269
B2AsP,9.509083817
RbSb,11.90878141
SrCeN2,57.01584922
Ca3TaGa3(SiO2)2,27.81386735
SeCl,7.05321332
NaH,20.68123517
K2PtS2,8.784518432999999
Ga2HgSe4,15.13153719
SrHgO2,7.122259382999999
CuBiO2,21.75683889
YbGeO3,80.78741427
BaZnF4,11.89793162
NaHo2F7,7.42649926
NaCoO2,10.44881906
Na3VH6O7,6.884551983
RbH2N,10.76383
AlP,10.39697712
BaBeSiO4,8.85070742
BaNa2(SiO3)2,8.074435977
PrSF,15.26131547
ScSbPt,23.11856014
Rb2ZnF4,6.6703428570000005
MgCl2O,5.680519237
SrBeF4,7.2149714629999995
TbAgTe2,20.00664325
Mg2TiO4,16.17274267
Ca(PrS2)2,20.31367147
CaTlF3,90.23204407
KBe2BO3F2,5.123926203
CaI2,5.9782157929999995
CS2NF5,3.314425603
Mo(WSe3)2,16.15737356
YbS,11.630089100000001
Al2Si2H4O9,5.731934933
RbBF4,4.770605403
Hg3(TeCl)2,21.09264579
K2Se3,11.13997248
RbCl,6.6225983170000005
CaSe,6.228922623
YOF,13.80388023
NaTmO2,18.5855364
KPrSiSe4,10.40716607
NaTbS2,13.83120046
HfZnN2,35.61493756
SrP,12.28233101
P2Pd,22.66963047
RbNdO2,16.99068084
KCuC2,6.935049117
BaSr2Mg(SiO4)2,15.55232011
Dy3CuSiSe7,17.19159032
KMgF3,6.17711273
NdTlTe2,22.1706787
VCu3Te4,13.50045481
LiCuF2,7.058088767
PaTlO3,32.9442922
FeTeCl7,6.555509777
Mg(AlC)2,22.95513924
SnHgF6,7.823408562999999
Al2PbO4,16.38597946
Sr2InI5,57.57815028
Ca2PI,11.95144728
Y(HO)3,24.21739299
TbCl2F,10.06426274
Ho2Be2SiO7,11.13752301
RbGeBr3,13.84664985
LiSbO3,12.43789246
PrGeBO5,11.00730951
BaBrCl,10.2971332
NaAlO2,5.668079217000001
NaYS2,13.06621976
Xe(OF)2,5.77042269
K4HgP2,8.172382067000001
ZnTeMoO6,17.14937225
Na3Ca3AlAs4,15.98223254
LiZnN,18.59925042
K2CuP,10.87778172
KNa2BN2,9.163976337000001
KPF6,4.64381169
InBr3,7.801514403
SmBi2BrO4,24.63826771
SrTa4O,39.8433104
KAgO2,6.363347462999999
LiTbSe2,19.61180501
Tb3GaO6,13.8623671
AcCl3,7.9957694429999995
ScAgSe2,26.75728830000001
Rb2PtCl6,5.651588382999999
Pr3SiAgS7,14.98434066
Th(TeI)2,9.726187083
RbSrCl3,14.90049074
TlBrO3,14.79265147
Li4MnSb2WO2,25.96234331
NdB2H,5.87657383
Zn(InSe2)2,12.7233669
Li5CuSO2,8.941135003
NdCuO2,11.73986469
BaAl2(SiO4)2,7.10425046
GeBi2O5,30.65774369
LiMgBi,20.93782136
Li2VGa3O8,7.353961493
DyCuSe2,17.42576155
ZnSbAsO5,12.7223011
LiYF4,7.913230017
BaSi6N8O,12.20607426
AcBrO,13.07097959
Mg(CO2)2,6.24215556
Ho2CF2,27.89793748
PNO,6.396486143
Pr2Be2GeO7,11.56548599
NaRhO2,10.11157053
MgAs4,17.45232181
As(S8I)3,5.645886953
KCaBi,13.02767672
SrHI,8.491686137
LuSF,13.90936017
LiNi(CO3)2,6.365892917
Te(HO2)2,9.346978202999999
Ca3AsCl3,10.30361783
Mg(AlSe2)2,8.918138697
Al2HgSe4,12.02573221
AlICl6,5.79322373
NaSnN,13.37060991
Si4P4Ru,17.91133787
BeBr2,4.19414208
SbSBr,56.27760513
RbMgBO3,6.026426047
Li4WO5,18.92782332
Ba2HfS4,31.46334992
LiBF4,3.779771237
YbBr2,6.938217967000001
YN,11.9391752
ScPS4,9.285049707
NdH3(CO2)3,6.94064564
Tl4SiS4,25.62650847
NdBr3,8.645358697
KBiO2,13.17245823
RbCuC2,6.857553492999999
KAuC2,6.93689065
SmIO,8.903495647
Rb2Hf2O5,14.35444577
ZrMnO3,29.82941124
NaS2,8.552503427000001
HgCN2,11.78426307
MoCl4O,6.196375043
LiB6C,8.59562794
TiF4,5.913634943
Mn(GaS2)2,9.67227736
NaSb(PS3)2,16.0738399
BC2N,6.6549552929999995
Sm2CdS4,45.2206266
ZnS,9.390830687000001
KNbSe2,13.01107937
CaGeO3,57.44882116
ZrC,39.42266695
ZrS2,37.88395526
KBi2F7,25.17137926
BaAuO2,15.70515345
SbAsO3,11.01817384
CdSiP2,13.55064608
KHF2,5.706554092999999
Ba(MgAs)2,16.44047932
YAgSe2,22.14500034
Er2Be2GeO7,13.02543321
NaMnCrF6,6.283810022999999
LuTlTe2,22.38042246
Nd5AgSe8,26.04775307
NdIO,11.438552900000001
Zn2W3O8,16.22995249
SbSeI,48.90396119
RbBiO2,11.93834758
TmTlO2,60.58201773
Tm2O3,18.51745331
Na2PdS2,11.67987078
NaPH3NO3,5.3710202
Na2PdC2,11.13007142
NaCrS2,13.09836617
Ge2S3I2,5.758997383
Th2SeN2,21.82466196
Sr(Si3N4)2,13.40824207
KCN,6.32415417
H3ClO,5.18065024
KCl,6.943310143
K2LiBO3,8.378579363
CeZrO4,43.44649839
Li2CeAs2,24.09434255
Lu3AlO6,13.06018762
HfS2,30.79463633
SmSF,15.26074311
KAsSe2,9.014979542999999
InI3,7.00076326
Ba2BiBr,30.93321063
NbCu3Se4,7.896995477000001
BeCN2,7.14643942
NaNO2,4.642000727
SiAs2,13.32308132
NbOF3,7.69336416
TeOF2,14.95652024
Yb4Cl6O,8.6163559
LiErS2,18.4468277
Li5GaO4,7.988423967
Li3SbS4,4.57774471
SrAl2O4,9.986865123
K2Te2Pt,10.68612734
TmTlTe2,22.26679498
K2S,5.829797162999999
PrCuO2,11.82000228
Yb(ZnP)2,20.672992800000006
BaHBr,8.60541212
Lu2CCl2,24.03365594
HfBrN,10.87077454
Tl2O,27.88264657
FePH5CO4,5.462577583
Zn4(B2O)3,7.603901957000001
Li2BF5,5.45918853
CaTi2,10.85179323
MoO3,17.64833082
BaHgO2,7.67428692
Rb3NbO8,8.170341017
PbClF,18.38709916
CdPbF6,7.992956657000001
GaS,8.910812917000001
LiTeHO4,11.10643665
NiP2,25.85458991
AgBi(PSe3)2,21.03345082
InSe,10.97119651
RbCl,4.735996677
BaLiP,25.24557745
AlSiTe3,15.75410163
SrO,17.53468324
MgTlF3,13.31319024
Hg3(SF)2,20.21802392
SbSI,58.82036228
Li4CO4,7.492424152999999
NaBF4,4.20554065
YBi2ClO4,23.26941727
NaDySe2,14.64507794
Sb2S3,69.84859293
TbBi2BrO4,23.04447229
NaCN,5.38128959
MgMnF6,5.9394279270000006
AlCuO2,9.287770933
Y3CuSnS7,16.43698827
HgSe,24.40985334
TlHgF3,48.11507418
Ba3Ti2O7,39.21059122
Pr2PbS4,37.89744436
CS2,3.601430883
Sr2HN,19.66662624
NdOF,13.95504129
Na6BeO4,8.05748319
SiS2,5.476784667
RbH3O2,6.28671246
P2Se5,11.04949231
GaF3,6.582492922999999
ScCl3,7.13125175
Ba(NdSe2)2,22.14153364
AlAgSe2,9.70974285
Ga2PdI8,7.71522067
Cd(HO)2,11.43919169
SmOF,13.76559055
BaTe,27.60746365
V2Te2O7F2,46.440578
MgMnF4,8.770130542999999
SiH8,2.197924827
GeH3Cl,4.521068293
CaB4O7,11.50043188
CaC2,9.685037917
MgTa2O6,65.64340961
RbLiSe,8.125694023
P2S7,6.999982312999999
K4HgAs2,8.543301363
AlAsO4,5.350469503
Ba(InTe2)2,14.40892049
BiAuO2,25.29046501
K2PdCl4,4.771676867
HgCl2,7.723416137
Mg2SnO4,10.96122478
AuI,8.002218417
Hg(ClO3)2,6.101516767000001
NbCoSn,38.40064233
Mn(Sb2O)2,14.08160699
NbFeSb,45.3462256
ScBrO,27.75850123
Li8MnO5F,10.70074613
ThSbRh,28.17726967
Li7SbO6,10.22940308
Ca(ZnP)2,20.7838572
Ga2HgTe4,18.32520964
PCl3,3.782397673
KHoO2,13.79589968
HgI,21.62726375
K2SmF5,6.49501409
Zn(CN)2,3.0370827830000002
NaAgO2,9.576265027
TbTlSe2,21.89592631
DyClO,15.57730815
VF5,3.35670504
K2MnF6,5.835887562999999
Ho3CuSnS7,16.419809400000002
K2NaAlF6,6.087428967
KYTe2,12.90888016
PbO,85.43720004
TbH3(CO2)3,7.253275537
CuBS2,9.511289733
Zn(GaSe2)2,11.44250091
K2Se,5.8189858
Na2MgSiO4,5.402159807
CdBr2,8.144473137
ZnSbF5,14.20740623
YHSe,14.326342499999999
SCl2O,4.04850316
Te2Mo(WSe2)2,9.599084597000001
Rb2NiO2,6.56721686
NaPrS2,17.15087658
CaS,11.53249075
DyTlO2,61.45094938
RbYS2,11.69717154
P4S3,5.343440613
TmBi2ClO4,22.16156365
BaTm2F8,9.347806807000001
Na2ZnGeO4,6.424585877
BaBrF,8.03949071
S5N6,4.85223028
LiTlPHO3,11.19400893
NbCu3S4,6.846643917000001
Ca2AlBiO5,19.59758259
Be4TeO7,7.487163852999999
ZrSiPt,20.70624535
Ba2NCl,27.61395998
HOF,3.422215393
MgS,6.622112123
Zn2GeS4,9.308064023
NaHS,7.602590782999999
HgB4O7,13.86098216
TiCoSb,32.04487921
Zn(HO)2,8.865433587
Rb2LiAsO4,7.123190457000001
TlInS2,34.65795039
RbLiCrO4,5.632870593
MnTlF3,25.6479693
ZrPdF6,7.492536397
SrAuO2,14.13093739
Rb3BiSe3,8.048054263
KAlSiO4,6.161489992999999
Cd3AsI3,10.48423525
Li2VBO4,10.40243449
CdSO4,8.927404433
CoSnC4Cl3O4,4.0638759030000005
SiBi2O5,31.37414088
Al2ZnTe4,11.05856045
CdBiS2Br,34.89426695
ErTlS2,22.46168876
RbAs,11.59916346
LiYbAlF6,6.26009753
Mo2H2O7,16.56522712
Pd(Se3Br)2,12.14060531
Li2GeF6,6.43143116
Tl3PO4,13.37303678
Yb(PrS2)2,19.42625103
SrTiN2,28.81204014
KYGeS4,10.01037788
LiV(PO4)2,17.28117636
YCuO2,10.64886448
AuBrF6,4.745545267
Na2ZnSiO4,6.02834599
VCuO3,10.50094796
Mo3W(SeS3)2,8.878197157
LiCdBO3,7.524535377
KPrTe2,14.53694685
H4IN,6.864023697
H4CN5Cl,4.43581415
LuAgO2,10.19554528
SnPSe3,37.42582079
CaMgNiH4,33.80039795
YbTe,12.39396733
TbTlS2,22.31619722
TiTl2F6,17.85816868
B2O3,6.40166319
K3ClO,22.64397761
Y2Be2GeO7,12.78160651
RbInTe2,10.96523992
Hf2SN2,23.55012066
GaI3,6.102561947000001
ZnPtF6,5.99506889
MgSiO3,15.23737469
NaLiS,9.28360014
Rb2PbO3,9.469340537
TmBi2BrO4,21.78374486
Li3N,12.97144944
NbI5,28.58966259
BSb,12.06803679
Lu2(CN2)3,9.13843718
HgN3,13.78438153
Ca(HoSe2)2,15.51852648
KAlF4,8.455712923
Ga2Te5,25.66945447
K4CO4,9.441520767
HfNCl,10.92464794
Li3NbO4,17.38146656
GaTeI7,11.19972429
Rb2HfF6,7.017541317
KNa(BH4)2,4.62348052
BaHI,9.438144263
UF5,5.74349108
SmOF,12.45879123
Yb4Sb2O,30.08105473
ErTlSe2,21.91978892
Na4SnS4,8.403716142999999
Ca3CdO4,15.45727419
K2ZnF4,7.51400807
ScAuO2,14.49010209
Mg2H2O3,8.26440198
Rb2BeF4,5.977042772999999
CdHClO,8.468006547
IrI3,8.393084193
LiGaS2,7.768115527000001
ThSeO,24.96586965
K2HgO2,6.09547149
Ga2PbO4,20.20564954
K2PbO3,8.83007989
AsCl3,4.4855147230000005
TbF3,10.37454918
PbIBr,37.25454598
Si3H,9.249153327
KTmO2,13.09974497
Li2MnPO4F,11.2944325
Nb3Sb2Te5,26.959521000000002
H(CO)2,7.597760813
Rb2O2,5.69304104
CuB(CN)4,3.33623616
Ca3AsBr3,10.70150225
Hg2P2S7,13.50287561
HfZrO4,30.76805217
Er2TeO2,14.98751248
Mg(ReO4)2,4.634651437
TaBe2Rh,53.07936492
Sm2SO2,13.76637989
B2S2O9,5.27265586
CdS,9.082461277
Na4CrO3,13.14048952
Cu2WS4,6.39016867
Ag3P,12.26241393
LiTmO2,35.78219521
RhBr3,7.6721981470000005
Rb2Se,5.867829072999999
Ga2TeSe2,10.24301272
TiZnF6,9.385845807
LiGaSe2,8.70514665
YbSe,7.682771702999999
BiI,18.24201314
SnC,18.86370068
K4Au6S5,7.927855
RbCaCO3F,7.49873483
TbCl3,8.378738223
SmH3(CO2)3,7.028901042999999
B2S3,7.526876722999999
Mg(BeAs)2,19.87082783
K4I2O,6.51598409
Na6MnTe4,10.10331798
RbSmTe2,13.89030549
TlN3,17.55038436
HgHOF,8.960491583
Bi2Se3,71.85511212
Mg2PN3,9.52957279
SrHBr,9.14181288
TbBi2ClO4,24.41884865
W3(Se2S)2,12.47484202
Zn2Sb2O5,23.3863586
LiZnPS4,7.7645116970000005
MnTeMoO6,19.14946754
NaSbS2,27.32413729
Rb2ZrCl6,6.954445437
LiSbTe2WO2,25.8860882
Zr(MoO4)2,12.43962973
KSbS2,17.17154496
AgH,12.49922984
CrBiO3,36.40369247
HgPbF6,10.12830641
MgI2,7.8126482170000005
Rb2Te,5.704429287000001
AlF3,4.974540037
ZnC2S2(OF)6,4.169075397
MgGeN2,9.296313753
YCl3,5.80258396
BaAl2O4,11.63411995
Nd2SO2,14.04345114
BH6CN3F4,4.31699685
Rb2GeF6,4.717518473
Sm2PbS4,36.84663398
NaNbS2,12.67498431
TmBrO,8.8060622
Ti3MnO8,44.17577236
YbI2,5.95331434
TmAg(PSe3)2,13.14505135
Zn3CdS4,9.707550633
NaAuO2,8.174796057
LiInTe2,10.39650087
MgO,10.28395886
LuSBr,10.28437924
K2Se5,12.27983559
HgSeO4,13.85494106
Ca2SnN2,19.85457365
HS7N,4.654287343
BaSr3O4,32.00546082
AgNO2,8.074438642999999
SrGaSiH,21.2042703
Sr(MgAs)2,14.963215
TiSnO4,56.42953065
ZnPdF6,6.923479102999999
Pr3AgGeS7,15.53591276
HfBrN,15.21109721
Zn4B6SeO2,7.99053673
BiSeCl,33.26210446
SnS2,11.08031439
LiYSe2,21.13414658
VCu3S4,7.73878981
Sr(BiO2)2,15.61220905
K3AsSe3,7.7491184429999995
NaSrP,17.66163706
Zn3(PS4)2,9.112843983
LiZnP,16.94261021
BNCl2,3.295715173
SrAlSiH,19.360356200000002
RbAcTe2,29.37432327
NaLi3(H2N)4,5.511186837
SrC2,9.264086467
WOF4,4.661674503
Ca4P2O,27.78239711
LiAlSe2,7.345551697
Na2Se,7.015214267
Nb3TeCl7,8.155889853
InGaS3,11.84413064
DyCl3,8.42314201
KGeNO,8.020194542999999
TiZnSiO5,14.88492673
NdZnPO,19.8049837
KUO3,18.20930337
InPbCl3,16.1642125
YTlTe2,21.36153645
IO2F,12.65833563
Tb2YbS4,19.81191176
Pr2SeO2,14.31887083
FeN3ClO3,3.851043633
RbI,6.864221153
Rb2Pd3S4,9.990683423
NdBi2BrO4,26.38893268
RbDyS2,12.21271506
MgSnP2,12.32189586
SiSe2,6.71755444
Zn(SbO3)2,26.91424239
ErBi2IO4,23.146668899999998
DyTlTe2,22.22781405
BaHCl,8.282014687
KNbS2,12.01320738
Bi(BO2)3,9.38024513
HoTlSe2,22.16787558
RbLiS,8.165107197000001
AlSbO4,11.15977978
LiNbS2,15.17258847
Na2GeO3,6.045799923
P2Pd3S8,7.83841517
TeWSe,8.239134647
LiCaAlF6,6.324763167
BH3OF4,4.560118237
ErZnAsO,27.49991481
RbHoO2,14.78859529
YbB4O7,11.58743941
SnB4O7,19.47328281
Ba2SbAu,30.96343603
Ge2N2O,8.271815617
Pr2AlNO3,29.13951311
FePb2(CN)6,11.61782732
Rb2O,9.343733027
NaScS2,15.81649874
KPH2SO3,6.041055737000001
BaLiAs,23.77655311
LiAgC2,5.948216907000001
MoW2(SeS2)2,11.73028069
KNdGeS4,10.09425487
BaZnSO,14.83947863
LiVPO4,10.91170452
NaGaO2,6.479481252999999
KSrCO3F,10.90975562
Mg2ZnAs2,26.250516100000002
NaInS2,15.33811522
GeSe2,12.46266074
BaHfO3,34.37437392
BaAlSiH,19.72368278
BaSe,12.93553811
SbTeI,39.12560559
Li3BePCO7,8.32395203
ZrZnN2,40.14137277
Li2Si3NiO8,8.698809763
P4S5,6.577460792999999
BaMgO2,11.38578872
Li2GePbS4,43.18203277
Sr7(HCl)2,9.384166637
As2PbO6,17.14099649
VO2F,7.184457983
NbBr2O,16.70984772
SrSiO3,22.66490922
KErTe2,13.49956449
RbHF2,5.7392505929999995
Cd(GaTe2)2,14.00759954
BaI2,11.47992024
Rb2SnO3,25.29118482
TiGeO3,33.11063307
NaSrAs,17.92271941
LiDySe2,19.31958004
CS2NClO2,4.187058113
AgI,17.93332337
BaGa4S7,13.140264800000002
Ca2AsI,12.2304541
Ag3AsS3,16.32828262
KAgC2,5.5266853
FeSeCl7,7.1323492029999995
K2S5,7.518846673
W2Se3S,8.77684882
KSmS2,12.81398316
CuSe2Cl,61.79307053
As2SO6,12.68369762
TlI3,21.49467331
RbErO2,14.488408300000001
BiIO,44.04984544
Tl3VO4,20.7419412
SmTlSe2,21.87878772
Li2CrO4,8.104254947000001
RbPbCl3,16.98457945
Ga2TeS2,9.568186500000001
NaDyS2,13.67948092
K2Cu(ClF)2,6.58013883
Al2Si2H4O9,5.73220006
MgBr2,6.301647827
KNaThF6,7.581865367000001
Cd(InTe2)2,14.68417968
SnICl,43.02801564
Tl2Sn2S3,74.97810296
K2NiO2,6.3239129929999995
BaBe2Si2O7,9.0276864
KNdO2,15.796728400000001
Sc2CCl2,24.30812643
YCuO2,10.64649139
Br2O,13.92284279
KCrS2,11.31338057
CoCuO2,15.44788686
RbMgF3,5.931642233
InBr,31.79081174
MgAgF3,16.42455889
InClO,7.90380082
NaCdF3,5.907417013
NdBrO2,13.48366826
BaCaI4,13.27460054
CuCN,4.665180463
DyTlSe2,21.91973437
Ba2CuBrO2,7.81574806
Pr2PbSe4,40.29584594
YbMgNiH4,45.94947588
RbAlF4,6.485016432999999
Li4TiS4,6.71363792
MoSe2,9.75331545
NdTlSe2,21.80147588
BaB2F8,6.464655183
LiYF4,8.540113817
AcBr3,8.40627273
Au2O3,10.41153942
Au7I,18.81689856
BaLiH3,14.67460041
GaBr3,4.849691383
Na2SiO3,5.381892167
BaCl2,6.94656705
AgClO3,11.92985436
H2O2,3.70294508
Zn(InSe2)2,12.37789253
K2SiF6,4.726654917
KTbS2,12.35287089
Sr2H6Ru,10.46852853
KH8N3,6.0007568
BCl(OF2)2,5.999822127000001
HfTeSe4,52.74297634
CaH2(BrO3)2,6.89459413
CaH2(ClO3)2,6.8983138429999995
Rb2Zr2O5,20.04110317
NaTlO2,14.49525103
CaH2,30.62367973
SrBe3O4,8.58982188
ZnCoF4,15.76415606
Er2SO2,13.4023581
HgSO4,13.16547199
NaCaAs,10.29981316
ZnO,28.823672499999997
SrB4O7,9.35566496
Li2TiTeO6,20.34016171
Rb2H6Pt,5.196651313
ZnPS3,15.87972092
Ag3SI,15.52268797
PdBr2,7.2987993829999995
Hf(B2H3)2,3.13320959
BiClO,38.18585871
RbSrCO3F,6.926787462999999
AlCuO2,9.28293579
LiGaO2,16.57965896
Tb3BWO9,15.243229300000001
KBrO3,6.48581625
BeSiAs2,11.77608812
DyZnPO,19.214550699999997
NaF,4.789475273
Cd(GaSe2)2,11.465290699999999
TeRhCl,15.74063326
K2NiF6,4.748847077
NaPrSe2,15.88218408
SbIrS,21.82249657
RhCl3,6.23493563
TiCdF6,8.316549363
LiAuF6,5.54765263
IOF3,8.576254273
CdPS3,11.42220869
Cd(InSe2)2,12.07783652
Li2TeO4,9.181754032999999
Hg(BiS2)2,44.83889437
Li3VO4,6.60308073
BaTe,12.37058757
BaAl4S7,12.07415659
Ca2BrN,13.21443208
Y2Be2SiO7,11.20003757
RbSmS2,12.7440425
Sr2CdAs2,19.04268766
LiAsF6,5.281243213
BiSeBr,32.80212771
KNiIO6,8.36797913
RbV(CuS2)2,9.078660693
KErS2,11.88430902
LiH,16.09133873
Li2CdGeO4,7.5799073329999995
NaLuS2,12.782775599999999
Nd5AgS8,23.22741925
KLiTe,8.1179141
HgF,14.83790391
Pd(SeCl3)2,7.057740857000001
SnF2,17.52394904
BaBeF4,19.60410202
H6CNF,4.00862545
Zn4P6N2O,9.01585663
BaSi4O9,8.04228705
Rb2PtS2,8.470586887
BAsO4,7.26120294
LiMnO2,12.5370909
KCaSiHO4,9.4114463
AgHgAsS3,20.47178739
Ta(TeBr3)2,15.11547846
BPS4,5.920284082999999
K3BrO,11.64874921
YBi2IO4,23.67618466
K4CdP2,8.118066512999999
Sm3CuSiS7,15.06113196
GaP,12.79608896
Er2O3,18.8800557
MgPSe3,9.847166403
TcS2,14.76174387
Tl2SnF6,17.41704342
PbCN2,34.8965271
Ca3AsN,36.00067049
Ge2N2O,7.7992797629999995
Li2NiPO4F,8.941787193
K3IO,8.414794237
KSmTe2,14.24375316
SrBrF,8.459242307
NaGe2N3,9.824491317
KPrO2,16.55684829
CaO,8.976461223
Ca2SiB2O7,9.207972032999999
K2ReF6,6.19200355
SiPbO3,94.92273669
KInO2,10.17987668
NaPN2,9.609452357
Be2C,15.4193905
Mg(BeN)2,12.26960824
AgB(CN)4,3.1758860230000003
BrO2F,4.84486043
MgGeO3,23.72366138
Cd(CN)2,4.4260406869999995
Li8TiMn3O2,23.06049382
Dy5AgS8,23.51429378
Mg(BeP)2,18.27088926
IrBr3,6.631030572999999
Sn(WO4)2,8.69942303
Cd2BiAsO6,16.13244939
K2ErF5,6.230280913
CaZnSe2,9.02764933
ScCoTe,26.0985553
Mo3(Se2S)2,13.40783254
AsI3,18.51287726
Sr2SbAu,28.63163375
KHoBeF6,6.916576663
Tb3CuSiS7,15.45370034
Dy2PbS4,39.01402314
Na6ZnSe4,9.290805667
Li3CuF4,6.22836043
Ba3Bi2F2,12.33224277
Ho2SeO2,13.77648436
HfFeCl6,7.9535385629999995
Pt(SCl3)2,6.50892826
KGeBr3,39.70546803
BaO2,13.114394
KF,8.107269663
Ca(SbO3)2,13.75697875
NaCrSe2,14.95738703
KC2IN2,5.3868228270000005
Mg(InTe2)2,13.43607783
KYS2,11.65894383
Mg(HO)2,8.5497309
GaAgS2,10.68426174
Ca(NdTe2)2,24.22088674
RbMnF3,8.89062425
CClF3,2.487496293
KZnF3,8.97834631
CdSnF6,6.286820252999999
Li3Sb,22.78738926
Mg3NF3,8.63349688
HoSI,9.997424853
PtI2,12.66190291
MoW3Se8,9.01493119
KNdS2,13.15567714
H8(NO2)3,6.97121736
PrHSe,14.78104252
TlCl,16.06653309
NaSbO2,17.02162068
NaNbSe2,14.09472147
LiYMo3O8,15.47916765
S2N,5.39063789
LiHF2,8.98312816
Tl2ZnI4,12.64678828
AlF3,4.112203223
AlTeI7,9.960249753
BiSI,37.66259687
Na2AgAs,19.46289443
SmAgO2,10.92671321
IBr,17.40738524
LiSbO2,9.75080701
Ca(MgBi)2,21.61586272
GeS2,9.443610967
ErTlTe2,22.24302801
KrF2,4.175121807
Ba(MgSb)2,16.76867551
BiBrO,38.71160951
UN2,76.75502814
DyAgTe2,19.9562044
YI3,7.396074583
NdClO,13.87993984
Ba2AsAu,34.76169025
LiMn(CO3)2,6.824971907
AlSCl7,6.107119493
Y2TeO2,30.58377711
K2MnF4,9.648506147
NaH,9.58532777
YBrO,8.163694337
Rb4SnO3,8.945281762999999
BaO,43.04076591
SmTlTe2,22.07999162
TiSiPd,27.06540942
Sr4P2O,40.49527008
NbBiO4,24.25211049
Pr4S3NCl3,15.32856255
HoClO,15.83427668
BiSBr,34.58291019
RbTmS2,11.85894115
CaZrSi2O7,11.66405486
SO3,6.59062735
ZrCoBi,30.74445283
NaAlO2,8.35203379
GaCl3,4.40642843
Dy3CuSiS7,15.61065582
S(IO3)2,22.79511609
MgMoN2,16.04115138
SrAl2B2O7,5.373421962999999
Sr2IN,14.79243497
Sr(ZnP)2,20.08094973
LiErO2,24.1007435
K2AgAs,11.48194873
ZrBrN,16.9589575
Rb2ZrF6,7.431305297000001
Ca2SiO4,15.92179128
CdBiClO2,15.3458598
ZrS3,11.07007842
Y2SeO2,36.93257242
Sr2H3I,11.69332519
Ag2HgI4,10.1768728
PbCl4,6.14026589
K6CdTe4,7.717683937
AlSbI6,6.814922967
KPrGeSe4,11.09493718
Li4MnSi2O7,6.602798182999999
Na2BeF4,4.067304023
BaSiCl,10.47515483
NaErSe2,14.28903209
Sm2PbSe4,39.72078743
TlBr,15.95867958
BaZnCl2,27.60249987
SrH2,25.35576848
YBi2BrO4,22.63971433
Mo3WSe8,11.28484442
TiBrN,52.1144348
Ba(H2O3)2,25.58437324
Na3MoNO3,5.201163793
HgBr2,12.34510952
PtO2,10.62724012
PrBr3,8.945519073
SrCa(CO3)2,8.221667303
TiSnPt,27.02382756
TmTlSe2,22.16347489
BiI3,13.322247899999999
NaBr,6.12595257
UCO5,7.2529806070000005
LiCrO2,15.78970913
TaCu3Se4,7.404286267000001
Bi3BrO4,32.40885072
NaSmS2,14.43969422
BeS,7.262600077
As2Ru,38.08019867
KI,7.77328256
KAuSe2,11.34711103
BaNaH3Pd,14.86427534
NaDyO2,19.64501855
ZnNiF6,8.239157573
LiNbO3,38.83529179999999
KTlO,9.798876147
PdF4,6.13590157
AgCl,11.77912256
LiCrP2O7,13.601598699999998
CoHgC4(SeN)4,8.115630017
KBi(PS3)2,19.89944166
Na2ThF6,15.85176825
RbBaSiHO4,8.857937207
ScCuS2,20.35073179
Li2H2SeO5,4.40725648
K3Ta3(BO)2,34.768600299999996
MnH4(BrO)2,8.784183373
LiTa2CuO6,62.04039381
Al5CuS8,11.45092482
Zn(GaS2)2,9.484544063
Ga2S3,10.51376838
ZnGeN2,10.92260617
CdI2,10.9824448
KCl,4.69523077
SmTaO4,40.75592079
KErO2,13.446516399999998
Li2NbOF5,9.180851533
CaSnF4,33.18502182
P4PtF2,3.459717173
SNCl,6.46464208
Zr3GeO8,24.24994596
LiC,6.201937997000001
K2PAu,12.84551126
LiSb3P2,16.95177555
KBaSiHO4,8.744401822999999
Mg3(HO2)2,8.969744853
NdBi2ClO4,27.85971682
Na4S2O5,7.310502483
Na2CN2,6.298395693
RbTlO2,14.10716325
LiHF2,8.871342643
LiLuO2,26.71583934
Ba2BiAu,29.5626838
Li6FeO5F,11.85876144
Ca4Al6O3,15.30320504
UCdO4,23.91138217
KTeHOF4,7.57160455
WSe2,12.74869378
SrCuSeF,13.76987002
Sm3SiAgS7,15.5689604
NaMgSb,17.39816117
Yb(NdS2)2,19.39341759
Nd2Be2SiO7,10.72104689
Ga3PO7,9.58527949
ErSF,15.74069247
Rb2LiVO4,7.270184587
LuIO,13.50026234
ClO3,26.5813521
AlH3,11.19454073
NaInO2,10.40098558
HgS,16.54241747
BaCrF5,8.211602087000001
NaNiIO6,9.277591787
RbI3,8.580395223
Zn(InTe2)2,14.92163323
Li2ZrTeO6,21.26254994
SmZrF7,7.5982303170000005
LiAuO2,8.137167433
SbAsO5,8.413675317000001
Al4C3,17.64895946
LiScMo3O8,17.12904897
GeI2,16.52474428
AcTlTe2,61.97123039
AgCl,27.29208898
CdPtF6,5.54962624
Rb3NaBe2F8,8.718393153
TiMn3O8,25.56660019
LiMgH3,11.03791897
LiCuSi2O5,6.85844081
LuTlS2,22.6817535
K2Pb2O3,10.64838843
Ca2Ge,19.61368043
Yb4As2O,27.86350523
Sm3CuGeS7,15.92256181
GaCuO2,10.1735538
LiInP2O7,6.5006621529999995
RbYbF3,9.457399727
NaHF2,5.08352885
BiSbO3,36.85398548
CdTeMoO6,24.73932198
VCu3Se4,9.086313393
K2GeF6,6.02380869
NaBrO3,6.319251832999999
Y2SO2,13.796965400000001
KClO3,5.411215917000001
CaPtF6,5.021252377
SrClF,8.102268177000001
Tl3AsS3,22.52137638
TiNCl,59.67102917
Cd(GaS2)2,9.726307712999999
SrS2,9.696951877
Li2CrP2O7,7.13046542
HoTlS2,22.405473699999998
GaSeBr7,9.896126037
HgNO2,9.540006083
FeCl2,9.751804923
NaLuO2,18.69309633
ReNCl4,8.65643482
MnAlF5,8.440538343
CSO,2.842325527
KCN,4.303168617
K2PdF4,4.724357503
TiSiPt,24.08956342
PdI2,18.88050485
Zr(MoO4)2,17.63869234
Yb(YS2)2,20.18713968
HoF3,10.66306599
Li2CeN2,27.20442755
PbI2,16.35753487
SiS,3.07402884
Pr2TeO2,20.19301031
KF,5.326645997
Al(IO3)3,9.214961792999999
Ho2SO2,13.48343422
Li2PNO2,6.41406697
XeO3,15.80859506
PrIO,11.34516571
H5CNO2,4.68325187
RbAuC2,7.78674068
KAcTe2,25.33405067
RbPbBr3,18.91706936
NdTlS2,22.53596311
NiPbF6,12.38314833
TmClO,8.29258839
BeI2,4.92848058
AlAgO2,9.510939833
Zn(SnO2)4,11.64577894
Bi2PbSe4,72.64734441
KHO,7.587922637
KYO2,13.61595174
Mg3Si2H4O9,5.530118107000001
Dy2Be2GeO7,12.58162113
RbAgO2,6.296708967000001
Ba2YF7,12.564817300000001
Na3ScF6,23.5746761
Ga2PdBr8,5.874481482999999
Rb2HgO2,6.334228467000001
AlN,19.60535719
H2C5N2O,4.1695893669999995
LiV3O8,26.23595658
K2CuSb,11.93569873
LiScS2,20.48829889
Cu2SO4,7.014544127000001
LiNbSe2,16.65865226
Mg5(HO3)2,9.421073032999999
HoTlO2,60.44803881
NaLi2Sb,16.79963095
Rb2S3,6.782886992999999
KSmSe2,13.29950811
NdCuTeO,18.61082114
HgBr2,12.52271342
RbErS2,12.03259288
PAuS4,7.7432554829999996
SeOF2,5.126514387
K4Br2O,8.223391337
Ta(ICl)2,8.158932453
LiI,13.12212758
Li3BrO,11.61926683
TbSF,15.47936033
AgBrO4,10.13123663
ScIO,17.93777778
LiAlO2,11.7814599
Li2AlVO4,8.577180373
Th2HN3,39.85421006
HfS3,10.82650653
Al3GaN4,8.881148297000001
Sm3BWO9,15.00144459
ZrSiPd,23.06604009
RbPrSe2,13.38296939
Pr5AgSe8,27.64564248
KLiZnS2,9.97673657
Pd(Se3Cl)2,10.34318225
Sr(AlCl4)2,4.804276933
Dy2TeO2,22.368822199999997
HoBi2IO4,23.43411575
S3(NCl)2,12.02455234
NbCl4,7.701924667
Ca(MgSb)2,17.01480248
SnH8(CI)4,3.98250553
ErTlO2,61.44856927
K2Mg2O3,7.415713767000001
SmBi2IO4,25.57157405
Cd(CN)2,3.38847737
CdCu2SiS4,10.2566435
NaTbSe2,14.742213000000001
Sr3TaGa3(SiO2)2,14.62413016
MgSe,18.43250749
Nd2TeO2,20.43342483
BaHfN2,26.49184018
BeSnAs2,16.8556198
NbTlBr4O,15.44005229
AlAgTe2,11.15420854
YbC2,10.05293767
KSmF4,7.23678556
Ca(PrTe2)2,24.0468781
Ca4Mg3H4,13.896863
SiF4,2.488460073
RbCaSb,11.14415595
KMgH3,9.163363193
Li7SbO6,9.498937817
TlS,52.11718522
MgSiAs2,12.44483108
Tm2SeO2,33.81128366
B4PbO7,15.7027925
ZnCdSe2,12.76562517
TeO2,21.78084096
Ba(BS2)2,9.077241077
RbLuS2,11.55948021
MgSiP2,11.07896261
Nd3SiAgS7,15.20534411
RbAlF4,6.231222002999999
KH,7.26146385
TlGeF3,19.76992555
Ca2H3Br,14.27487131
MgPdF6,5.38583679
AsF3,5.36943926
BiTeI,27.15547019
TlCd(NO2)3,10.14432385
TaCu3Te4,9.74702009
SbF3,13.25159094
CeO2,28.25864167
CaNiF6,6.177606127000001
Ba2H6Os,10.78847512
Rb4I2O,7.1232655529999995
LiSmS2,27.23654329
SiC,10.34135469
Na2CdSnS4,7.903595437000001
NaPrO2,20.0462075
Sr(NdS2)2,19.45419881
LiDyS2,22.20064961
CaClF,9.963809122999999
Sr2H5Rh,14.13146759
LiFe(CO3)2,11.57355393
NaScO2,15.74900204
AgBr,13.02904549
Na2O,6.95096289
LiCaAs,10.35138759
Pd(SCl3)2,6.98410478
Ca(CdP)2,24.14347181
RbIO3,7.743580637000001
Sr7(HBr)2,9.75884739
Al2Si4O,4.982294337
Nb(SeCl)2,7.585948027000001
Li5Cu(PO4)2,6.192514553
K2Pt,7.92175088
Sr4I6O,9.49117744
MgCN2,14.66980335
AgAsO2,9.068649957
SnH4(NF)2,6.39491507
CO2,4.080494173
ZnSnF6,6.63796132
CaHClO,6.96300643
Mg(AlS2)2,8.16879495
ScNiP,20.43587699
Nb(SeBr)2,8.06971767
CaSiO3,22.18142049
Na2PtS2,11.22222361
TaBi3O7,60.7230468
LiN3,9.16470749
PrBi2IO4,28.31129317
RbLiCl2,7.895607342999999
NaAlSe2,12.84727982
ErSeI,11.41234149
Ba(PrS2)2,21.07152276
LiHoSe2,19.09252467
BaTe3,27.88837754
NClOF4,15.94575019
Ba2CuClO2,7.94621086
PbF2,24.02277998
Dy3CuSnS7,16.26565129
Na3Mo(OF)3,6.13973107
AgRhO2,14.52706057
KYSn,25.36161769
CaBr2,7.147954382999999
Mg3ZnO4,13.42777976
NaClO2,4.63684676
Ba4Cl6O,7.664966593
Li2Si2NiO6,7.584607237
BaGaSiH,23.5219967
MnZnF4,17.77104061
CaGaBO4,6.97553028
Na5Li3Ti5O4,33.33500747
MgSnF6,5.243507923
H5NO,3.86667915
LiSiNO,7.32580281
TiF2,7.004038023
SrTe,26.91394119
Na2PtSe2,13.05987348
BeGeAs2,14.86519747
YCuSe2,16.87578457
CdSiO3,29.73336565
Ca(NdS2)2,20.2769491
HoBi2ClO4,22.87986789
PbF2,24.35690779
V2ZnO6,22.3019569
K2PtF6,5.671885783
Tb2TeO2,21.90258374
AgHgSI,13.05367045
Sr(YS2)2,22.27195412
SrC2,16.72366389
HgF2,11.0077897
Tl4GeS4,27.70824768
BI3,4.21440901
BaNaP,19.7616793
H4C,1.915809567
SrCuSF,14.55341335
GeF2,22.18262052
Na3PO4,4.593138853
Ca4As2O,25.24649875
Sr2ZnN2,16.40796393
Pr3CuSiS7,14.54486889
SmBrO,12.52479066
BaSi3SnO9,7.578859457
Ga(IO3)3,9.734516953
YbO,15.60008499
CdPdF6,6.16557758
RbBr,4.705005537
Li2CrPO4F,8.70159724
Li2MnSi3O8,6.375529827
AlPS4,5.3267052
NaSm3SiS7,15.53954106
H4NClO2,5.183096766999999
NaInTe2,24.90209296
BeSiP2,10.47950041
ClF,5.291968093
NaHoO2,19.35239099
SrMg2N2,17.51596738
TiMnO3,35.96224238
TiMn2O6,35.93646231
HoHSe,14.03988119
BeSO4,4.392091747
SbO2F,12.34568409
K2AgP,11.22107497
RbUO3,18.56152902
GaB3N4,9.34368739
TeAuCl7,6.466347767
RbCd(NO2)3,6.43160542
BeGeP2,11.88415706
PrClO,13.65795141
TlSbS2,35.83120627
BeTe,8.535313493
NdBrO,13.55764153
BeSiN2,8.576012763
Rb2MgCl4,6.560263817
MoW3(SeS)4,12.7819829
ScHO2,13.14466985
Ac2O3,23.47548591
Li8SiO6,7.011321643
YAlO3,15.313404
KCrP2S7,21.93005857
Tl3VS4,19.50019346
CrCuO2,11.6514657
LiMn(PO3)3,5.0670917630000005
Fe(SiP)4,20.03442053
HgIBr,13.76127116
Pd(Se4Cl)2,10.71521736
CF4,2.13044568
LiV(PO3)3,4.689906173
ZnB2(CN)8,3.86118512
Na2H4Pt,6.829799267
H2SeO4,5.399775407000001
ErBi2BrO4,22.10726284
NaSmSe2,15.32015744
Mn(SbS2)2,57.03951071
RbHoS2,12.08479502
ThSnPt,33.14163133
BH4O2F3,4.277485263
RhF3,14.76022427
Rb2PdC2,10.23282456
PrZr3F5,12.3443536
Li3Mn3OF7,8.58260747
Pr3SiAgSe7,16.17632519
NaAlTe2,16.78082619
Yb4Br6O,9.451133393
KHCO3,4.973442203
HoCuO2,10.746281
Yb(HoS2)2,20.23393742
Ti(CuS)4,10.776886
HfSO,15.87522041
BaCaAlF7,8.308050677
WSe2,5.5772152329999996
SrLiP,20.28058113
TlBSe3,20.74939459
KLiBeF4,4.880416177
RbBr,6.647046532999999
ZnSe,13.49816414
SbTe2F6,8.592409417
SrHClO,6.4739747770000005
Ba3Ga2(GeO)4,10.61376563
PrTlTe2,22.0858714
NaCN,5.859929373
Nb(PS4)2,6.579053403
YOF,12.58807957
RbHoSe2,12.48856112
TlClO3,13.04214665
Na3AlF6,6.9481848
Li7NbO6,13.95654643
Li2CaSiO4,9.309112587000001
Na2NiO2,8.492082727
RbNO2,7.099197632999999
NaY3SiS7,16.30574003
Nd2TeS2,16.3461363
Sr2C(NCl)2,7.04621749
BrF3,9.12649904
Tl3AsSe3,24.78157692
Yb(SmS2)2,19.38682762
Te2O5,16.85802882
Cd(AgI2)2,7.20360153
H2C,2.63760602
AlTlF4,22.50425146
Li2SiO3,6.158462997000001
Nb(SCl)2,6.653138807
SrCN2,7.539484599999999
KTlO2,13.41176721
Ba2ZnF6,14.40977536
InSnCl3,29.05020002
KMgP,11.18223754
Tb2SO2,13.57955433
SeBr,11.35619004
SmTlS2,22.41704561
SrMgH4,12.89187185
Ba2ZrS4,40.4610785
P3N5,10.43083581
Rb2ThF6,7.554650672999999
Li3ClO,14.95869376
Al2CO,11.48231835
LiCl,12.06151499
CIN,3.71890152
KAuO2,6.173623217
AlBr3,4.465658213
LiHoSe2,22.16017094
SiH4,2.758901143
LiSi2N3,8.661431017
AlHO2,11.61987156
Sr2SnO4,26.13048449
BaO,16.41796614
