pretty_comp,dfpt_piezo_max_dielectric_electronic
K2O2,3.119535397
HgTe,16.81532957
H4NF,2.14810232
TaTlPt,6.823049617000001
TmAgTe2,13.05318728
Fe(HO)2,0.86668136
Na7NbO6,9.50640038
Sm2SeO2,8.429643343
Al6Cd4SO2,3.687373583
NaSmO2,12.50405688
Rb2NiF6,2.087575133
KHS,2.90464853
Na5MnO4,5.8243124470000005
SiP,0.8887596329999999
SrLiAlF6,4.68901067
K4CO4,6.806864782999999
AlGaN2,4.24390749
CaMg2N2,11.67342529
Yb(DyS2)2,12.34533522
WCl4O,2.312338107
KNa2Sb,8.76062194
BaBAsO5,5.892993303
H4BrN,3.222857203
SmBr3,4.206823137
AlI3,1.008586077
SrH2O3,4.011623057
Sm2Be2GeO7,8.055507847000001
V2MoO8,35.83874357
MoWSeS3,0.148534447
RbSrSiHO4,5.96784262
Li7BiO6,7.66612194
BiTeCl,15.09544272
BPO4,2.357271583
ZrSeO,13.23611909
CaCN2,4.51882344
Mg2Al2Se5,4.474473107
TaCl4,2.47896325
NaBe4SbO7,6.944971400000001
BaAl2B2O7,3.307526907
RuO2,3.311453537
Na2H6Pt,3.62751822
ZrSiO4,13.8399084
UTl2O4,24.18123105
KAg2PS4,4.79369171
KInTe2,4.104276377
LuTlO2,47.81662847
KTa(GeO3)3,6.900535207000001
InBrO,4.275053403
SrAlGeH,6.714096177
Li3Sb(PO4)2,26.82915634
InBi2S4Cl,33.140767499999995
TaI2O,11.94507967
DyBi2ClO4,17.82034437
Na2H4Pd,3.575557913
Li2Si2O5,2.586267097
NaSmTe2,9.11299353
ZnSeO4,6.41162144
YAgO2,5.5055836970000005
Dy2SeO2,26.17966268
Rb2Se3,2.96553439
BaIF,5.079660047
Li3AsO4,2.858563287
TlIO3,15.74608954
LiNbO3,33.01009929
BBr3,0.27659581
ScOF,39.90367847
CaZrN2,77.11198508
BAs,0.075615753
Na3BrO,5.902632073
Na3VO4,2.496551567
HoTlTe2,12.15358234
TlSbSe2,75.57021165
TmTaO4,21.66868553
V2O5,14.34690342
ZnCl2,2.51755924
LiMnSiO4,4.26203707
Mg2Sb2O5,9.970088823
NaN3,2.32102171
Ta2ZnO6,69.28663557
Te8Mo3W,8.37174732
Ba2Sc2O5,19.94974405
RbTbSe2,7.187391487
RbF,7.057659103
Sm3CuSnS7,8.118672923
Nb3SBr7,1.716827153
CuCl,36.10719989
CdCl2,3.475215347
GaBN2,5.63704531
ScCuO2,7.465558593
BiTeBr,14.78373229
ThO2,15.56261809
Na4SnSe4,4.241831573
BrCl,27.64520086
RbAgSe4,2.996286367
SiAs,0.6765021929999999
TlZnF3,14.91765083
U(BiO3)2,33.26310506
BaS,8.63005503
BaZrO3,45.78771891
NaBeAs,4.198715037
Pr2SO2,8.931563547
NaClO3,2.957781857
Hg3(TeBr)2,12.53911599
SbBr3,3.906473473
HoIO,7.674094352999999
Ca2IN,8.65354086
RbCaBr3,22.43970068
KMnPH2O5,5.27499749
Sr4CaCr2(SO3)2,10.81599859
K2PdBr4,2.0279829730000003
BrN3,21.03916453
Ba(BSe3)2,9.34429075
CuRhO2,1.437366787
Te2W,5.96368801
NaAuC2,2.701613423
K2Te,2.2347110530000003
Zr2SN2,16.20770868
K6MnSe4,3.17940112
Li(CN)2,2.600715407
TlAgI2,11.89997377
Na4CoO3,8.703282892999999
NaTlO,10.60674161
Tm2SO2,8.23305427
CaC2,23.52075401
Li4MoO5,12.92334862
MgSiN2,11.46929397
H3BrO,2.257212867
Sr(MgSb)2,5.917401722999999
RbCaAs,5.988911967000001
CaAlF5,4.142976397
CrF3,3.02795094
K6MgO4,5.70931351
Y3GaO6,9.87883707
RbNdSe2,7.724463817
GeS,9.48863943
Na3ClO,12.97898707
CoCuO2,1.34053252
BH3,0.21261668
V2O5,27.01983948
NaLi2AsO4,3.249554447
ErCuSe2,7.401532773
CaF2,7.28254355
FeCl2,0.50489638
YAuO2,6.14804436
InSe,7.832354799999999
Rb3TaO8,5.017014497
CaHBr,4.493857503
NbBi3O7,55.29235608
Ca2Pb,5.199663137
TaCu3S4,0.30698019
ZrIN,5.720666143
Ca2CoSi2O7,8.541952853
Tl2SiF6,7.6916656
Na2NiO2,3.757155577
H2SeO3,3.618827523
Ca2YSnO5,13.8386763
DyTlS2,15.42003055
KCaBr3,38.79815112
KTeOF3,5.374587032999999
BaH4O3,6.41816436
PrOF,9.173831097
DySBr,6.303641627
K2TiF6,5.02160186
PbBrF,32.61688591
K3TaF8,3.530339957
K2AgSb,4.2352757830000005
Sr2NCl,9.582967423
MoSBr,0.538120803
Ca2Al2SiO7,6.303756103
KTbGeS4,5.01712621
SrS,19.42944736
Dy3BWO9,10.91808302
YOF,10.56809234
Al2ZnSe4,2.82837275
Ba2HfO4,20.88413305
GaPO4,2.300528793
NaHg2IO2,4.975260527
ErF3,8.335287783
RbNaO,8.78712462
YNiP,2.472674487
Ba2AsBr,18.39162213
KZnP,4.034142187
H7NF4,2.974167167
MoSe2,0.345457787
LiAlAs2O7,7.64898506
Hg2IO,10.09763707
Ba(MgP)2,7.612990032999999
Ta(TeCl3)2,7.963972997000001
BeSnP2,2.072649493
NdCl3,4.585797337
Na4WO4,4.772740743
ZrFeTe,15.84127286
KMgSb,4.787977143
YAgTe2,8.27772429
SiH,0.573402283
SrSnO3,52.36383173
K2H6Pt,2.531325937
RbNa2Sb,10.21804656
Rb3SbSe3,3.575503023
AgBiO2,35.95543093
BaS2,4.445671057
KAuS,5.57029344
ScCuO2,7.48191368
Ca(BeP)2,6.026209137
RbNaS,4.365962893
CaF2,5.1554974730000005
CdCN2,7.872827087
RbF,3.74979573
Sr(NdSe2)2,11.64429109
Ca(DyS2)2,13.60946939
MoWSe4,0.14364499
Ag3PS4,3.37789439
PICl6,2.238477747
Na3BiO4,9.597930603
LiCoO2,7.266033627
HoBrO,7.01207105
CuSe2Br,34.27054359
AlTlSe2,20.32056409
ZrSO,12.06037523
Ca(MgAs)2,6.888373812999999
H4NCl,3.426057867
Ti(NCl)3,2.35483213
CaGaGeH,9.35328599
Tl2O,15.03518093
ZnCdS2,3.707286583
Nd2SeO2,8.648822073
LiBeP,7.329885137000001
AlBiO3,47.67043744
PrBS3,7.12605204
Zn(GaS2)2,3.46156163
InGeCl3,33.562203000000004
Y3CuSiS7,8.20756799
SmTlO2,56.0964948
AcClO,9.191376003
RbTmO2,10.48591819
NdTeF,9.77265405
ZnSiAs2,1.792347387
SrO2,9.814213857
Al2Te5,11.57060392
TiFeTe,17.36181051
BiF5,4.497933987
SrThBr6,5.92340363
Tb2PbS4,28.73434948
TlI,32.99065084
Li2MgBr4,5.98523876
CrHO2,4.851564417
HIO3,5.931831513
Hg3AsS4Cl,9.06110502
BCl2,0.602160913
Ba(AgS)2,9.21602318
WSeS,0.056048853
ZnBr2,7.394177103
Rb2PtF6,2.822955497
SiGeN2O,3.200127923
KMgAs,4.971773187
Na2CeO3,19.0122084
Nd3SiAgSe7,7.504521863
Ca7(HCl)2,6.490298182999999
Hg3(SCl)2,8.632157177
Au2S,0.221255107
Li4CuSi2O7,3.938587033
LiVSiO4,4.825629787
RbLuSe2,6.561000507
Zn4P6SN2,4.0775061930000005
PBr3,0.8792175870000001
Mg(SbO3)2,9.545161997000001
Ba3Si6N4O9,5.398996563
ErSCl,6.68143415
TmCuSe2,7.37498176
XeF2,1.359306203
Li3VO3F2,30.10210509
LiCoO2,7.892712993
NaSi2BH2O7,2.612744933
AlGa3N4,4.44321761
Rb2CaH4,5.69015916
LiSiBi3O7,25.66313686
AlSeBr7,3.613248297
Hg(AsO3)2,8.608495197
AsBr3,1.112836553
TlI,13.73724548
RbClO3,2.676735003
HgI2,11.76393427
ZrNCl,6.82792252
Te2Mo3WSe6,0.871467903
Ga2Te3,4.287396067
In2S3,4.981215117
Mg(CN)2,1.045358727
LiBC,5.24840847
ZnAgF3,89.22646348
ZrCl2,0.38458657
ZnSnP2,2.549241577
TmH3(CO2)3,4.413654867
RbBiS2,29.57426426
Na6P4W,4.063948473
ZnWO4,9.29550908
UO3,30.88564129
HgC2(SN)2,7.424011843
SrF2,4.45374318
BH5CN2,2.025142257
RbScO2,14.51901058
SrCl2,4.440751417
InPS4,3.66507869
PdCl2,0.64127478
AlClO,3.815891313
B4CCl6O,0.360597887
NbTl3Se4,10.76927182
Mg2PbO4,13.45017964
Ba2PCl,9.50760868
K2RbSb,7.923070032999999
RbTa(GeO3)3,6.434041077000001
GaP,2.25701098
Nd3CuSiS7,7.295997682999999
Cu2SiS3,2.039588217
HBr,1.02567698
RbScO2,13.88073347
MgNiF4,3.78383977
KScO2,12.70110927
ThI4,4.5365472030000005
Al2HgTe4,3.999049893
CaTlCl3,39.71910912
TlInSe2,21.31610699
BaHgS2,8.877308643
ThCN,12.73282812
Sr(CdP)2,10.06321601
BaSe,20.05402769
Li2SnTeO6,9.868819237
Na4CO4,7.38889094
U3H2,12.19945891
Na2Te,3.166106037
NaBeSb,2.34204939
Rb2SiF6,2.5483085
Mg4H2O5,6.370964837000001
Li3VS4,0.855920853
Nd2PbSe4,28.50982347
SBr,1.487430637
KV3(SeO)2,12.07004451
TbBS3,6.869724982999999
TaTl(GeO3)3,9.29418417
Li2Se,3.5126294
ZnH8(N2Cl)2,3.99160772
MnZnF6,4.458698053
CuH,1.33101839
KrF2,0.851876537
LiH2N,3.511834823
Rb2Pd,3.948969693
Ag5P(S2Cl)2,5.747752873
SrS,6.399660612999999
CSO,0.234697147
Te2Mo,0.491441377
RbCaH3,6.975935347
LiNiBO3,3.792873607
K7NbAs4,5.901514027
Zn2GeSe4,3.185475327
HCN,1.052968757
Li3CrPCO7,4.61339219
Ca2BiAsO6,8.690742293
ZrFeCl6,4.675776667
Pd(SeBr3)2,5.28308223
LiHSeO3,3.506533227
ZrSnPt,3.88139451
SrBiBrO2,8.653454807000001
BeGeN2,4.345001423
Li4CoO3F,3.942883573
Li3Bi,14.62037157
Li2CaHfF8,5.256125337
AgBiSCl2,32.58297436
Na3Sr3GaP4,8.479376577
LiAuC2,2.399459127
K6Fe2O5,5.923968887000001
ErClO,5.348810783
KYSiS4,4.784791823
Al5CuSe8,4.991292013
Ba2ClF3,6.825119407000001
TaSbRu,12.79505095
Tl2Sn(AsS3)2,9.19141809
Li5MnO3F,5.478220307000001
NaNdSe2,9.453656657
IrCl3,0.4427221770000001
RbSmO2,12.48380106
KHoS2,7.130399063
RbN3,2.99405997
TiOF2,20.22405613
MgH4(ClO)2,3.107446597
Li2O,4.322966517
Ca4Cl6O,6.594136317
Sr(PrS2)2,11.72846995
Li3MnSi2O7,5.222361537
LiMgAs,4.8604153430000006
KP,3.833422163
Na4CO4,7.353255963
GaCuI4,1.57569032
Ho3CuSiS7,8.143075577000001
RbSnF3,22.89977777
CaAlH5,11.09179242
Ca2Sn,5.679005083
CN2,0.82663969
CaHfN2,55.30927492
Be(CN)2,0.497433063
AlAgS2,2.47952443
Li2MnBr4,6.833812907
CaHCl,6.24320554
Pm2O3,15.62792601
PbI2,9.47405484
Ba2H3I,6.455165263
Ba3BPO7,10.4909352
CaHI,3.91930025
HgPS3,6.527613852999999
Sn(CO2)2,7.91890024
SnF4,6.306284353
Ba2Ti3Tl2,22.27568164
Li2BeSiO4,3.79090601
RbYO2,10.93324489
Li2CuSb,9.908182652999999
CaPdF6,2.71705999
TlP5,13.63544049
GeC,3.045784137
PrOF,10.36828781
PrBi2BrO4,21.50377385
Ca(SmS2)2,12.6695394
Rb2TeBr6,3.654991783
SCl,0.98108453
Ce2Dy2O7,15.33562435
KLiS,4.20449045
NdSeF,9.361979947
Nd3CuSnS7,8.79225102
InCl,26.80456726
LiCoS2,1.562253947
Na2PtO2,4.235939657
SiC,3.461065297
LiAlO2,3.400364997
Ba(MgBi)2,6.632272127
KNO3,2.133563197
NaSi2N3,4.336340917
Al2HgS4,4.701696057
BH3NF4,3.32175361
NaC,2.972534667
Ca2NCl,8.326113193
Ga2HgS4,5.342889803
Mo(WS3)2,3.143025077
Sm2AlNO3,25.08655174
MoWS4,0.052925057000000005
Re3Se4Cl,0.57493141
PrCuSO,14.1165074
NdSF,9.52460328
Ca2YSbO5,17.31043214
LiBiB2O5,37.71405441
HoAgTe2,8.462927573
VNCl4,1.6488225
Cu3TeS3Cl,3.159064177
Li2Ge2O5,3.226563973
ZrCl4,2.781258123
Li2WS4,0.763838087
NbCl2O,9.32340531
HgBr,9.442382967
NaHoSe2,8.33912147
YbClF,5.03902981
Te6MoW2,6.38357427
Na4FeO3,5.967580152999999
NaHoS2,8.20105861
TaGaO4,21.7438215
ErAgTe2,8.529331297
Ga2Os,41.38572319
AlN,27.26328484
CdP2,2.058982277
Li2GeO3,3.611458797
ZnCl2,2.51336565
HgPSe3,5.57933711
Ca3UN4,56.26775648
NaYSe2,7.865434827
KMg(PO3)3,2.882489313
BeZnO2,5.088374433
YbS2,4.236184523
K2PdF6,3.338884817
RbHF2,3.755217627
TbH2Br,4.945161573
Y3CuGeS7,8.37227396
NbI2O,32.86122237
Al2CdTe4,2.653512637
K2HgSe,9.14576616
SrSe,5.872180307000001
TmIO,8.100267447
SbAsO4,15.65636091
Rb2MgF4,3.53135394
PHF2,1.330424313
Hf3SnO8,14.45850307
Li2AlFeO4,3.699442367
SrCa3O4,15.51037449
LiGaO2,3.648896947
NaMgAs,9.578076653
RbAuS,4.220412143
MnTlCl3,38.65379235
K2MgH4,4.599441103
NaHO,13.85166673
K2O2,3.680392767
XeF3,1.42643761
Al2CdCl8,2.1885354930000003
LuTlSe2,13.80377029
BeCl2,1.060548647
SNF,1.3770200069999998
BaSe3,6.741508832999999
LiCrS2,6.80557197
Sr(PrSe2)2,11.34100491
Na2LiAlF6,5.193058487
Ho2TeO2,8.524761543
Ba2BrN,20.13436208
YbSe,6.064420507
NdHO2,8.43875231
CdBiO3,14.02798693
FeP4,6.3067063370000005
Ag2HgI4,3.910443047
BaClF,4.870717993
Ag2HgSI2,4.119382693
LiTaO3,34.84860554
TiFeSe,17.30854701
RbAuO2,2.368882047
NaZnP,9.961452953
W3(SeS2)2,16.92803588
BaZnO2,9.189547897
Na3AsO4,2.272214077
Mo3WS8,0.269672153
MgTeH2O9,3.016365693
BaLi2Mg(PO4)2,5.58997756
BaP3,5.232473893
Na6MnS4,4.46950538
Ca(InTe2)2,18.50137317
BP,0.082577313
LiZnPO4,3.0643850130000003
Li2PdO2,6.225750883
PbF4,8.13133243
Ca(BeAs)2,5.837760802999999
InI,23.61977122
Al5HO8,7.226250802999999
RbCdF3,10.43435467
CuBi(WO4)2,24.69754228
MgGeAs2,2.20740375
ZnI2,11.18009658
Nd3BWO9,10.68531137
Li2MnP2HO8,7.87268616
KH3F4,3.255668233
Li3As,4.70383125
ZnSiP2,1.921597833
LiCoP2O7,4.37288487
Ca3PN,40.77229454
Tl3SbS3,12.01439497
MoH2Cl2O3,2.51412306
RbBe2BO3F2,2.585672993
Al3BN4,5.264963407
Ca2Si,7.508369447000001
LiY3WO8,10.28147147
MgGeP2,2.436420707
DyBi2BrO4,16.83060527
GaTeCl,4.00928587
Ca(HO)2,6.32065671
NdZnAsO,14.63444416
RbErSe2,6.806162702999999
AgCNO,2.44262783
Na3VS3O,4.22031971
RbGeIO6,4.21889441
NaP,6.75924213
LiNd2HO3,19.27120966
CaZnSO,6.229364202999999
SrCaO2,21.61178201
KH4O2F,2.186917883
K4BeAs2,3.391729607
Na5SbO5,5.041834167
NaHS,4.366096917
LiPF6,3.150338307
K4ZnP2,3.440212427
Ba7(ClF)2,6.366977822999999
GaCuO2,4.477312027
MgTiSiO5,22.72990729
Sr2BrN,9.121533863
KCaCl3,65.79433126
RbCaCl3,15.67252913
TeW2Se3,0.4182179
SrO,53.01432321
Ca4Sb2S,20.54365414
ThSO,17.54627311
ThBrN,15.31795026
Ba2SbBr,30.81773267
Li2V(CO3)2,3.068321343
NaInSe2,10.45528812
Rb2S5,2.52832252
SmCuO2,6.622000653
GaCuS2,2.690128887
Sr2SnS4,6.337328743
PSe,0.853623723
Ge3N4,6.417992353
NbIO2,9.976928997
CdSbS2Br,32.211418
K2Sr(P2O)2,3.383644063
K2Mg2Si2O7,5.163009487
TbTlTe2,12.21807755
Rb2S,2.715685617
MnH4(ClO)2,4.912300547
Na2SnO2,6.78964659
BaLiF3,9.765475537
Ba2H6Ru,6.536483232999999
V2ZnO6,17.67986907
KH2N,7.989461873
Zn(GaTe2)2,3.009480853
MoBr3,3.319699387
Al2Te3,1.925339293
Li2ZnGeO4,3.645789243
NdO2,9.122603912999999
TlNO2,31.23733283
H3NO,4.618780587
AlBN2,5.954737287
SrIF,4.0753311430000005
P2Ru,12.14082473
Mo2SeS3,0.147590363
RbAu3Se2,3.14494179
ScTlO2,75.77829725
Tl2S5,8.668738982999999
RbCaF3,9.589210447000001
RbH,4.930829277
BaF2,4.89378375
RbTeAu,3.070153897
KLiSe,3.957689313
NaTmS2,7.872166383
Li2CeP2,9.663185923
KPrS2,8.22338102
KLuS2,6.651191197
LiErSe2,12.08229967
Sr2CuBrO2,3.66226001
Cu2O,0.81060308
Na2HgO2,3.002038687
LiVF6,3.63830263
LiAlSiO4,2.862375317
NbCu3Te4,0.697235943
K3BiTe3,3.620031413
NaMgF3,4.23493881
Ba(CuS)2,17.48743959
BaSnF6,5.825113917
LiBr,1.838455007
InS,8.303132327
TeMo2Se3,1.58774608
CaAlSiH,9.617019673
Li5P(S2Cl)2,8.337410553
ZnSiN2,4.826180817
NdOF,9.183175763
TePbO3,17.28960571
Tb3CuSnS7,8.125924387000001
USeO5,7.54714983
K2PtCl4,2.024300553
Li2Te,3.425847313
HfCl4,2.46084446
KBr,4.247854837
NaCl,11.06542025
PI2,0.841983763
K5ThF9,5.444925893
BN,2.745102143
BaAgTeF,7.47187504
YZr5O,42.34415854
AlPNCl5,1.083492863
Zn(IO3)2,5.607989937
AcOF,9.55823707
Be2NbRh,30.71264192
SnC2(SN)2,10.76060161
Te8MoW3,0.875566227
MgH2SO9,2.5611958130000003
MoF4,3.398608597
Ge3Sb2O9,5.397382052999999
K2AgAs,4.37242772
LiYS2,15.62346342
K2O,4.90159132
HoSF,9.822376937000001
Sr(AsO3)2,6.60179964
CaThBr6,6.411399037000001
PrTlSe2,13.56391859
Ba3NbGa3(SiO2)2,9.576167372999999
AuCN,0.40261475
NaScAs2O7,17.98663943
K2H4Pd,2.761887477
SnBrCl,15.213874800000005
Ca4Bi2O,18.20973113
AgAuCl4,2.248503127
TbBi5O9,34.86380843
RbNdTe2,7.358605382999999
LiBeBO3,3.277251147
ThIN,11.74437835
K3SbSe3,3.594032497
Dy3Sb4Au3,7.54126198
Rb2PdCl4,1.7679333469999998
CdF2,5.3133727330000005
Rb2SeCl6,3.582216527
Cd(HO)2,4.58722283
CO,0.025539977
GeF4,1.262448237
BaS3,6.168865942999999
Er2SeO2,8.234620403
Ga3BN4,5.209923463
BiSeI,24.16021375
RhF3,1.022635403
SmCuSeO,11.79757035
Pb2O3,70.069772
AlB3N4,4.22124647
Li3PO4,2.88423753
BiI3,7.25412341
CdCl2,5.163778123
Ca2MgSi2O7,8.170271773
Sr4As2O,29.64741572
PrCl3,4.503698937
BCl3,0.285813263
DySI,5.09565562
ZnCN2,3.52169256
Ta3SBr7,1.458714623
LiMn3OF5,7.63441426
MgSiN2,4.5050820730000005
BaC2,11.69941966
K4ZnAs2,3.249730147
K6HgS4,4.107345733
Bi2TeSe2,56.3903723
BaMnF4,9.315690793
P2Os,12.41052506
KNdTe2,7.65595367
Sc2O3,21.36424983
Ba(CdP)2,10.85358905
HfIN,4.782603163
SmClO,9.909166197000001
Al2Se3,3.327712133
Pr3CuSnS7,8.803992377
PbIF,31.20615091
CrAuO2,3.1391531130000003
Ag6Mo2ClO7F3,6.92912273
RbPbIO6,5.094069793
As2Os,13.82446281
HoAgSe2,9.589698513
HgPb2(ClO)2,29.60517121
Zn2Bi2O5,48.51863373
PI3,1.2420097
Li5V(SiO4)2,4.46316161
Hg3(SeCl)2,9.55643566
SbI3(BrCl3)2,3.822992537
K3SbSe4,3.085783717
TiZnN2,7.874830900000001
CBrN,0.425450293
PtS2,1.420848097
Nd4S3NCl3,9.67318397
KNaO,8.187855003
Ni(AsO3)2,6.420351787
Ti3TeO8,6.919340877000001
NaV(OF)2,9.751581182999999
ZnGeP2,1.89071591
GaS,2.58863486
LiSiBO4,3.28765102
Sm5AgS8,14.12533475
NbRhO4,24.82241004
SrHCl,5.081810377
YH3(CO2)3,4.39291112
IrF3,0.908091657
TaAlO4,39.41779432
WBr4O,5.96848451
BaNa2O2,18.04754435
As2Se3,3.77477324
KLi2As,4.85762052
CeTh2O6,17.54471515
BaCO3,4.839120913
CrOF3,3.479164567
TmTlS2,15.37604513
KPrS2,8.24064254
B2AsP,0.081557277
RbSb,3.364910913
SrCeN2,47.67130216
Ca3TaGa3(SiO2)2,24.33792599
SeCl,2.536143473
NaH,17.45637507
K2PtS2,3.36104467
Ga2HgSe4,5.21274259
SrHgO2,3.344784953
CuBiO2,14.53041747
YbGeO3,76.55986605
BaZnF4,9.41603574
NaHo2F7,5.23149029
NaCoO2,3.1095715530000003
Na3VH6O7,4.12591272
RbH2N,8.00146047
AlP,2.308951107
BaBeSiO4,5.913083553
BaNa2(SiO3)2,5.356834023
PrSF,9.561062087
ScSbPt,2.2572629
Rb2ZnF4,4.393074757
MgCl2O,2.61630749
SrBeF4,5.069568263
TbAgTe2,8.48423293
Mg2TiO4,12.09112067
Ca(PrS2)2,12.6769754
CaTlF3,87.40542409
KBe2BO3F2,2.90159351
CaI2,2.153748717
CS2NF5,0.86495186
Mo(WSe3)2,7.57185392
YbS,6.37510854
Al2Si2H4O9,3.173164587
RbBF4,2.89026003
Hg3(TeCl)2,13.47851769
K2Se3,3.427655287
RbCl,3.944938197
CaSe,2.305652793
YOF,10.30520148
NaTmO2,14.92941464
KPrSiSe4,4.805587537
NaTbS2,8.548872907
HfZnN2,27.54504591
SrP,4.8726648930000005
P2Pd,1.49990325
RbNdO2,13.20091632
KCuC2,3.08101088
BaSr2Mg(SiO4)2,12.26485442
Dy3CuSiSe7,8.0779534
KMgF3,4.10761233
NdTlTe2,12.12067967
VCu3Te4,1.933771557
LiCuF2,3.144762817
PaTlO3,27.09857125
FeTeCl7,2.43776816
Mg(AlC)2,15.04760295
SnHgF6,5.12892121
Al2PbO4,12.7353675
Sr2InI5,52.61521784
Ca2PI,5.94662736
Y(HO)3,20.90007002
TbCl2F,6.610892033
Ho2Be2SiO7,7.584260687
RbGeBr3,9.12096477
LiSbO3,7.902935683
PrGeBO5,7.372516063
BaBrCl,6.952411373
NaAlO2,3.07176271
NaYS2,7.88535264
Xe(OF)2,1.677133713
K4HgP2,3.112899293
ZnTeMoO6,12.24506199
Na3Ca3AlAs4,7.828103537
LiZnN,9.37273922
K2CuP,4.601352173
KNa2BN2,5.984336742999999
KPF6,2.706678577
InBr3,3.601566527
SmBi2BrO4,18.69426976
SrTa4O,34.62402217
KAgO2,2.31463901
LiTbSe2,12.66140296
Tb3GaO6,9.718094922999999
AcCl3,4.567073617
ScAgSe2,14.23455796
Rb2PtCl6,2.198762963
Pr3SiAgS7,7.62932165
Th(TeI)2,2.554532187
RbSrCl3,12.46085552
TlBrO3,10.85047175
Li4MnSb2WO2,19.78968063
NdB2H,3.82793524
Zn(InSe2)2,3.87953539
Li5CuSO2,5.054984257
NdCuO2,6.99836653
BaAl2(SiO4)2,4.52235488
GeBi2O5,25.26632142
LiMgBi,5.486136447000001
Li2VGa3O8,3.858923153
DyCuSe2,7.436983193
ZnSbAsO5,8.81122922
LiYF4,5.598007837000001
BaSi6N8O,8.01983269
AcBrO,8.7224662
Mg(CO2)2,3.37399267
Ho2CF2,20.97578723
PNO,3.20006046
Pr2Be2GeO7,7.73804757
NaRhO2,3.487175443
MgAs4,3.32920597
As(S8I)3,0.364972703
KCaBi,5.93393324
SrHI,4.2101264
LuSF,9.036741603
LiNi(CO3)2,2.379509397
Te(HO2)2,5.530428917
Ca3AsCl3,5.743040832999999
Mg(AlSe2)2,3.034928223
Al2HgSe4,4.577912453
AlICl6,2.23725892
NaSnN,5.23896226
Si4P4Ru,3.13074433
BeBr2,1.04550873
SbSBr,47.86650119
RbMgBO3,3.472350187
Li4WO5,14.75966724
Ba2HfS4,24.64486162
LiBF4,2.044860573
YbBr2,3.612901937
YN,5.45828899
ScPS4,3.254444687
NdH3(CO2)3,3.896474033
Tl4SiS4,17.98771234
NdBr3,4.156382113
KBiO2,8.69082163
RbCuC2,3.200632573
KAuC2,2.83699847
SmIO,4.194936367
Rb2Hf2O5,10.53685317
ZrMnO3,24.44602143
NaS2,3.838809403
HgCN2,7.055298147
MoCl4O,1.726709047
LiB6C,1.349791577
TiF4,3.42416259
Mn(GaS2)2,3.207712003
NaSb(PS3)2,9.426766713
BC2N,1.082088243
Sm2CdS4,36.5736855
ZnS,3.404169257
KNbSe2,1.3775102
CaGeO3,52.90925678
ZrC,10.92629731
ZrS2,28.26225944
KBi2F7,22.17169888
BaAuO2,9.566195917
SbAsO3,6.3219772270000005
CdSiP2,2.649740903
KHF2,3.789316113
Ba(MgAs)2,7.096966727000001
YAgSe2,12.38826434
Er2Be2GeO7,9.300919897
NaMnCrF6,3.701760583
LuTlTe2,12.44301906
Nd5AgSe8,15.60846974
NdIO,6.641068057000001
Zn2W3O8,8.233845432999999
SbSeI,37.73225505
RbBiO2,7.78053863
TmTlO2,54.00698943
Tm2O3,14.19786876
Na2PdS2,4.799292443
NaPH3NO3,2.87281648
Na2PdC2,4.17424429
NaCrS2,4.694760883
Ge2S3I2,0.922313223
Th2SeN2,13.81352827
Sr(Si3N4)2,8.867655003
KCN,3.98693113
H3ClO,2.603497843
KCl,4.323011813
K2LiBO3,5.804880927
CeZrO4,36.61749273
Li2CeAs2,8.735871797
Lu3AlO6,9.234423993
HfS2,22.22366317
SmSF,9.483461813
KAsSe2,3.193638757
InI3,1.98925528
Ba2BiBr,21.96191421
NbCu3Se4,0.301545327
BeCN2,2.414164057
NaNO2,2.375915973
SiAs2,0.689307517
NbOF3,4.929940993
TeOF2,11.444560699999998
Yb4Cl6O,5.226477187
LiErS2,12.56816775
Li5GaO4,4.95890706
Li3SbS4,1.35729332
SrAl2O4,7.101910113
K2Te2Pt,3.47585456
TmTlTe2,12.29356336
K2S,2.677904163
PrCuO2,7.097653593
Yb(ZnP)2,9.02296065
BaHBr,4.718272183
Lu2CCl2,16.8761988
HfBrN,5.214167123
Tl2O,14.78003914
FePH5CO4,1.46939974
Zn4(B2O)3,4.358465277
Li2BF5,3.57324416
CaTi2,8.51724094
MoO3,12.23379672
BaHgO2,4.05293391
Rb3NbO8,5.340382557
PbClF,14.49063972
CdPbF6,5.180929407
GaS,2.44587702
LiTeHO4,7.27529093
NiP2,2.659236393
AgBi(PSe3)2,10.30833787
InSe,2.772759663
RbCl,2.369261547
BaLiP,15.29491163
AlSiTe3,4.563681517
SrO,13.75764398
MgTlF3,10.21585652
Hg3(SF)2,14.42571871
SbSI,46.85752453
Li4CO4,4.83801538
NaBF4,2.422075677
YBi2ClO4,17.73103652
NaDySe2,8.517987199999999
Sb2S3,56.65957758
TbBi2BrO4,17.15307796
NaCN,3.150586463
MgMnF6,3.20657304
AlCuO2,3.918661097
Y3CuSnS7,8.430928797
HgSe,12.8230206
TlHgF3,44.35778908
Ba3Ti2O7,33.87086189
Pr2PbS4,28.36504847
CS2,0.153612337
Sr2HN,14.11883556
NdOF,10.31717979
Na6BeO4,4.99200494
SiS2,1.262177697
RbH3O2,3.884166207
P2Se5,2.483129857
GaF3,4.222810477
ScCl3,3.625950173
Ba(NdSe2)2,13.28010565
AlAgSe2,2.51658009
Ga2PdI8,1.86111449
Cd(HO)2,7.649540247000001
SmOF,10.16587283
BaTe,18.96576913
V2Te2O7F2,39.42229699
MgMnF4,6.414313787
SiH8,0.17649489999999998
GeH3Cl,1.624641663
CaB4O7,8.362920877
CaC2,5.696003067
MgTa2O6,60.334114
RbLiSe,4.007584973
P2S7,1.225087313
K4HgAs2,2.970225173
AlAsO4,2.5902533130000003
Ba(InTe2)2,4.919557123
BiAuO2,17.79725412
K2PdCl4,1.90935674
HgCl2,3.879067347
Mg2SnO4,7.38377532
AuI,0.976986313
Hg(ClO3)2,3.007792673
NbCoSn,12.39803434
Mn(Sb2O)2,8.14280847
NbFeSb,19.91650623
ScBrO,22.92825336
Li8MnO5F,7.326033027
ThSbRh,6.812139217
Li7SbO6,7.051708087000001
Ca(ZnP)2,9.45439764
Ga2HgTe4,4.452426163
PCl3,0.714993723
KHoO2,10.24950216
HgI,12.3338386
K2SmF5,4.3002054
Zn(CN)2,0.802463933
NaAgO2,3.55958729
TbTlSe2,13.70208169
DyClO,11.28198566
VF5,0.9003902
K2MnF6,3.41874875
Ho3CuSnS7,8.368403577
K2NaAlF6,4.102973037
KYTe2,6.2537674370000005
PbO,78.72343368
TbH3(CO2)3,4.164397947
CuBS2,1.397637033
Zn(GaSe2)2,3.319127437
K2Se,2.45960612
Na2MgSiO4,2.893357833
CdBr2,3.934513883
ZnSbF5,11.43105256
YHSe,5.738319213
SCl2O,0.984069297
Te2Mo(WSe2)2,0.306377153
Rb2NiO2,3.418258163
NaPrS2,11.39367799
CaS,6.508498727
DyTlO2,55.03576057
RbYS2,6.851074887
P4S3,0.31033377
TmBi2ClO4,16.65569301
BaTm2F8,6.81945313
Na2ZnGeO4,3.34535241
BaBrF,4.830067463
S5N6,0.933875133
LiTlPHO3,7.754643702999999
NbCu3S4,0.317191467
Ca2AlBiO5,15.08435911
Be4TeO7,4.111874473
ZrSiPt,3.869497613
Ba2NCl,22.401931
HOF,1.142928593
MgS,2.587006333
Zn2GeS4,3.1816598330000003
NaHS,4.289149877
HgB4O7,9.427922377
TiCoSb,11.20157193
Zn(HO)2,5.53668682
Rb2LiAsO4,4.429561823
TlInS2,24.87614383
RbLiCrO4,2.797541283
MnTlF3,22.24556099
ZrPdF6,4.57214536
SrAuO2,7.80052682
Rb3BiSe3,3.420457763
KAlSiO4,3.719219923
Cd3AsI3,3.88390018
Li2VBO4,6.11834617
CdSO4,5.814516502999999
CoSnC4Cl3O4,1.00906378
SiBi2O5,26.43854407
Al2ZnTe4,2.599989297
CdBiS2Br,26.16678392
ErTlS2,15.29878005
RbAs,3.741746653
LiYbAlF6,4.185094673
Mo2H2O7,11.76855521
Pd(Se3Br)2,2.49334791
Li2GeF6,4.31323471
Tl3PO4,8.82533045
Yb(PrS2)2,11.71584981
SrTiN2,20.02237595
KYGeS4,5.061147987
LiV(PO4)2,11.47060403
YCuO2,5.89482673
AuBrF6,1.746178927
Na2ZnSiO4,3.272807923
VCuO3,2.522885247
Mo3W(SeS3)2,0.10576721
LiCdBO3,4.181194757
KPrTe2,7.698387062999999
H4IN,3.86408747
H4CN5Cl,1.6381358169999998
LuAgO2,5.217638597
SnPSe3,26.09570805
CaMgNiH4,26.4925103
YbTe,5.556268922999999
TbTlS2,15.14476603
TiTl2F6,14.63656534
B2O3,3.423107487
K3ClO,19.77666627
Y2Be2GeO7,9.04602212
RbInTe2,3.446520097
Hf2SN2,14.94870101
GaI3,1.29801672
ZnPtF6,2.686314807
MgSiO3,11.89233735
NaLiS,5.418866867
Rb2PbO3,5.656009797
TmBi2BrO4,15.94851591
Li3N,7.709725102999999
NbI5,17.30656793
BSb,0.558124673
Lu2(CN2)3,5.335101077
HgN3,8.70884405
Ca(HoSe2)2,8.849171853
KAlF4,6.508735063
Ga2Te5,9.2571586
K4CO4,6.640596767000001
HfNCl,5.7831688670000005
Li3NbO4,13.39321521
GaTeI7,5.098942623
Rb2HfF6,4.824184773
KNa(BH4)2,2.30486445
BaHI,4.973142287
UF5,3.145403787
SmOF,8.973308863
Yb4Sb2O,17.50108597
ErTlSe2,13.7538299
Na4SnS4,4.192471457
Ca3CdO4,11.26792267
K2ZnF4,5.351940137
ScAuO2,7.362496007000001
Mg2H2O3,5.475124172999999
Rb2BeF4,3.92675374
CdHClO,4.838869483
IrI3,0.41246394
LiGaS2,2.8184323
ThSeO,16.72626991
K2HgO2,2.951260243
Ga2PbO4,16.05063961
K2PbO3,5.00628076
AsCl3,1.138878463
TbF3,7.68617538
PbIBr,30.16476145
Si3H,0.38353936
KTmO2,9.58513619
Li2MnPO4F,8.420983643
Nb3Sb2Te5,3.0303005730000003
H(CO)2,4.37628433
Rb2O2,2.972029553
CuB(CN)4,0.1703829
Ca3AsBr3,5.58562343
Hg2P2S7,6.534286452999999
HfZrO4,25.94717223
Er2TeO2,8.45137493
Mg(ReO4)2,1.80492731
TaBe2Rh,26.35245634
Sm2SO2,8.588537307000001
B2S2O9,2.6242687
CdS,2.857055623
Na4CrO3,7.823786737000001
Cu2WS4,0.3341654000000001
Ag3P,0.53055713
LiTmO2,32.00742825
RhBr3,0.5556991029999999
Rb2Se,2.440110483
Ga2TeSe2,2.859326357
TiZnF6,6.628268077
LiGaSe2,2.75553759
YbSe,3.164144253
BiI,7.748758863
SnC,3.926732677
K4Au6S5,2.751200143
RbCaCO3F,5.07971513
TbCl3,4.58567728
SmH3(CO2)3,3.962747793
B2S3,1.284666023
Mg(BeAs)2,9.22088115
K4I2O,3.429678567
Na6MnTe4,4.894448227
RbSmTe2,7.175343353
TlN3,12.93215059
HgHOF,5.221150327
Bi2Se3,52.77680841
Mg2PN3,5.35318485
SrHBr,5.26014081
TbBi2ClO4,18.85877412
W3(Se2S)2,4.505941623
Zn2Sb2O5,18.10121601
LiZnPS4,2.835782857
MnTeMoO6,13.41038937
NaSbS2,18.61012481
Rb2ZrCl6,3.877667457
LiSbTe2WO2,20.36220689
Zr(MoO4)2,8.4071774
KSbS2,11.23382008
AgH,2.849540963
CrBiO3,27.48521164
HgPbF6,6.836078327
MgI2,3.531202193
Rb2Te,2.169363747
AlF3,2.989087693
ZnC2S2(OF)6,1.86554041
MgGeN2,4.272015653
YCl3,2.81190188
BaAl2O4,8.655814832999999
Nd2SO2,8.839363317
BH6CN3F4,2.157790383
Rb2GeF6,2.682795243
Sm2PbS4,27.23562093
NaNbS2,1.586760327
TmBrO,5.254489063
Ti3MnO8,36.97339788
YbI2,2.070969373
TmAg(PSe3)2,5.04901774
Zn3CdS4,3.578014993
NaAuO2,3.359076047
LiInTe2,2.861130567
MgO,7.147493317
LuSBr,5.61740665
K2Se5,3.53552147
HgSeO4,9.188660113
Ca2SnN2,10.39113852
HS7N,0.264746193
BaSr3O4,28.13433638
AgNO2,3.79652072
SrGaSiH,6.31081466
Sr(MgAs)2,6.264978202999999
TiSnO4,50.97147228
ZnPdF6,2.953414053
Pr3AgGeS7,7.828671992999999
HfBrN,9.8295235
Zn4B6SeO2,4.49683582
BiSeCl,24.28399844
SnS2,4.58519822
LiYSe2,14.09395844
VCu3S4,0.38514473
Sr(BiO2)2,10.49862581
K3AsSe3,3.516031673
NaSrP,9.86568182
Zn3(PS4)2,3.390941633
LiZnP,6.647600387000001
BNCl2,0.265743337
SrAlSiH,6.54463005
RbAcTe2,19.90487814
NaLi3(H2N)4,2.903691383
SrC2,5.69951372
WOF4,1.870695357
Ca4P2O,20.40416834
LiAlSe2,2.350867083
Na2Se,3.125654597
Nb3TeCl7,1.681257767
InGaS3,5.01030052
DyCl3,4.644427917
KGeNO,4.41427842
TiZnSiO5,10.67459727
NdZnPO,11.02352949
KUO3,13.35570329
InPbCl3,12.18327774
YTlTe2,11.4908276
IO2F,8.184278347000001
Tb2YbS4,12.12082652
Pr2SeO2,8.73281242
FeN3ClO3,0.544065647
RbI,3.591362233
Rb2Pd3S4,3.25059546
NdBi2BrO4,20.39983308
RbDyS2,7.297568507
MgSnP2,2.67025461
SiSe2,1.363418583
Zn(SbO3)2,21.85275201
ErBi2IO4,16.61823397
DyTlTe2,12.19431026
BaHCl,4.724779713
KNbS2,1.4047885969999998
Bi(BO2)3,5.778680037000001
HoTlSe2,13.9961186
RbLiS,4.361869797
AlSbO4,7.103866423
LiNbS2,3.026678533
Na2GeO3,3.316517433
P2Pd3S8,0.82841759
TeWSe,0.275367773
LiCaAlF6,4.28767063
BH3OF4,2.645278517
ErZnAsO,16.97520614
RbHoO2,11.12106397
YbB4O7,8.422775912999999
SnB4O7,15.56451438
Ba2SbAu,11.64954075
Ge2N2O,3.758648117
Pr2AlNO3,23.15078713
FePb2(CN)6,7.469167562999999
Rb2O,5.772034457
NaScS2,9.715329837
KPH2SO3,3.284627603
BaLiAs,13.17569648
LiAgC2,1.471108233
MoW2(SeS2)2,0.097657187
KNdGeS4,5.1216850130000005
BaZnSO,9.685590233
LiVPO4,6.985508962999999
NaGaO2,3.376253957
KSrCO3F,8.585171333
Mg2ZnAs2,15.88621093
NaInS2,9.33121746
GeSe2,3.898121283
BaHfO3,29.80770288
BaAlSiH,5.67507378
BaSe,7.531879027
SbTeI,26.75646714
Li3BePCO7,5.794692397
ZrZnN2,31.4224215
Li2Si3NiO8,5.745265997000001
P4S5,1.134264723
BaMgO2,7.78643335
Li2GePbS4,35.68636683
Sr7(HCl)2,5.58948411
As2PbO6,12.59610163
VO2F,3.31621123
NbBr2O,10.60972553
SrSiO3,18.77445108
KErTe2,6.713561333
RbHF2,3.76375667
Cd(GaTe2)2,3.162153207
BaI2,7.06413917
Rb2SnO3,22.04731997
TiGeO3,27.05269489
NaSrAs,9.155895382999999
LiDySe2,12.42884333
CS2NClO2,0.955235607
AgI,10.33958266
BaGa4S7,7.18927724
Ca2AsI,5.881516257
Ag3AsS3,7.672164723
KAgC2,2.09094536
FeSeCl7,2.770941537
K2S5,2.939203067
W2Se3S,0.10411553
KSmS2,7.84088333
CuSe2Cl,52.93797414
As2SO6,9.184409007000001
TlI3,14.29902632
RbErO2,10.83518716
BiIO,36.31134147
Tl3VO4,15.23287189
SmTlSe2,13.66956466
Li2CrO4,5.031712883
RbPbCl3,13.38500284
Ga2TeS2,2.86474903
NaDyS2,8.42644851
K2Cu(ClF)2,2.777974843
Al2Si2H4O9,3.173223363
MgBr2,2.87534445
KNaThF6,5.30164156
Cd(InTe2)2,3.43523479
SnICl,36.34870774
Tl2Sn2S3,63.46253106
K2NiO2,3.1605781630000003
BaBe2Si2O7,6.01615759
KNdO2,12.09812081
Sc2CCl2,16.33359471
YCuO2,5.892501713
Br2O,6.031457067000001
KCrS2,3.637740017
CoCuO2,1.34897822
RbMgF3,3.742102663
InBr,24.52306714
MgAgF3,13.67440309
InClO,4.132995803
NaCdF3,3.609106997
NdBrO2,8.953384727000001
BaCaI4,9.15301466
CuCN,0.80116471
DyTlSe2,13.73865094
Ba2CuBrO2,4.060693157
Pr2PbSe4,28.84434634
YbMgNiH4,38.55868629
RbAlF4,4.440118533
Li4TiS4,2.4717864
MoSe2,2.155673727
NdTlSe2,13.61770907
BaB2F8,4.41398902
LiYF4,6.205085607000001
AcBr3,4.395448807
Au2O3,1.07758396
Au7I,3.339751777
BaLiH3,9.90294605
GaBr3,1.255140117
Na2SiO3,2.96350016
BaCl2,4.03170258
AgClO3,8.48287263
H2O2,1.16443405
Zn(InSe2)2,3.69593982
K2SiF6,2.804273717
KTbS2,7.412165292999999
Sr2H6Ru,6.19796551
KH8N3,3.41326872
BCl(OF2)2,3.530471747
HfTeSe4,36.52115322
CaH2(BrO3)2,4.21343046
CaH2(ClO3)2,4.376172477
Rb2Zr2O5,15.98780876
NaTlO2,9.042487933
CaH2,25.45198659
SrBe3O4,5.4758899770000005
ZnCoF4,12.71429086
Er2SO2,8.34711645
HgSO4,9.249530417
NaCaAs,3.842834987
ZnO,23.45728409
SrB4O7,6.221049552999999
Li2TiTeO6,15.69846958
Rb2H6Pt,2.443380093
ZnPS3,9.146012757000001
Ag3SI,6.376478803
PdBr2,0.31667907300000003
Hf(B2H3)2,0.46943791
BiClO,32.12827608
RbSrCO3F,4.535579693
AlCuO2,3.913004787
LiGaO2,12.87828303
Tb3BWO9,10.82935689
KBrO3,3.446968263
BeSiAs2,0.930326813
DyZnPO,10.69096127
NaF,2.9388264530000003
Cd(GaSe2)2,3.502610447
TeRhCl,3.96785017
K2NiF6,2.290508307
NaPrSe2,9.609217987000001
SbIrS,4.97447694
RhCl3,0.5782120629999999
TiCdF6,5.624262033
LiAuF6,2.429381097
IOF3,5.440339373
CdPS3,5.230778207
Cd(InSe2)2,3.951381107
Li2TeO4,5.719553563
Hg(BiS2)2,33.40495057
Li3VO4,3.3786883000000003
BaTe,6.268466687
BaAl4S7,7.08377876
Ca2BrN,8.256257307
Y2Be2SiO7,7.645150782999999
RbSmS2,7.800254382999999
Sr2CdAs2,7.397478283
LiAsF6,3.170454753
BiSeBr,23.71140481
KNiIO6,3.221446227
RbV(CuS2)2,3.076842347
KErS2,7.01585039
LiH,11.79188494
Li2CdGeO4,4.018651397
NaLuS2,7.641515983
Nd5AgS8,14.56090353
KLiTe,3.645494193
HgF,9.983836277
Pd(SeCl3)2,2.256784307
SnF2,14.01698093
BaBeF4,17.357927800000002
H6CNF,1.95886162
Zn4P6N2O,4.64498356
BaSi4O9,5.183112933
Rb2PtS2,3.118365117
BAsO4,3.917761757
LiMnO2,7.425742372999999
KCaSiHO4,6.62424361
AgHgAsS3,10.65366832
Ta(TeBr3)2,8.299845357
BPS4,1.236420383
K3BrO,8.54192074
YBi2IO4,17.1219412
K4CdP2,3.073681853
Sm3CuSiS7,7.564338932999999
GaP,2.1520167000000003
Er2O3,14.53281555
MgPSe3,2.878516693
TcS2,0.321519357
Tl2SnF6,14.45910815
PbCN2,28.79666452
Ca3AsN,26.3640238
Ge2N2O,3.57249278
Li2NiPO4F,5.641667967
K3IO,5.132185517
KSmTe2,7.37675715
SrBrF,5.252929303
NaGe2N3,4.6699162
KPrO2,12.83772185
CaO,5.6533444
Ca2SiB2O7,6.090209663
K2ReF6,3.847985347
SiPbO3,89.13932698
KInO2,6.27612605
NaPN2,5.644573952999999
Be2C,8.553031667
Mg(BeN)2,7.684458273
AgB(CN)4,0.624045823
BrO2F,1.84310723
MgGeO3,19.72793943
Cd(CN)2,2.09998159
Li8TiMn3O2,16.469015
Dy5AgS8,14.89214433
Mg(BeP)2,8.826628363
IrBr3,0.423309243
Sn(WO4)2,4.679347727
Cd2BiAsO6,11.42488587
K2ErF5,4.065879713
CaZnSe2,3.41922087
ScCoTe,7.746870177000001
Mo3(Se2S)2,0.51483989
AsI3,10.21133524
Sr2SbAu,9.482704553
KHoBeF6,4.730204537
Tb3CuSiS7,7.900263963
Dy2PbS4,29.45260396
Na6ZnSe4,4.763415967
Li3CuF4,3.91075972
Ba3Bi2F2,9.608612243
Ho2SeO2,8.279034857000001
HfFeCl6,3.656006133
Pt(SCl3)2,1.773267793
KGeBr3,33.93695903
BaO2,9.638193267
KF,5.943415663
Ca(SbO3)2,9.013807403
NaCrSe2,4.58776325
KC2IN2,2.659380217
Mg(InTe2)2,3.15868044
KYS2,6.805964107
Mg(HO)2,5.98274971
GaAgS2,3.1039342530000003
Ca(NdTe2)2,12.4453545
RbMnF3,6.40195109
CClF3,0.431798427
KZnF3,6.63648203
CdSnF6,3.908691457
Li3Sb,13.06317161
Mg3NF3,5.86866424
HoSI,4.996060003
PtI2,1.362305687
MoW3Se8,0.147899353
KNdS2,8.17643663
H8(NO2)3,4.259244733
PrHSe,6.593377263
TlCl,11.59852296
NaSbO2,12.43687262
NaNbSe2,1.739115203
LiYMo3O8,8.97467031
S2N,0.84145035
LiHF2,7.0637099370000005
Tl2ZnI4,7.355951782999999
AlF3,2.280175543
AlTeI7,4.18131237
BiSI,27.83743686
Na2AgAs,7.846684287
SmAgO2,6.099250353
IBr,9.83781575
LiSbO2,5.55215857
Ca(MgBi)2,7.203076587000001
GeS2,3.165763033
ErTlTe2,12.25848281
KrF2,1.160212377
Ba(MgSb)2,6.32561723
BiBrO,32.10536957
UN2,54.56966881
DyAgTe2,8.460391623
YI3,2.904817007
NdClO,9.56665372
Ba2AsAu,14.9735991
LiMn(CO3)2,3.541318483
AlSCl7,2.663253337
Y2TeO2,22.32770878
K2MnF4,7.44748935
NaH,6.598420299999999
YBrO,4.22548236
Rb4SnO3,5.260943383
BaO,38.79258689
SmTlTe2,12.00670595
TiSiPd,4.862917063
Sr4P2O,33.19377241
NbBiO4,18.65508482
Pr4S3NCl3,9.59965701
HoClO,11.54726674
BiSBr,26.13341694
RbTmS2,6.964325933
CaZrSi2O7,8.326382792999999
SO3,4.047943727
ZrCoBi,9.63407886
NaAlO2,5.4409478170000005
GaCl3,1.5625235030000002
Dy3CuSiS7,8.055146882999999
S(IO3)2,17.53897764
MgMoN2,4.32087822
SrAl2B2O7,2.9180558530000003
Sr2IN,9.252042867
Sr(ZnP)2,8.77747723
LiErO2,20.3698688
K2AgAs,4.372513897
ZrBrN,11.21760177
Rb2ZrF6,5.204539403
Ca2SiO4,12.22794052
CdBiClO2,10.56216621
ZrS3,3.423644983
Y2SeO2,30.452715
Sr2H3I,7.22822505
Ag2HgI4,4.035744347
PbCl4,2.095467697
K6CdTe4,3.33049383
AlSbI6,1.821794247
KPrGeSe4,4.982702277
Li4MnSi2O7,3.585068103
Na2BeF4,2.294432763
BaSiCl,6.143108663
NaErSe2,8.216007627
Sm2PbSe4,28.14776624
TlBr,10.74334539
BaZnCl2,22.01574585
SrH2,20.79151347
YBi2BrO4,16.77264871
Mo3WSe8,1.920590003
TiBrN,42.08224013
Ba(H2O3)2,22.82822913
Na3MoNO3,2.3737029
HgBr2,6.67144905
PtO2,2.075327413
PrBr3,4.359313453
SrCa(CO3)2,5.41615861
TiSnPt,5.489084117000001
TmTlSe2,13.99622062
BiI3,6.585756462999999
NaBr,3.25717667
UCO5,3.664854413
LiCrO2,10.57776682
TaCu3Se4,0.283301527
Bi3BrO4,25.78574102
NaSmS2,9.083655963
BeS,2.071387967
As2Ru,14.15807643
KI,4.46335221
KAuSe2,2.686819903
BaNaH3Pd,8.91636013
NaDyO2,15.91439241
ZnNiF6,3.162470663
LiNbO3,33.274359999999994
KTlO,4.76875292
PdF4,0.7523174429999999
AgCl,6.730242353
LiCrP2O7,10.03171598
CoHgC4(SeN)4,2.07502371
KBi(PS3)2,13.41190743
Na2ThF6,13.50003924
RbBaSiHO4,6.016317503
ScCuS2,9.85618942
Li2H2SeO5,2.0359485
K3Ta3(BO)2,30.58919748
MnH4(BrO)2,5.33686418
LiTa2CuO6,55.18323473
Al5CuS8,4.789103063
Zn(GaS2)2,3.32664626
Ga2S3,4.311262347
ZnGeN2,4.80305776
CdI2,5.573786147000001
KCl,2.33939358
SmTaO4,35.81586912
KErO2,9.91872086
Li2NbOF5,6.527479812999999
CaSnF4,30.19726717
P4PtF2,1.061970853
SNCl,2.574796093
Zr3GeO8,19.09197818
LiC,2.90887466
K2PAu,5.974551693
LiSb3P2,12.95343162
KBaSiHO4,5.96010009
Mg3(HO2)2,6.076093823
NdBi2ClO4,22.20551512
Na4S2O5,4.533237003
Na2CN2,3.5778408
RbTlO2,8.750910023
LiHF2,6.885464582999999
LiLuO2,23.00054245
Ba2BiAu,10.68386232
Li6FeO5F,7.0156209
Ca4Al6O3,12.27169881
UCdO4,16.62577353
KTeHOF4,5.17369805
WSe2,0.159726587
SrCuSeF,7.916313753
Sm3SiAgS7,8.05628553
NaMgSb,8.1889153
Yb(NdS2)2,11.66021121
Nd2Be2SiO7,7.073271747000001
Ga3PO7,6.1728521270000005
ErSF,9.978106803
Rb2LiVO4,4.366319197
LuIO,8.687206387
ClO3,22.1942638
AlH3,6.9167380000000005
NaInO2,6.507476092999999
HgS,8.421214817000001
BaCrF5,5.502460973
NaNiIO6,3.49239973
RbI3,3.61318907
Zn(InTe2)2,3.44330651
Li2ZrTeO6,16.92740398
SmZrF7,5.282051427
LiAuO2,2.6118559130000003
SbAsO5,4.88931376
Al4C3,9.77514493
LiScMo3O8,10.14286099
GeI2,9.9744312
AcTlTe2,45.37225399
AgCl,21.44200862
CdPtF6,2.44698026
Rb3NaBe2F8,6.7145893370000005
TiMn3O8,17.06862687
LiMgH3,7.265509333
LiCuSi2O5,3.84469397
LuTlS2,15.50795733
K2Pb2O3,5.396537357000001
Ca2Ge,7.190383527000001
Yb4As2O,18.80697796
Sm3CuGeS7,8.042107433
GaCuO2,4.480492277
LiInP2O7,3.763970577
RbYbF3,7.266345227
NaHF2,3.310781373
BiSbO3,30.43696589
CdTeMoO6,19.90915883
VCu3Se4,0.531050503
K2GeF6,3.922642193
NaBrO3,3.442221623
Y2SO2,8.746554413
KClO3,2.9024047530000003
CaPtF6,2.430229227
SrClF,5.21744383
Tl3AsS3,12.87410352
TiNCl,50.37279978
Cd(GaS2)2,3.575408007
SrS2,4.3186565
Li2CrP2O7,4.101508877
HoTlS2,15.24358159
GaSeBr7,5.064485033
HgNO2,5.149325683
FeCl2,2.02313632
NaLuO2,15.08685843
ReNCl4,2.144160283
MnAlF5,6.24777587
CSO,0.23799017
KCN,2.21367731
K2PdF4,2.351337743
TiSiPt,5.08388261
PdI2,2.186886233
Zr(MoO4)2,12.9906471
Yb(YS2)2,12.57853807
HoF3,7.99769509
Li2CeN2,18.40111301
PbI2,10.21935035
SiS,0.56880783
Pr2TeO2,13.33822799
KF,3.337626117
Al(IO3)3,4.91212017
Ho2SO2,8.409358887
Li2PNO2,3.447743717
XeO3,9.00426487
PrIO,6.557234093
H5CNO2,2.404636577
RbAuC2,3.884282743
KAcTe2,16.37683489
RbPbBr3,14.54698908
NdTlS2,15.3733799
NiPbF6,7.371542343
TmClO,5.033692047
BeI2,1.05772361
AlAgO2,5.29319592
Zn(SnO2)4,6.840276757000001
Bi2PbSe4,52.81435935
KHO,5.108936413
KYO2,10.08740263
Mg3Si2H4O9,2.98728853
Dy2Be2GeO7,8.832193957000001
RbAgO2,2.393382813
Ba2YF7,9.96920149
Na3ScF6,21.53617607
Ga2PdBr8,1.563327727
Rb2HgO2,3.1977697
AlN,14.57232258
H2C5N2O,1.70180735
LiV3O8,20.21138119
K2CuSb,4.88559343
LiScS2,13.53868704
Cu2SO4,3.22469471
LiNbSe2,3.17009741
Mg5(HO3)2,6.452244117
HoTlO2,53.99707155
NaLi2Sb,7.99766457
Rb2S3,2.817522557
KSmSe2,7.63759437
NdCuTeO,9.86631145
HgBr2,8.014598377
RbErS2,7.134285072999999
PAuS4,1.482929963
SeOF2,2.307507257
K4Br2O,5.422950162999999
Ta(ICl)2,2.382157727
LiI,8.96342671
Li3BrO,8.066784847000001
TbSF,9.687743947000001
AgBrO4,5.191200033
ScIO,12.76506067
LiAlO2,8.7471941
Li2AlVO4,4.79727602
Th2HN3,31.9267407
HfS3,3.402701727
Al3GaN4,4.069198457
Sm3BWO9,10.57659271
ZrSiPd,3.60932038
RbPrSe2,7.817198042999999
Pr5AgSe8,17.27782827
KLiZnS2,5.50291339
Pd(Se3Cl)2,1.962626343
Sr(AlCl4)2,2.08982616
Dy2TeO2,15.28109615
HoBi2IO4,16.89001033
S3(NCl)2,6.746938472999999
NbCl4,3.07889516
Ca(MgSb)2,6.617456313
SnH8(CI)4,0.441618227
ErTlO2,54.94346508
K2Mg2O3,4.465955837
SmBi2IO4,18.92641425
Cd(CN)2,1.30877303
CdCu2SiS4,2.740220423
NaTbSe2,8.583418107
Sr3TaGa3(SiO2)2,11.20610354
MgSe,11.95940631
Nd2TeO2,13.52803074
BaHfN2,19.20089964
BeSnAs2,1.998480767
NbTlBr4O,9.590545
AlAgTe2,2.054165267
YbC2,5.857025307000001
KSmF4,4.84883689
Ca(PrTe2)2,12.3308248
Ca4Mg3H4,9.698043157
SiF4,0.734543113
RbCaSb,4.9972437
KMgH3,5.731144793
Li7SbO6,6.33717855
TlS,42.63581691
MgSiAs2,2.14530048
Tm2SeO2,27.59473113
B4PbO7,11.85266414
ZnCdSe2,3.717438363
TeO2,16.19011387
Ba(BS2)2,4.146030413
RbLuS2,6.71328624
MgSiP2,2.447971003
Nd3SiAgS7,7.780383863
RbAlF4,4.15755624
KH,4.5727539
TlGeF3,16.44874749
Ca2H3Br,9.580616397
MgPdF6,2.29528305
AsF3,2.86951922
BiTeI,15.07101699
TlCd(NO2)3,6.661848142999999
TaCu3Te4,0.43588637
SbF3,10.13233754
CeO2,20.30340121
CaNiF6,3.103745853
Ba2H6Os,6.37394016
Rb4I2O,3.90726618
LiSmS2,21.04590129
SiC,3.375114487
Na2CdSnS4,3.266305687
NaPrO2,16.15426234
Sr(NdS2)2,11.97995311
LiDyS2,16.09689372
CaClF,6.921468833
Sr2H5Rh,6.268088303
LiFe(CO3)2,7.064055653
NaScO2,11.9474513
AgBr,6.983453152999999
Na2O,3.82691448
LiCaAs,3.816613623
Pd(SCl3)2,2.24502354
Ca(CdP)2,11.73908657
RbIO3,3.976291393
Sr7(HBr)2,5.79047201
Al2Si4O,2.532216273
Nb(SeCl)2,1.29738588
Li5Cu(PO4)2,3.3550898630000003
K2Pt,3.0308942
Sr4I6O,5.312207707
MgCN2,9.87816091
AgAsO2,4.57277589
SnH4(NF)2,3.511126577
CO2,1.569489853
ZnSnF6,4.218087003
CaHClO,4.053131197
Mg(AlS2)2,3.323326417
ScNiP,3.4304124330000003
Nb(SeBr)2,1.056516697
CaSiO3,18.43619228
Na2PtS2,4.889949237
TaBi3O7,53.69052058
LiN3,6.290364062999999
PrBi2IO4,21.57875935
RbLiCl2,5.394091167000001
NaAlSe2,7.20292332
ErSeI,5.836382687
Ba(PrS2)2,13.563506699999998
LiHoSe2,12.23949635
BaTe3,13.72153912
NClOF4,12.58820965
Ba2CuClO2,4.31439772
PbF2,20.73654384
Dy3CuSnS7,8.224955713
Na3Mo(OF)3,3.614158883
AgRhO2,1.6752824030000002
KYSn,8.400387633
CaBr2,3.88922629
Mg3ZnO4,9.874148027
NaClO2,1.948773377
Ba4Cl6O,4.542757737
Li2Si2NiO6,3.932739637
BaGaSiH,5.835426312999999
MnZnF4,15.05138415
CaGaBO4,4.12518863
Na5Li3Ti5O4,29.01085076
MgSnF6,3.088764733
H5NO,1.722465677
LiSiNO,3.99122386
TiF2,3.5342238530000003
SrTe,18.88403318
Na2PtSe2,5.370770993
BeGeAs2,1.160116997
YCuSe2,7.049884143
CdSiO3,25.36622839
Ca(NdS2)2,12.63982644
HoBi2ClO4,17.34982721
PbF2,21.07502396
V2ZnO6,15.89783415
K2PtF6,3.209715833
Tb2TeO2,14.83464324
AgHgSI,6.41618879
Sr(YS2)2,14.97126426
SrC2,12.18567053
HgF2,7.092222047000001
Tl4GeS4,19.53892932
BI3,0.28507567
BaNaP,11.18332014
H4C,0.012350257
SrCuSF,9.308279547
GeF2,19.01234158
Na3PO4,2.355152837
Ca4As2O,17.19046432
Sr2ZnN2,10.13385691
Pr3CuSiS7,7.195957132999999
SmBrO,8.075436657000001
BaSi3SnO9,4.702401543
Ga(IO3)3,5.32592443
YbO,11.73895974
CdPdF6,2.686614767
RbBr,2.136545587
Li2CrPO4F,5.548178103
Li2MnSi3O8,3.62246682
AlPS4,1.207268787
NaSm3SiS7,8.636173217
H4NClO2,2.410670567
NaInTe2,14.65061917
BeSiP2,1.161515273
ClF,2.0064627930000003
NaHoO2,15.64484709
SrMg2N2,11.58130385
TiMnO3,27.09106332
TiMn2O6,28.42635675
HoHSe,5.463363437000001
BeSO4,1.97442098
SbO2F,8.057051933
K2AgP,4.618974457
RbUO3,13.53626544
GaB3N4,4.42877689
TeAuCl7,2.187834297
RbCd(NO2)3,3.487498663
BeGeP2,1.248644423
PrClO,9.354318847
TlSbS2,25.83549027
BeTe,1.197625093
NdBrO,8.854678267
BeSiN2,4.08360202
Rb2MgCl4,3.94574476
MoW3(SeS)4,4.76191958
ScHO2,8.950403413
Ac2O3,19.05896422
Li8SiO6,4.278601157
YAlO3,11.57307041
KCrP2S7,16.12481644
Tl3VS4,11.72543427
CrCuO2,3.26981215
LiMn(PO3)3,2.66586861
Fe(SiP)4,3.622314133
HgIBr,8.67912131
Pd(Se4Cl)2,2.37328206
CF4,0.380022543
LiV(PO3)3,2.1976216
ZnB2(CN)8,1.341271063
Na2H4Pt,3.322194613
H2SeO4,2.58470641
ErBi2BrO4,16.26132977
NaSmSe2,9.0811009
Mn(SbS2)2,43.59350485
RbHoS2,7.178483383
ThSnPt,1.68668348
BH4O2F3,2.260694683
RhF3,2.07424002
Rb2PdC2,5.326406
PrZr3F5,9.804864582999999
Li3Mn3OF7,6.016408273
Pr3SiAgSe7,7.327859113
NaAlTe2,9.23447103
Yb4Br6O,5.564323683
KHCO3,2.684541937
HoCuO2,5.96155268
Yb(HoS2)2,12.59649153
Ti(CuS)4,1.03724905
HfSO,8.853182803
BaCaAlF7,6.056321947000001
WSe2,0.065717997
SrLiP,11.79622522
TlBSe3,12.06683608
KLiBeF4,3.052563083
RbBr,3.722280053
ZnSe,6.1258452000000005
SbTe2F6,4.73179325
SrHClO,3.701378627
Ba3Ga2(GeO)4,6.945283323
PrTlTe2,12.0804025
NaCN,3.602803107
Nb(PS4)2,1.290639347
YOF,9.198749067
RbHoSe2,6.935679232999999
TlClO3,9.675860587
Na3AlF6,5.092025843
Li7NbO6,10.29580647
Li2CaSiO4,6.275175417000001
Na2NiO2,4.019337917
RbNO2,4.684202647
NaY3SiS7,9.383400613
Nd2TeS2,8.546930592999999
Sr2C(NCl)2,3.929707507
BrF3,6.095085437000001
Tl3AsSe3,12.85474765
Yb(SmS2)2,11.65010649
Te2O5,11.81546534
Cd(AgI2)2,2.172251643
H2C,0.024717647
AlTlF4,19.788171
Li2SiO3,3.49312464
Nb(SCl)2,1.17271317
SrCN2,4.367023037
KTlO2,8.231356457
Ba2ZnF6,11.82022377
InSnCl3,24.43795596
KMgP,5.14933103
Tb2SO2,8.458020417
SeBr,3.66808505
SmTlS2,15.22606123
SrMgH4,8.89853189
Ba2ZrS4,33.28088894
P3N5,5.22624862
Rb2ThF6,5.1817698
Li3ClO,11.83387746
Al2CO,6.188266402999999
LiCl,9.094879527
CIN,0.442581373
KAuO2,2.397737807
AlBr3,1.309760147
LiHoSe2,14.94820485
SiH4,0.33724986
LiSi2N3,4.428355267
AlHO2,8.470873857
Sr2SnO4,22.2304484
BaO,11.74988908
