pretty_comp,dfpt_piezo_max_dielectric_ioonic
K2O2,2.56611389
HgTe,17.38697378
H4NF,1.78211899
TaTlPt,27.55974855
TmAgTe2,13.33205085
Fe(HO)2,6.239122227
Na7NbO6,3.43949021
Sm2SeO2,5.581301917
Al6Cd4SO2,3.27594559
NaSmO2,3.71069011
Rb2NiF6,2.37034093
KHS,2.8920042
Na5MnO4,3.64689164
SiP,9.36672463
SrLiAlF6,2.016619217
K4CO4,2.73928242
AlGaN2,5.1432795
CaMg2N2,5.641533657
Yb(DyS2)2,7.661801027
WCl4O,4.74231989
KNa2Sb,8.68228473
BaBAsO5,3.10614805
H4BrN,3.13660174
SmBr3,4.485872373
AlI3,3.995208587
SrH2O3,2.781338543
Sm2Be2GeO7,3.79663575
V2MoO8,6.342217643
MoWSeS3,8.918999527
RbSrSiHO4,2.799778173
Li7BiO6,3.733200007
BiTeCl,9.30480896
BPO4,2.617043633
ZrSeO,12.53604965
CaCN2,3.36852749
Mg2Al2Se5,6.058546333
TaCl4,4.283032283
NaBe4SbO7,3.28384821
BaAl2B2O7,2.48888692
RuO2,17.44054228
Na2H6Pt,3.28717545
ZrSiO4,4.566268703
UTl2O4,5.834697097
KAg2PS4,5.956839567
KInTe2,8.20917533
LuTlO2,6.69070016
KTa(GeO3)3,3.259306197
InBrO,4.269298643
SrAlGeH,13.52581335
Li3Sb(PO4)2,3.5192867530000003
InBi2S4Cl,10.44965874
TaI2O,7.124312427
DyBi2ClO4,5.54410226
Na2H4Pd,3.501364837
Li2Si2O5,2.506258097
NaSmTe2,7.73198629
ZnSeO4,3.78765706
YAgO2,4.855894807
Dy2SeO2,6.57575575
Rb2Se3,6.55906988
BaIF,3.687544107
Li3AsO4,2.812934147
TlIO3,4.787094393
LiNbO3,5.560598193
BBr3,3.0640982930000003
ScOF,3.917997237
CaZrN2,10.31233357
BAs,9.674965343
Na3BrO,3.18045545
Na3VO4,2.670694957
HoTlTe2,10.00888386
TlSbSe2,18.14547561
TmTaO4,4.71910233
V2O5,5.35698378
ZnCl2,3.135427253
LiMnSiO4,3.695637687
Mg2Sb2O5,5.527278417000001
NaN3,2.40471513
Ta2ZnO6,5.627057657000001
Te8Mo3W,11.02816135
Ba2Sc2O5,4.440951827
RbTbSe2,5.57602307
RbF,2.31295758
Sm3CuSnS7,7.971996827000001
Nb3SBr7,7.09063847
CuCl,6.62538649
CdCl2,3.518302453
GaBN2,5.43003414
ScCuO2,5.76014767
BiTeBr,10.55148583
ThO2,4.74968661
Na4SnSe4,5.019188097
BrCl,5.784393132999999
RbAgSe4,8.449852343
SiAs,11.39231376
TlZnF3,3.33359983
U(BiO3)2,7.98844591
BaS,4.87845249
BaZrO3,4.78264969
NaBeAs,8.10089876
Pr2SO2,5.206073427
NaClO3,2.41641952
Hg3(TeBr)2,7.62104783
SbBr3,4.7178525030000005
HoIO,4.796417843
Ca2IN,5.64162603
RbCaBr3,2.960844497
KMnPH2O5,2.826626043
Sr4CaCr2(SO3)2,5.93441438
K2PdBr4,3.283918953
BrN3,4.88416138
Ba(BSe3)2,6.65357848
CuRhO2,11.32427419
Te2W,10.52713646
NaAuC2,4.888049003
K2Te,3.5348
Zr2SN2,9.4710642
K6MnSe4,4.159103053
Li(CN)2,3.5418662430000003
TlAgI2,6.57242553
Na4CoO3,3.823137483
NaTlO,7.635515327
Tm2SO2,5.044079483
CaC2,5.153243523
Li4MoO5,4.378204477
MgSiN2,5.102086503
H3BrO,2.828154877
Sr(MgSb)2,9.91812434
RbCaAs,5.921696837000001
CaAlF5,2.020778497
CrF3,3.805789067
K6MgO4,3.185151367
Y3GaO6,4.084589797
RbNdSe2,5.58428728
GeS,11.80372815
Na3ClO,2.85512762
CoCuO2,14.09918707
BH3,2.300753313
V2O5,6.98277602
NaLi2AsO4,2.728546883
ErCuSe2,9.828516553
CaF2,2.301980063
FeCl2,8.328111457
YAuO2,5.37844145
InSe,12.48112341
Rb3TaO8,2.749337017
CaHBr,3.949623157
NbBi3O7,7.53410732
Ca2Pb,12.77426666
TaCu3S4,6.21316832
ZrIN,7.325339222999999
Ca2CoSi2O7,3.249439917
Tl2SiF6,2.59599378
Na2NiO2,4.62361427
H2SeO3,3.11612486
Ca2YSnO5,4.390148827
DyTlS2,7.164551997
KCaBr3,2.87271085
KTeOF3,2.525827997
BaH4O3,2.896198817
PrOF,3.530127787
DySBr,4.74188937
K2TiF6,2.346367237
PbBrF,5.2617461930000005
K3TaF8,2.210345057
K2AgSb,7.515485867000001
Sr2NCl,4.70551654
MoSBr,8.45287047
Ca2Al2SiO7,2.987797897
KTbGeS4,4.980033533
SrS,5.82538973
Dy3BWO9,4.401452437
YOF,3.361683477
Al2ZnSe4,6.392002503
Ba2HfO4,4.298579633
GaPO4,2.504760413
NaHg2IO2,5.437828957000001
ErF3,2.653433123
RbNaO,3.3728822
YNiP,17.18752121
Ba2AsBr,8.55132773
KZnP,8.796187312999999
H7NF4,1.860340287
MoSe2,14.02786623
LiAlAs2O7,3.346719707
Hg2IO,7.71077784
Ba(MgP)2,8.37565837
Ta(TeCl3)2,6.02362585
BeSnP2,11.23295474
NdCl3,3.854983097
Na4WO4,3.914719853
ZrFeTe,20.56092156
KMgSb,7.696105973
YAgTe2,11.37059479
SiH,6.3930525970000005
SrSnO3,4.32194189
K2H6Pt,2.82457233
RbNa2Sb,9.9364695
Rb3SbSe3,4.25546042
AgBiO2,6.381651682999999
BaS2,5.077078837
KAuS,4.660324887
ScCuO2,5.773080307000001
Ca(BeP)2,9.517402637
RbNaS,3.596133793
CaF2,2.25868156
CdCN2,4.546757187
RbF,2.10606805
Sr(NdSe2)2,8.824751812999999
Ca(DyS2)2,7.558253277
MoWSe4,7.43939144
Ag3PS4,7.362514122999999
PICl6,3.538083493
Na3BiO4,4.432397053
LiCoO2,7.97593595
HoBrO,3.56718526
CuSe2Br,9.218185517
AlTlSe2,8.407298377
ZrSO,10.09069759
Ca(MgAs)2,8.916625983
H4NCl,2.85942859
Ti(NCl)3,3.95973059
CaGaGeH,17.51357676
Tl2O,13.4320854
ZnCdS2,6.309803653
Nd2SeO2,5.593156767000001
LiBeP,8.021131723
AlBiO3,6.072273497
PrBS3,6.626928642999999
Zn(GaS2)2,6.202839257000001
InGeCl3,5.365090183
Y3CuSiS7,7.53830926
SmTlO2,6.292868787000001
AcClO,3.98265227
RbTmO2,3.64392838
NdTeF,9.13781018
ZnSiAs2,14.00291969
SrO2,3.316436993
Al2Te5,11.5240636
TiFeTe,21.63214384
BiF5,2.935075297
SrThBr6,4.45686441
Tb2PbS4,9.589814573
TlI,6.92855674
Li2MgBr4,3.388607677
CrHO2,5.1064120000000015
HIO3,4.43101562
Hg3AsS4Cl,7.857693617000001
BCl2,2.933356967
Ba(AgS)2,7.859084857
WSeS,6.816157822999999
ZnBr2,4.3814255630000005
Rb2PtF6,2.472884677
SiGeN2O,3.73121136
KMgAs,6.909410293
Na2CeO3,4.666203417
Nd3SiAgSe7,8.944087142999999
Ca7(HCl)2,4.121169597
Hg3(SCl)2,5.37909525
Au2S,7.19034776
Li4CuSi2O7,3.56330539
LiVSiO4,3.50633795
RbLuSe2,5.52180841
Zn4P6SN2,4.45049442
PBr3,3.85371117
Mg(SbO3)2,4.55561186
Ba3Si6N4O9,3.259127117
ErSCl,4.532026497
TmCuSe2,9.758605337
XeF2,2.85604869
Li3VO3F2,3.74226691
LiCoO2,7.994410202999999
NaSi2BH2O7,2.257323417
AlGa3N4,5.51656728
Rb2CaH4,2.932129087
LiSiBi3O7,5.598596402999999
AlSeBr7,4.605324697
Hg(AsO3)2,5.13455663
AsBr3,4.193823937
TlI,6.75694831
RbClO3,2.52046093
HgI2,5.815978527
ZrNCl,6.895658073
Te2Mo3WSe6,10.13749836
Ga2Te3,13.23544079
In2S3,6.568052933
Mg(CN)2,1.88310665
LiBC,11.01209311
ZnAgF3,3.03364644
ZrCl2,9.320459223
ZnSnP2,15.43679496
TmH3(CO2)3,3.100445097
RbBiS2,7.63919574
Na6P4W,6.386354673
ZnWO4,4.540059473
UO3,10.19137137
HgC2(SN)2,4.005825597
SrF2,2.22338173
BH5CN2,2.460980537
RbScO2,4.003396743
SrCl2,2.93146829
InPS4,5.856871767
PdCl2,5.710792712999999
AlClO,3.058712643
B4CCl6O,2.859647073
NbTl3Se4,8.18596421
Mg2PbO4,4.739672473
Ba2PCl,5.904262863
K2RbSb,7.44204519
RbTa(GeO3)3,3.27218524
GaP,10.96561918
Nd3CuSiS7,7.40926665
Cu2SiS3,8.607782293
HBr,2.927814807
RbScO2,4.02270279
MgNiF4,2.8098730830000003
KScO2,3.848908157
ThI4,5.471174907000001
Al2HgTe4,9.74920426
CaTlCl3,3.19736924
TlInSe2,9.602394077000001
BaHgS2,6.870077403
ThCN,7.044210487000001
Sr(CdP)2,12.61953916
BaSe,7.08218666
Li2SnTeO6,3.859614343
Na4CO4,2.77383733
U3H2,5.240957637
Na2Te,4.28307367
NaBeSb,11.76811789
Rb2SiF6,1.9495999
Mg4H2O5,2.953169877
Li3VS4,3.34779025
Nd2PbSe4,11.51812627
SBr,5.35766349
KV3(SeO)2,4.84881632
TbBS3,6.83789237
TaTl(GeO3)3,3.63655842
Li2Se,4.28847815
ZnH8(N2Cl)2,3.12646147
MnZnF6,3.301884063
CuH,12.37310377
KrF2,2.619302817
LiH2N,2.71694409
Rb2Pd,7.16824512
Ag5P(S2Cl)2,6.38682957
SrS,4.68336865
CSO,2.601376223
Te2Mo,6.6269070370000005
RbCaH3,3.0970763
LiNiBO3,4.45167907
K7NbAs4,6.181487897
Zn2GeSe4,8.757446843
HCN,2.22103937
Li3CrPCO7,3.108601247
Ca2BiAsO6,3.83436155
ZrFeCl6,4.604402627
Pd(SeBr3)2,6.777227107000001
LiHSeO3,2.856071437
ZrSnPt,17.91147279
SrBiBrO2,4.435109483
BeGeN2,5.28585992
Li4CoO3F,3.382255497
Li3Bi,12.6352427
Li2CaHfF8,2.298619993
AgBiSCl2,7.17137061
Na3Sr3GaP4,7.883249997
LiAuC2,5.622757947
K6Fe2O5,3.81959547
ErClO,3.268964667
KYSiS4,4.647211107
Al5CuSe8,8.6724463
Ba2ClF3,2.74492394
TaSbRu,20.49627141
Tl2Sn(AsS3)2,8.837263383
Li5MnO3F,3.082450267
NaNdSe2,6.271264477000001
IrCl3,5.09224688
RbSmO2,3.756385623
KHoS2,4.911251347
RbN3,2.498330803
TiOF2,4.015819463
MgH4(ClO)2,2.610814027
Li2O,2.85026468
Ca4Cl6O,3.278217713
Sr(PrS2)2,7.446570547
Li3MnSi2O7,3.423038483
LiMgAs,7.79855656
KP,6.407464647
Na4CO4,2.77455123
GaCuI4,5.504098497
Ho3CuSiS7,7.560601042999999
RbSnF3,2.79621964
CaAlH5,4.596307727
Ca2Sn,11.83409887
CN2,4.013217503
CaHfN2,9.34280189
Be(CN)2,2.410590843
AlAgS2,5.830345473
Li2MnBr4,3.832253423
CaHCl,3.77326194
Pm2O3,4.611772187
PbI2,5.97154914
Ba2H3I,4.45363038
Ba3BPO7,3.112888913
CaHI,4.466977017
HgPS3,7.310142312999999
Sn(CO2)2,3.56673479
SnF4,2.49669983
Ba2Ti3Tl2,6.09244268
Li2BeSiO4,2.730030123
RbYO2,3.647022163
Li2CuSb,19.42423949
CaPdF6,2.791962283
TlP5,11.72993447
GeC,8.15644312
PrOF,3.64998224
PrBi2BrO4,6.014160027000001
Ca(SmS2)2,7.636090227
Rb2TeBr6,4.272073217
SCl,3.73525861
Ce2Dy2O7,5.875180227
KLiS,3.660311113
NdSeF,6.726858322999999
Nd3CuSnS7,7.935015997000001
InCl,6.033810002999999
LiCoS2,12.86593195
Na2PtO2,4.46555432
SiC,6.938840882999999
LiAlO2,2.71511644
Ba(MgBi)2,14.79533608
KNO3,2.290017963
NaSi2N3,4.109635967
Al2HgS4,5.92981734
BH3NF4,1.997691753
NaC,2.6154641030000003
Ca2NCl,4.631122663
Ga2HgS4,6.973397147000001
Mo(WS3)2,7.664221387
Sm2AlNO3,5.754188922999999
MoWS4,8.486188193
Re3Se4Cl,10.53139432
PrCuSO,7.13723924
NdSF,5.739216803
Ca2YSbO5,4.74801761
LiBiB2O5,4.722781573
HoAgTe2,11.47156903
VNCl4,4.439123177
Cu3TeS3Cl,10.29901473
Li2Ge2O5,2.949886803
ZrCl4,3.44325923
Li2WS4,3.550583483
NbCl2O,5.386591727000001
HgBr,6.840516723
NaHoSe2,6.10027633
YbClF,3.145874413
Te6MoW2,10.11320605
Na4FeO3,3.98823705
NaHoS2,5.22842211
TaGaO4,5.163691293
ErAgTe2,11.44444553
Ga2Os,25.2408914
AlN,4.556123817
CdP2,9.865399097000001
Li2GeO3,3.052345317
ZnCl2,3.157570433
HgPSe3,10.12264602
Ca3UN4,7.52334863
NaYSe2,6.027863767
KMg(PO3)3,2.425856707
BeZnO2,3.784693783
YbS2,6.94691262
K2PdF6,2.565827253
RbHF2,1.97552548
TbH2Br,5.380235067
Y3CuGeS7,7.932764217000001
NbI2O,8.240845493
Al2CdTe4,8.20988419
K2HgSe,6.395718733
SrSe,5.19425607
TmIO,4.804464447
SbAsO4,4.403142753
Rb2MgF4,2.135841377
PHF2,2.709386787
Hf3SnO8,4.584881517
Li2AlFeO4,3.634755917
SrCa3O4,3.74761469
LiGaO2,3.310340717
NaMgAs,8.042967517000001
RbAuS,4.46813303
MnTlCl3,4.30219685
K2MgH4,3.10042094
NaHO,2.48714895
K2O2,2.570847443
XeF3,2.819209227
Al2CdCl8,2.877949473
LuTlSe2,8.160692537000001
BeCl2,2.71114066
SNF,2.970613123
BaSe3,8.479365800000002
LiCrS2,10.06823858
Sr(PrSe2)2,8.784604437
Na2LiAlF6,1.93847029
Ho2TeO2,6.528754083
Ba2BrN,5.506925197
YbSe,5.93158404
NdHO2,3.80960626
CdBiO3,7.938290107
FeP4,20.15165852
Ag2HgI4,6.175642907
BaClF,2.921181807
Ag2HgSI2,6.2636979870000005
LiTaO3,5.07052147
TiFeSe,21.88306785
RbAuO2,3.63696194
NaZnP,9.581256363
W3(SeS2)2,7.595141842999999
BaZnO2,4.162609497
Na3AsO4,2.450088197
Mo3WS8,8.729480837
MgTeH2O9,2.680599127
BaLi2Mg(PO4)2,2.897718217
BaP3,10.01647751
Na6MnS4,4.142588333
Ca(InTe2)2,11.94084392
BP,8.91334149
LiZnPO4,2.6965162730000003
Li2PdO2,5.352401513
PbF4,3.148128003
Ca(BeAs)2,10.29010992
InI,8.90413445
Al5HO8,3.150788177
RbCdF3,2.39570824
CuBi(WO4)2,6.695762023
MgGeAs2,13.93526075
ZnI2,5.769424247000001
Nd3BWO9,4.42677143
Li2MnP2HO8,3.765001967
KH3F4,1.82119777
Li3As,7.259016967000001
ZnSiP2,10.52118495
LiCoP2O7,4.582875213
Ca3PN,8.78133776
Tl3SbS3,9.863970457
MoH2Cl2O3,3.77935465
RbBe2BO3F2,2.23567624
Al3BN4,4.73901587
Ca2Si,12.32182946
LiY3WO8,3.996483197
MgGeP2,10.21551691
DyBi2BrO4,5.873217972999999
GaTeCl,6.32876069
Ca(HO)2,2.648845367
NdZnAsO,10.32381005
RbErSe2,5.543252017
AgCNO,3.48315891
Na3VS3O,4.137731733
RbGeIO6,3.14149014
NaP,8.04230447
LiNd2HO3,5.235294413
CaZnSO,4.795289417
SrCaO2,3.75787388
KH4O2F,1.94611186
K4BeAs2,4.744430947
Na5SbO5,3.267104433
NaHS,3.32779091
LiPF6,1.95239105
K4ZnP2,4.800997073
Ba7(ClF)2,2.63949976
GaCuO2,5.672840997000001
MgTiSiO5,4.412605063
Sr2BrN,5.007126867
KCaCl3,2.56383199
RbCaCl3,2.646101377
TeW2Se3,9.336147167
SrO,4.40095018
Ca4Sb2S,9.43158601
ThSO,7.201393173
ThBrN,6.280834877
Ba2SbBr,10.74020683
Li2V(CO3)2,3.169669983
NaInSe2,7.744240607
Rb2S5,4.256295363
SmCuO2,4.763971277
GaCuS2,9.253084113
Sr2SnS4,5.35158155
PSe,6.996893342999999
Ge3N4,5.93421237
NbIO2,7.327702307000001
CdSbS2Br,8.617786287000001
K2Sr(P2O)2,2.458917277
K2Mg2Si2O7,2.90674106
TbTlTe2,10.062639
Rb2S,3.27118776
MnH4(ClO)2,3.03558564
Na2SnO2,4.273419213
BaLiF3,2.55940099
Ba2H6Ru,4.40039422
V2ZnO6,6.213515687
KH2N,2.70274223
Zn(GaTe2)2,11.35862687
MoBr3,6.751156483
Al2Te3,7.1376043000000005
Li2ZnGeO4,3.29864783
NdO2,4.313825527
TlNO2,4.230196243
H3NO,2.643965583
AlBN2,4.728832443
SrIF,3.555891337
P2Ru,19.95982894
Mo2SeS3,8.959047413
RbAu3Se2,6.798003417
ScTlO2,8.161453923
Tl2S5,7.1889773770000005
RbCaF3,2.13176186
RbH,2.75085931
BaF2,2.32626778
RbTeAu,6.578020687
KLiSe,4.02667703
NaTmS2,5.18589052
Li2CeP2,14.11031864
KPrS2,4.972010293
KLuS2,4.834128727
LiErSe2,6.814784873
Sr2CuBrO2,3.739503873
Cu2O,8.38315275
Na2HgO2,3.66914182
LiVF6,2.67197208
LiAlSiO4,2.398896267
NbCu3Te4,9.98862189
K3BiTe3,6.34553812
NaMgF3,1.958299817
Ba(CuS)2,10.050968199999998
BaSnF6,2.417745573
LiBr,2.80026446
InS,10.08873612
TeMo2Se3,10.36470606
CaAlSiH,13.72105964
Li5P(S2Cl)2,3.90097619
ZnSiN2,5.06021659
NdOF,3.519029557
TePbO3,5.458119103
Tb3CuSnS7,8.03113939
USeO5,4.56067814
K2PtCl4,2.864873493
Li2Te,4.89752095
HfCl4,3.317782357
KBr,2.91186501
NaCl,2.71337688
PI2,5.950234373
K5ThF9,2.119929343
BN,4.26136053
BaAgTeF,6.2601559270000005
YZr5O,6.162767883
AlPNCl5,2.732058827
Zn(IO3)2,4.50287718
AcOF,3.46363426
Be2NbRh,30.44105969
SnC2(SN)2,4.868674283
Te8MoW3,10.68923946
MgH2SO9,2.356389787
MoF4,3.601111083
Ge3Sb2O9,3.854412857
K2AgAs,7.110499657
LiYS2,6.02947598
K2O,3.17900026
HoSF,5.769866417
Sr(AsO3)2,3.548728333
CaThBr6,4.531948347
PrTlSe2,8.153919132999999
Ba3NbGa3(SiO2)2,3.6028392730000003
AuCN,6.00460363
NaScAs2O7,3.402905467
K2H4Pd,2.86957169
SnBrCl,6.181757687
Ca4Bi2O,10.80108781
AgAuCl4,5.4941084270000005
TbBi5O9,6.77158987
RbNdTe2,6.699054877000001
LiBeBO3,2.717881563
ThIN,6.111600599999999
K3SbSe3,4.56826709
Dy3Sb4Au3,28.17203368
Rb2PdCl4,2.766122483
CdF2,2.80995901
Rb2SeCl6,3.68059336
Cd(HO)2,3.515224223
CO,1.77667617
GeF4,1.96688269
BaS3,6.201314123
Er2SeO2,5.4840654870000005
Ga3BN4,5.86060018
BiSeI,10.65452409
RhF3,7.410350357
SmCuSeO,7.85171453
Pb2O3,7.848751847000001
AlB3N4,4.62434986
Li3PO4,2.525354553
BiI3,6.758988522999999
CdCl2,3.297995227
Ca2MgSi2O7,2.877116697
Sr4As2O,7.944118613
PrCl3,3.827747973
BCl3,2.599818807
DySI,5.01603584
ZnCN2,3.628536633
Ta3SBr7,6.67143034
LiMn3OF5,2.97025471
MgSiN2,4.39827241
BaC2,4.570009947
K4ZnAs2,5.2476527000000015
K6HgS4,3.90353403
Bi2TeSe2,24.26785996
BaMnF4,2.5194899530000003
P2Os,18.45643051
KNdTe2,6.86383802
Sc2O3,5.114703107
Ba(CdP)2,14.04032222
HfIN,6.82435448
SmClO,4.317189473
Al2Se3,6.089161187
Pr3CuSnS7,7.879796867
PbIF,5.895706873
CrAuO2,11.41907798
Ag6Mo2ClO7F3,5.048820743
RbPbIO6,3.62134003
As2Os,21.58773046
HoAgSe2,8.93078879
HgPb2(ClO)2,5.32062792
Zn2Bi2O5,6.330726447000001
PI3,5.941855072999999
Li5V(SiO4)2,3.108497597
Hg3(SeCl)2,6.11117279
SbI3(BrCl3)2,5.17877827
K3SbSe4,5.097256113
TiZnN2,7.917415517
CBrN,2.786237793
PtS2,17.81439994
Nd4S3NCl3,5.745720273
KNaO,3.133735147
Ni(AsO3)2,5.32665329
Ti3TeO8,4.07380266
NaV(OF)2,3.48843095
ZnGeP2,13.037626800000002
GaS,6.398640113
LiSiBO4,2.70880614
Sm5AgS8,8.696691373
NbRhO4,10.71411591
SrHCl,3.508652243
YH3(CO2)3,3.08630411
IrF3,6.31864849
TaAlO4,4.614195513
WBr4O,7.770011447000001
BaNa2O2,3.683332953
As2Se3,11.52409724
KLi2As,6.253481847000001
CeTh2O6,5.845825842999999
BaCO3,2.914029257
CrOF3,3.681870823
TmTlS2,7.171154643
KPrS2,4.97201015
B2AsP,9.42752654
RbSb,8.5438705
SrCeN2,9.344547057
Ca3TaGa3(SiO2)2,3.475941363
SeCl,4.517069847
NaH,3.2248601000000003
K2PtS2,5.423473763
Ga2HgSe4,9.9187946
SrHgO2,3.77747443
CuBiO2,7.226421427000001
YbGeO3,4.22754822
BaZnF4,2.481895883
NaHo2F7,2.19500897
NaCoO2,7.339247507
Na3VH6O7,2.758639263
RbH2N,2.762369533
AlP,8.088026017
BaBeSiO4,2.937623867
BaNa2(SiO3)2,2.717601953
PrSF,5.70025338
ScSbPt,20.86129724
Rb2ZnF4,2.2772681
MgCl2O,3.064211747
SrBeF4,2.1454032000000005
TbAgTe2,11.52241032
Mg2TiO4,4.081622
Ca(PrS2)2,7.63669607
CaTlF3,2.82661998
KBe2BO3F2,2.222332693
CaI2,3.824467077
CS2NF5,2.449473743
Mo(WSe3)2,8.585519643
YbS,5.25498056
Al2Si2H4O9,2.558770347
RbBF4,1.880345373
Hg3(TeCl)2,7.6141281
K2Se3,7.71231719
RbCl,2.67766012
CaSe,3.92326983
YOF,3.49867875
NaTmO2,3.656121757
KPrSiSe4,5.601578533
NaTbS2,5.28232755
HfZnN2,8.069891647
SrP,7.409666117
P2Pd,21.16972722
RbNdO2,3.78976452
KCuC2,3.854038237
BaSr2Mg(SiO4)2,3.28746569
Dy3CuSiSe7,9.113636923
KMgF3,2.0695004
NdTlTe2,10.04999903
VCu3Te4,11.56668325
LiCuF2,3.91332595
PaTlO3,5.84572095
FeTeCl7,4.117741617
Mg(AlC)2,7.90753629
SnHgF6,2.694487353
Al2PbO4,3.65061196
Sr2InI5,4.962932443
Ca2PI,6.004819917000001
Y(HO)3,3.317322973
TbCl2F,3.453370703
Ho2Be2SiO7,3.55326232
RbGeBr3,4.725685077
LiSbO3,4.53495678
PrGeBO5,3.634793443
BaBrCl,3.344721827
NaAlO2,2.596316507
NaYS2,5.180867117
Xe(OF)2,4.093288977
K4HgP2,5.059482773
ZnTeMoO6,4.904310263
Na3Ca3AlAs4,8.154129003
LiZnN,9.2265112
K2CuP,6.276429547
KNa2BN2,3.179639593
KPF6,1.937133113
InBr3,4.199947877
SmBi2BrO4,5.943997947000001
SrTa4O,5.219288227
KAgO2,4.048708453
LiTbSe2,6.950402053
Tb3GaO6,4.14427218
AcCl3,3.428695827
ScAgSe2,12.52273034
Rb2PtCl6,3.45282542
Pr3SiAgS7,7.355019007
Th(TeI)2,7.171654897000001
RbSrCl3,2.43963522
TlBrO3,3.94217972
Li4MnSb2WO2,6.17266268
NdB2H,2.04863859
Zn(InSe2)2,8.84383151
Li5CuSO2,3.886150747
NdCuO2,4.741498163
BaAl2(SiO4)2,2.58189558
GeBi2O5,5.391422273
LiMgBi,15.45168491
Li2VGa3O8,3.49503834
DyCuSe2,9.98877836
ZnSbAsO5,3.911071877
LiYF4,2.31522218
BaSi6N8O,4.186241567
AcBrO,4.348513393
Mg(CO2)2,2.86816289
Ho2CF2,6.922150253
PNO,3.196425683
Pr2Be2GeO7,3.827438417
NaRhO2,6.624395083
MgAs4,14.12311584
As(S8I)3,5.28091425
KCaBi,7.09374348
SrHI,4.281559737
LuSF,4.8726185630000005
LiNi(CO3)2,3.98638352
Te(HO2)2,3.816549287
Ca3AsCl3,4.5605769999999985
Mg(AlSe2)2,5.883210472999999
Al2HgSe4,7.44781976
AlICl6,3.55596481
NaSnN,8.131647653
Si4P4Ru,14.78059354
BeBr2,3.14863335
SbSBr,8.41110394
RbMgBO3,2.55407586
Li4WO5,4.16815608
Ba2HfS4,6.818488297000001
LiBF4,1.7349106630000002
YbBr2,3.32531603
YN,6.48088621
ScPS4,6.03060502
NdH3(CO2)3,3.044171607
Tl4SiS4,7.63879613
NdBr3,4.488976583
KBiO2,4.4816366
RbCuC2,3.65692092
KAuC2,4.09989218
SmIO,4.70855928
Rb2Hf2O5,3.817592603
ZrMnO3,5.38338981
NaS2,4.713694023
HgCN2,4.728964927
MoCl4O,4.469665997
LiB6C,7.245836363
TiF4,2.489472353
Mn(GaS2)2,6.464565357000001
NaSb(PS3)2,6.64707319
BC2N,5.57286705
Sm2CdS4,8.6469411
ZnS,5.98666143
KNbSe2,11.63356917
CaGeO3,4.53956438
ZrC,28.49636964
ZrS2,9.621695823
KBi2F7,2.999680373
BaAuO2,6.13895753
SbAsO3,4.696196617
CdSiP2,10.90090517
KHF2,1.91723798
Ba(MgAs)2,9.343512593
YAgSe2,9.756736003
Er2Be2GeO7,3.724513317
NaMnCrF6,2.58204944
LuTlTe2,9.937403407
Nd5AgSe8,10.43928333
NdIO,4.797484847
Zn2W3O8,7.99610706
SbSeI,11.17170613
RbBiO2,4.157808947
TmTlO2,6.5750283
Tm2O3,4.319584553
Na2PdS2,6.880578333
NaPH3NO3,2.49820372
Na2PdC2,6.95582713
NaCrS2,8.403605287000001
Ge2S3I2,4.83668416
Th2SeN2,8.011133687000001
Sr(Si3N4)2,4.540587067
KCN,2.33722304
H3ClO,2.577152397
KCl,2.62029833
K2LiBO3,2.573698437
CeZrO4,6.829005657000001
Li2CeAs2,15.35847075
Lu3AlO6,3.82576363
HfS2,8.57097316
SmSF,5.777281293
KAsSe2,5.8213407870000005
InI3,5.01150798
Ba2BiBr,8.97129642
NbCu3Se4,7.59545015
BeCN2,4.732275363
NaNO2,2.2660847530000003
SiAs2,12.633773800000002
NbOF3,2.763423167
TeOF2,3.511959533
Yb4Cl6O,3.3898787130000003
LiErS2,5.878659947
Li5GaO4,3.029516907
Li3SbS4,3.22045139
SrAl2O4,2.88495501
K2Te2Pt,7.210272783
TmTlTe2,9.973231613
K2S,3.151893
PrCuO2,4.72234869
Yb(ZnP)2,11.65003215
BaHBr,3.887139937
Lu2CCl2,7.157457137000001
HfBrN,5.656607417000001
Tl2O,13.10260743
FePH5CO4,3.993177843
Zn4(B2O)3,3.24543668
Li2BF5,1.88594437
CaTi2,2.334552287
MoO3,5.414534099999999
BaHgO2,3.62135301
Rb3NbO8,2.82995846
PbClF,3.896459437
CdPbF6,2.81202725
GaS,6.464935897
LiTeHO4,3.831145717
NiP2,23.19535352
AgBi(PSe3)2,10.72511295
InSe,8.198436847
RbCl,2.36673513
BaLiP,9.95066582
AlSiTe3,11.19042011
SrO,3.77703926
MgTlF3,3.09733372
Hg3(SF)2,5.79230521
SbSI,11.96283775
Li4CO4,2.654408773
NaBF4,1.783464973
YBi2ClO4,5.538380742999999
NaDySe2,6.127090742999999
Sb2S3,13.18901535
TbBi2BrO4,5.891394337
NaCN,2.230703127
MgMnF6,2.732854887
AlCuO2,5.369109837000001
Y3CuSnS7,8.006059477
HgSe,11.58683274
TlHgF3,3.7572851
Ba3Ti2O7,5.339729333
Pr2PbS4,9.53239589
CS2,3.447818547
Sr2HN,5.54779068
NdOF,3.6378615
Na6BeO4,3.06547825
SiS2,4.21460697
RbH3O2,2.402546253
P2Se5,8.56636245
GaF3,2.359682447
ScCl3,3.505301577
Ba(NdSe2)2,8.86142799
AlAgSe2,7.19316276
Ga2PdI8,5.85410618
Cd(HO)2,3.78965144
SmOF,3.59971772
BaTe,8.64169452
V2Te2O7F2,7.0182810170000005
MgMnF4,2.355816757
SiH8,2.021429927
GeH3Cl,2.89642663
CaB4O7,3.137511007
CaC2,3.98903485
MgTa2O6,5.309295613
RbLiSe,4.11810905
P2S7,5.774895
K4HgAs2,5.57307619
AlAsO4,2.76021619
Ba(InTe2)2,9.489363362999999
BiAuO2,7.493210887
K2PdCl4,2.862320127
HgCl2,3.84434879
Mg2SnO4,3.577449463
AuI,7.025232103
Hg(ClO3)2,3.093724093
NbCoSn,26.00260799
Mn(Sb2O)2,5.93879852
NbFeSb,25.42971937
ScBrO,4.830247873
Li8MnO5F,3.374713103
ThSbRh,21.36513045
Li7SbO6,3.177694993
Ca(ZnP)2,11.32945956
Ga2HgTe4,13.87278348
PCl3,3.06740395
KHoO2,3.546397523
HgI,9.29342515
K2SmF5,2.19480869
Zn(CN)2,2.23461885
NaAgO2,6.016677737
TbTlSe2,8.193844613
DyClO,4.29532249
VF5,2.45631484
K2MnF6,2.417138813
Ho3CuSnS7,8.05140582
K2NaAlF6,1.98445593
KYTe2,6.655112722999999
PbO,6.71376636
TbH3(CO2)3,3.08887759
CuBS2,8.1136527
Zn(GaSe2)2,8.12337347
K2Se,3.35937968
Na2MgSiO4,2.508801973
CdBr2,4.209959253
ZnSbF5,2.776353673
YHSe,8.588023283
SCl2O,3.064433863
Te2Mo(WSe2)2,9.292707443
Rb2NiO2,3.148958697
NaPrS2,5.757198592999999
CaS,5.02399202
DyTlO2,6.415188807000001
RbYS2,4.846096653
P4S3,5.0331068430000006
TmBi2ClO4,5.505870647
BaTm2F8,2.528353677
Na2ZnGeO4,3.079233467
BaBrF,3.209423247
S5N6,3.918355147
LiTlPHO3,3.439365223
NbCu3S4,6.52945245
Ca2AlBiO5,4.513223483
Be4TeO7,3.37528938
ZrSiPt,16.83674774
Ba2NCl,5.212028977
HOF,2.2792868
MgS,4.03510579
Zn2GeS4,6.12640419
NaHS,3.313440907
HgB4O7,4.433059783
TiCoSb,20.84330728
Zn(HO)2,3.328746767
Rb2LiAsO4,2.6936286330000003
TlInS2,9.78180656
RbLiCrO4,2.83532931
MnTlF3,3.402408307
ZrPdF6,2.920391037
SrAuO2,6.33041057
Rb3BiSe3,4.627596499999999
KAlSiO4,2.44227007
Cd3AsI3,6.6003350670000005
Li2VBO4,4.28408832
CdSO4,3.11288793
CoSnC4Cl3O4,3.054812123
SiBi2O5,4.935596803
Al2ZnTe4,8.458571153
CdBiS2Br,8.727483027
ErTlS2,7.162908707000001
RbAs,7.857416803
LiYbAlF6,2.075002857
Mo2H2O7,4.79667191
Pd(Se3Br)2,9.647257397
Li2GeF6,2.11819645
Tl3PO4,4.547706333
Yb(PrS2)2,7.71040122
SrTiN2,8.789664193
KYGeS4,4.949229897
LiV(PO4)2,5.810572337000001
YCuO2,4.754037753
AuBrF6,2.99936634
Na2ZnSiO4,2.755538067
VCuO3,7.978062713
Mo3W(SeS3)2,8.772429947000001
LiCdBO3,3.34334062
KPrTe2,6.838559787
H4IN,2.999936227
H4CN5Cl,2.797678333
LuAgO2,4.977906687
SnPSe3,11.33011274
CaMgNiH4,7.30788765
YbTe,6.83769841
TbTlS2,7.1714311870000005
TiTl2F6,3.221603343
B2O3,2.978555703
K3ClO,2.86731134
Y2Be2GeO7,3.73558439
RbInTe2,7.518719827000001
Hf2SN2,8.601419647
GaI3,4.804545227
ZnPtF6,3.308754083
MgSiO3,3.345037337
NaLiS,3.864733273
Rb2PbO3,3.81333074
TmBi2BrO4,5.83522895
Li3N,5.261724337
NbI5,11.28309466
BSb,11.50991212
Lu2(CN2)3,3.803336103
HgN3,5.075537477
Ca(HoSe2)2,6.66935463
KAlF4,1.94697786
Ga2Te5,16.41229587
K4CO4,2.800924
HfNCl,5.14147907
Li3NbO4,3.98825135
GaTeI7,6.100781662999999
Rb2HfF6,2.193356543
KNa(BH4)2,2.31861607
BaHI,4.465001977
UF5,2.5980872930000003
SmOF,3.485482367
Yb4Sb2O,12.57996875
ErTlSe2,8.165959027000001
Na4SnS4,4.211244687
Ca3CdO4,4.18935152
K2ZnF4,2.1620679330000003
ScAuO2,7.127606087
Mg2H2O3,2.789277807
Rb2BeF4,2.0502890330000003
CdHClO,3.629137063
IrI3,7.980620253
LiGaS2,4.949683227
ThSeO,8.23959974
K2HgO2,3.144211247
Ga2PbO4,4.1550099330000005
K2PbO3,3.82379913
AsCl3,3.34663626
TbF3,2.688373803
PbIBr,7.08978453
Si3H,8.865613967
KTmO2,3.51460878
Li2MnPO4F,2.87344886
Nb3Sb2Te5,23.92922043
H(CO)2,3.221476483
Rb2O2,2.721011487
CuB(CN)4,3.16585326
Ca3AsBr3,5.11587882
Hg2P2S7,6.968589153
HfZrO4,4.820879937
Er2TeO2,6.53613755
Mg(ReO4)2,2.829724127
TaBe2Rh,26.72690859
Sm2SO2,5.177842583
B2S2O9,2.64838716
CdS,6.225405652999999
Na4CrO3,5.316702783
Cu2WS4,6.05600327
Ag3P,11.7318568
LiTmO2,3.774766953
RhBr3,7.116499042999999
Rb2Se,3.42771859
Ga2TeSe2,7.383686363
TiZnF6,2.75757773
LiGaSe2,5.94960906
YbSe,4.51862745
BiI,10.49325428
SnC,14.936967999999998
K4Au6S5,5.176654857
RbCaCO3F,2.4190197
TbCl3,3.793060943
SmH3(CO2)3,3.06615325
B2S3,6.2422107
Mg(BeAs)2,10.64994668
K4I2O,3.086305523
Na6MnTe4,5.208869757
RbSmTe2,6.714962132999999
TlN3,4.618233773
HgHOF,3.739341257
Bi2Se3,19.07830371
Mg2PN3,4.17638794
SrHBr,3.88167207
TbBi2ClO4,5.560074527
W3(Se2S)2,7.968900397
Zn2Sb2O5,5.285142583
LiZnPS4,4.92872884
MnTeMoO6,5.739078172999999
NaSbS2,8.71401248
Rb2ZrCl6,3.07677798
LiSbTe2WO2,5.523881307000001
Zr(MoO4)2,4.032452333
KSbS2,5.93772488
AgH,9.64968888
CrBiO3,8.91848083
HgPbF6,3.29222808
MgI2,4.281446023
Rb2Te,3.53506554
AlF3,1.985452343
ZnC2S2(OF)6,2.303534987
MgGeN2,5.0242981
YCl3,2.99068208
BaAl2O4,2.978305113
Nd2SO2,5.204087823
BH6CN3F4,2.159206467
Rb2GeF6,2.03472323
Sm2PbS4,9.61101305
NaNbS2,11.08822398
TmBrO,3.551573137
Ti3MnO8,7.202374477
YbI2,3.882344967
TmAg(PSe3)2,8.09603361
Zn3CdS4,6.12953564
NaAuO2,4.81572001
LiInTe2,7.535370303
MgO,3.13646554
LuSBr,4.666972593000001
K2Se5,8.744314117
HgSeO4,4.666280947
Ca2SnN2,9.463435132999999
HS7N,4.38954115
BaSr3O4,3.87112444
AgNO2,4.277917923
SrGaSiH,14.89345564
Sr(MgAs)2,8.698236797
TiSnO4,5.458058362999999
ZnPdF6,3.97006505
Pr3AgGeS7,7.707240763
HfBrN,5.381573713
Zn4B6SeO2,3.49370091
BiSeCl,8.978106017
SnS2,6.495116167000001
LiYSe2,7.04018814
VCu3S4,7.35364508
Sr(BiO2)2,5.113583247
K3AsSe3,4.23308677
NaSrP,7.795955243
Zn3(PS4)2,5.72190235
LiZnP,10.29500982
BNCl2,3.029971837
SrAlSiH,12.81572615
RbAcTe2,9.46944513
NaLi3(H2N)4,2.6074954530000003
SrC2,3.564572747
WOF4,2.790979147
Ca4P2O,7.37822877
LiAlSe2,4.994684613
Na2Se,3.88955967
Nb3TeCl7,6.474632087000001
InGaS3,6.833830122999999
DyCl3,3.778714093
KGeNO,3.605916123
TiZnSiO5,4.210329467
NdZnPO,8.781454207000001
KUO3,4.85360008
InPbCl3,3.98093476
YTlTe2,9.870708853
IO2F,4.4740572830000005
Tb2YbS4,7.691085233
Pr2SeO2,5.586058413
FeN3ClO3,3.306977987
RbI,3.27285892
Rb2Pd3S4,6.740087963
NdBi2BrO4,5.989099603
RbDyS2,4.91514655
MgSnP2,9.651641247
SiSe2,5.354135857
Zn(SbO3)2,5.061490377
ErBi2IO4,6.528434937
DyTlTe2,10.03350379
BaHCl,3.557234973
KNbS2,10.60841878
Bi(BO2)3,3.601565093
HoTlSe2,8.17175698
RbLiS,3.8032374
AlSbO4,4.055913353
LiNbS2,12.14590994
Na2GeO3,2.72928249
P2Pd3S8,7.00999758
TeWSe,7.963766872999999
LiCaAlF6,2.037092537
BH3OF4,1.91483972
ErZnAsO,10.52470867
RbHoO2,3.667531327
YbB4O7,3.1646635
SnB4O7,3.908768427
Ba2SbAu,19.31389528
Ge2N2O,4.5131675000000016
Pr2AlNO3,5.988725982999999
FePb2(CN)6,4.148659753
Rb2O,3.57169857
NaScS2,6.101168907000001
KPH2SO3,2.756428133
BaLiAs,10.60085664
LiAgC2,4.477108673
MoW2(SeS2)2,11.6326235
KNdGeS4,4.97256986
BaZnSO,5.1538884000000005
LiVPO4,3.92619556
NaGaO2,3.103227297
KSrCO3F,2.32458429
Mg2ZnAs2,10.36430517
NaInS2,6.006897763
GeSe2,8.564539457
BaHfO3,4.56667104
BaAlSiH,14.048609
BaSe,5.40365908
SbTeI,12.36913846
Li3BePCO7,2.529259633
ZrZnN2,8.71895127
Li2Si3NiO8,2.953543767
P4S5,5.44319607
BaMgO2,3.599355367
Li2GePbS4,7.49566594
Sr7(HCl)2,3.794682527
As2PbO6,4.544894867
VO2F,3.868246753
NbBr2O,6.100122193
SrSiO3,3.89045814
KErTe2,6.786003157000001
RbHF2,1.975493923
Cd(GaTe2)2,10.84544633
BaI2,4.415781067
Rb2SnO3,3.2438648530000003
TiGeO3,6.05793818
NaSrAs,8.766824027
LiDySe2,6.890736717
CS2NClO2,3.231822507
AgI,7.59374071
BaGa4S7,5.950987562999999
Ca2AsI,6.34893784
Ag3AsS3,8.6561179
KAgC2,3.43573994
FeSeCl7,4.361407667
K2S5,4.579643607
W2Se3S,8.67273329
KSmS2,4.973099827
CuSe2Cl,8.855096393
As2SO6,3.499288613
TlI3,7.195646983
RbErO2,3.653221147
BiIO,7.738503977000001
Tl3VO4,5.509069313
SmTlSe2,8.209223067
Li2CrO4,3.072542063
RbPbCl3,3.59957661
Ga2TeS2,6.70343747
NaDyS2,5.25303241
K2Cu(ClF)2,3.802163987
Al2Si2H4O9,2.558976697
MgBr2,3.426303377
KNaThF6,2.280223807
Cd(InTe2)2,11.24894489
SnICl,6.6793079
Tl2Sn2S3,11.5155719
K2NiO2,3.16333483
BaBe2Si2O7,3.01152881
KNdO2,3.698607587
Sc2CCl2,7.974531722999999
YCuO2,4.753989677
Br2O,7.891385727
KCrS2,7.67564055
CoCuO2,14.09890864
RbMgF3,2.18953957
InBr,7.267744597
MgAgF3,2.750155803
InClO,3.770805017
NaCdF3,2.298310017
NdBrO2,4.530283537
BaCaI4,4.121585883
CuCN,3.864015753
DyTlSe2,8.181083427
Ba2CuBrO2,3.755054903
Pr2PbSe4,11.4514996
YbMgNiH4,7.39078959
RbAlF4,2.0448979
Li4TiS4,4.24185152
MoSe2,7.597641723
NdTlSe2,8.183766807000001
BaB2F8,2.0506661630000003
LiYF4,2.33502821
AcBr3,4.010823923
Au2O3,9.33395546
Au7I,15.47714679
BaLiH3,4.77165436
GaBr3,3.594551267
Na2SiO3,2.418392007
BaCl2,2.91486447
AgClO3,3.44698173
H2O2,2.53851103
Zn(InSe2)2,8.681952707
K2SiF6,1.9223812
KTbS2,4.940705597
Sr2H6Ru,4.27056302
KH8N3,2.58748808
BCl(OF2)2,2.46935038
HfTeSe4,16.22182312
CaH2(BrO3)2,2.68116367
CaH2(ClO3)2,2.522141367
Rb2Zr2O5,4.053294413
NaTlO2,5.452763093
CaH2,5.171693143
SrBe3O4,3.113931903
ZnCoF4,3.049865193
Er2SO2,5.055241647
HgSO4,3.915941573
NaCaAs,6.45697817
ZnO,5.36638841
SrB4O7,3.134615407
Li2TiTeO6,4.64169213
Rb2H6Pt,2.75327122
ZnPS3,6.733708162999999
Ag3SI,9.146209167
PdBr2,6.98212031
Hf(B2H3)2,2.66377168
BiClO,6.05758263
RbSrCO3F,2.39120777
AlCuO2,5.369931003
LiGaO2,3.70137593
Tb3BWO9,4.413872403
KBrO3,3.038847987
BeSiAs2,10.84576131
DyZnPO,8.523589422999999
NaF,1.85064882
Cd(GaSe2)2,7.962680257000001
TeRhCl,11.77278309
K2NiF6,2.45833877
NaPrSe2,6.27296609
SbIrS,16.84801963
RhCl3,5.656723567
TiCdF6,2.69228733
LiAuF6,3.118271533
IOF3,3.1359149
CdPS3,6.191430487000001
Cd(InSe2)2,8.12645541
Li2TeO4,3.46220047
Hg(BiS2)2,11.433943800000002
Li3VO4,3.22439243
BaTe,6.10212088
BaAl4S7,4.990377827
Ca2BrN,4.9581747730000005
Y2Be2SiO7,3.55488679
RbSmS2,4.943788113
Sr2CdAs2,11.64520938
LiAsF6,2.11078846
BiSeBr,9.090722903
KNiIO6,5.146532903
RbV(CuS2)2,6.001818347
KErS2,4.86845863
LiH,4.29945379
Li2CdGeO4,3.561255937
NaLuS2,5.14125962
Nd5AgS8,8.666515723
KLiTe,4.472419907
HgF,4.854067637
Pd(SeCl3)2,4.80095655
SnF2,3.50696811
BaBeF4,2.246174217
H6CNF,2.04976383
Zn4P6N2O,4.37087307
BaSi4O9,2.859174117
Rb2PtS2,5.35222177
BAsO4,3.343441183
LiMnO2,5.111348523
KCaSiHO4,2.78720269
AgHgAsS3,9.818119063
Ta(TeBr3)2,6.8156331
BPS4,4.6838637
K3BrO,3.10682847
YBi2IO4,6.554243467
K4CdP2,5.04438466
Sm3CuSiS7,7.496793027000001
GaP,10.64407226
Er2O3,4.34724015
MgPSe3,6.96864971
TcS2,14.44022451
Tl2SnF6,2.957935273
PbCN2,6.099862577000001
Ca3AsN,9.63664669
Ge2N2O,4.226786983
Li2NiPO4F,3.300119227
K3IO,3.28260872
KSmTe2,6.866996007000001
SrBrF,3.206313003
NaGe2N3,5.154575117
KPrO2,3.719126447
CaO,3.3231168230000003
Ca2SiB2O7,3.11776237
K2ReF6,2.344018203
SiPbO3,5.78340971
KInO2,3.90375063
NaPN2,3.964878403
Be2C,6.86635883
Mg(BeN)2,4.585149967
AgB(CN)4,2.5518402
BrO2F,3.0017532000000005
MgGeO3,3.995721947
Cd(CN)2,2.326059097
Li8TiMn3O2,6.59147882
Dy5AgS8,8.622149452999999
Mg(BeP)2,9.444260893
IrBr3,6.20772133
Sn(WO4)2,4.0200753030000005
Cd2BiAsO6,4.707563527
K2ErF5,2.1644012000000004
CaZnSe2,5.60842846
ScCoTe,18.35168512
Mo3(Se2S)2,12.89299265
AsI3,8.301542012999999
Sr2SbAu,19.1489292
KHoBeF6,2.186372127
Tb3CuSiS7,7.55343638
Dy2PbS4,9.56141918
Na6ZnSe4,4.5273897000000005
Li3CuF4,2.31760071
Ba3Bi2F2,2.72363053
Ho2SeO2,5.497449507000001
HfFeCl6,4.29753243
Pt(SCl3)2,4.735660467
KGeBr3,5.768509
BaO2,3.476200733
KF,2.163854
Ca(SbO3)2,4.74317135
NaCrSe2,10.36962378
KC2IN2,2.72744261
Mg(InTe2)2,10.27739739
KYS2,4.852979723
Mg(HO)2,2.56698119
GaAgS2,7.58032749
Ca(NdTe2)2,11.77553224
RbMnF3,2.48867316
CClF3,2.055697867
KZnF3,2.34186428
CdSnF6,2.378128797
Li3Sb,9.72421765
Mg3NF3,2.76483264
HoSI,5.00136485
PtI2,11.29959723
MoW3Se8,8.867031837
KNdS2,4.979240507
H8(NO2)3,2.711972627
PrHSe,8.187665252999999
TlCl,4.46801013
NaSbO2,4.58474806
NaNbSe2,12.35560627
LiYMo3O8,6.504497337
S2N,4.54918754
LiHF2,1.919418223
Tl2ZnI4,5.290836497
AlF3,1.83202768
AlTeI7,5.778937383
BiSI,9.825160007000001
Na2AgAs,11.61621014
SmAgO2,4.827462857
IBr,7.56956949
LiSbO2,4.19864844
Ca(MgBi)2,14.41278613
GeS2,6.277847932999999
ErTlTe2,9.984545207
KrF2,3.01490943
Ba(MgSb)2,10.44305828
BiBrO,6.606239947000001
UN2,22.18535933
DyAgTe2,11.49581278
YI3,4.491257577
NdClO,4.313286117
Ba2AsAu,19.78809115
LiMn(CO3)2,3.283653423
AlSCl7,3.443866157
Y2TeO2,8.25606833
K2MnF4,2.201016797
NaH,2.98690747
YBrO,3.938211977
Rb4SnO3,3.68433838
BaO,4.24817902
SmTlTe2,10.07328567
TiSiPd,22.20249236
Sr4P2O,7.301497672999999
NbBiO4,5.5970256670000005
Pr4S3NCl3,5.728905543
HoClO,4.287009943
BiSBr,8.449493247000001
RbTmS2,4.89461522
CaZrSi2O7,3.3376720630000003
SO3,2.5426836230000003
ZrCoBi,21.11037397
NaAlO2,2.911085973
GaCl3,2.843904927
Dy3CuSiS7,7.555508933
S(IO3)2,5.256138453
MgMoN2,11.72027316
SrAl2B2O7,2.45536611
Sr2IN,5.540392099999999
Sr(ZnP)2,11.3034725
LiErO2,3.730874697
K2AgAs,7.109434837
ZrBrN,5.741355727
Rb2ZrF6,2.226765893
Ca2SiO4,3.69385076
CdBiClO2,4.78369359
ZrS3,7.646433437000001
Y2SeO2,6.479857423
Sr2H3I,4.46510014
Ag2HgI4,6.14112845
PbCl4,4.044798193
K6CdTe4,4.387190107
AlSbI6,4.99312872
KPrGeSe4,6.112234902999999
Li4MnSi2O7,3.01773008
Na2BeF4,1.77287126
BaSiCl,4.33204617
NaErSe2,6.07302446
Sm2PbSe4,11.57302119
TlBr,5.21533419
BaZnCl2,5.58675402
SrH2,4.56425501
YBi2BrO4,5.867065622999999
Mo3WSe8,9.364254413
TiBrN,10.03219467
Ba(H2O3)2,2.75614411
Na3MoNO3,2.827460893
HgBr2,5.673660472999999
PtO2,8.551912703
PrBr3,4.58620562
SrCa(CO3)2,2.805508693
TiSnPt,21.53474344
TmTlSe2,8.167254273
BiI3,6.73649144
NaBr,2.8687759
UCO5,3.588126193
LiCrO2,5.211942307
TaCu3Se4,7.12098474
Bi3BrO4,6.623109697
NaSmS2,5.356038253
BeS,5.19121211
As2Ru,23.92212224
KI,3.30993035
KAuSe2,8.660291127
BaNaH3Pd,5.947915213
NaDyO2,3.730626137
ZnNiF6,5.07668691
LiNbO3,5.5609318
KTlO,5.030123227
PdF4,5.383584127000001
AgCl,5.04888021
LiCrP2O7,3.569882723
CoHgC4(SeN)4,6.040606307000001
KBi(PS3)2,6.487534227
Na2ThF6,2.351729007
RbBaSiHO4,2.841619703
ScCuS2,10.49454237
Li2H2SeO5,2.37130798
K3Ta3(BO)2,4.179402813
MnH4(BrO)2,3.447319193
LiTa2CuO6,6.85715908
Al5CuS8,6.66182176
Zn(GaS2)2,6.157897802999999
Ga2S3,6.202506037000001
ZnGeN2,6.119548413
CdI2,5.408658653
KCl,2.35583719
SmTaO4,4.940051673
KErO2,3.5277955430000003
Li2NbOF5,2.65337172
CaSnF4,2.98775465
P4PtF2,2.39774632
SNCl,3.889845987
Zr3GeO8,5.15796778
LiC,3.293063337
K2PAu,6.870959567000001
LiSb3P2,3.998343933
KBaSiHO4,2.784301733
Mg3(HO2)2,2.89365103
NdBi2ClO4,5.6542017
Na4S2O5,2.77726548
Na2CN2,2.720554893
RbTlO2,5.356253227
LiHF2,1.98587806
LiLuO2,3.715296893
Ba2BiAu,18.87882148
Li6FeO5F,4.84314054
Ca4Al6O3,3.03150623
UCdO4,7.28560864
KTeHOF4,2.3979065
WSe2,12.58896719
SrCuSeF,5.853556263
Sm3SiAgS7,7.512674873
NaMgSb,9.20924587
Yb(NdS2)2,7.733206373
Nd2Be2SiO7,3.647775143
Ga3PO7,3.412427363
ErSF,5.762585667000001
Rb2LiVO4,2.90386539
LuIO,4.81305595
ClO3,4.3870883
AlH3,4.27780273
NaInO2,3.893509483
HgS,8.12120265
BaCrF5,2.7091411130000003
NaNiIO6,5.785192057000001
RbI3,4.967206153
Zn(InTe2)2,11.47832672
Li2ZrTeO6,4.33514596
SmZrF7,2.31617889
LiAuO2,5.52531152
SbAsO5,3.524361557
Al4C3,7.873814527
LiScMo3O8,6.986187977
GeI2,6.550313083
AcTlTe2,16.598976399999998
AgCl,5.85008036
CdPtF6,3.10264598
Rb3NaBe2F8,2.003803817
TiMn3O8,8.49797332
LiMgH3,3.772409637
LiCuSi2O5,3.01374684
LuTlS2,7.173796173
K2Pb2O3,5.25185107
Ca2Ge,12.4232969
Yb4As2O,9.056527267
Sm3CuGeS7,7.88045438
GaCuO2,5.69306152
LiInP2O7,2.736691577
RbYbF3,2.1910545
NaHF2,1.7727474769999998
BiSbO3,6.417019592999999
CdTeMoO6,4.83016315
VCu3Se4,8.55526289
K2GeF6,2.101166497
NaBrO3,2.87703021
Y2SO2,5.050410983
KClO3,2.5088111630000003
CaPtF6,2.59102315
SrClF,2.884824347
Tl3AsS3,9.647272867
TiNCl,9.298229393
Cd(GaS2)2,6.150899707000001
SrS2,5.378295377000001
Li2CrP2O7,3.028956543
HoTlS2,7.16189211
GaSeBr7,4.8316410030000005
HgNO2,4.390680400000001
FeCl2,7.728668602999999
NaLuO2,3.606237903
ReNCl4,6.512274537000001
MnAlF5,2.192762473
CSO,2.604335357
KCN,2.089491307
K2PdF4,2.37301976
TiSiPt,19.00568081
PdI2,16.69361862
Zr(MoO4)2,4.648045243
Yb(YS2)2,7.608601617000001
HoF3,2.665370897
Li2CeN2,8.80331454
PbI2,6.13818452
SiS,2.50522101
Pr2TeO2,6.85478232
KF,1.98901988
Al(IO3)3,4.302841623
Ho2SO2,5.07407533
Li2PNO2,2.966323253
XeO3,6.80433019
PrIO,4.78793162
H5CNO2,2.278615293
RbAuC2,3.902457937
KAcTe2,8.95721578
RbPbBr3,4.370080277
NdTlS2,7.16258321
NiPbF6,5.011605987
TmClO,3.258896343
BeI2,3.87075697
AlAgO2,4.2177439130000005
Zn(SnO2)4,4.80550218
Bi2PbSe4,19.83298506
KHO,2.478986223
KYO2,3.528549107
Mg3Si2H4O9,2.542829577
Dy2Be2GeO7,3.749427177
RbAgO2,3.903326153
Ba2YF7,2.595615813
Na3ScF6,2.03850003
Ga2PdBr8,4.311153757
Rb2HgO2,3.136458767
AlN,5.03303461
H2C5N2O,2.467782017
LiV3O8,6.0245753870000005
K2CuSb,7.050105297000001
LiScS2,6.949611857000001
Cu2SO4,3.789849417
LiNbSe2,13.48855485
Mg5(HO3)2,2.968828917
HoTlO2,6.450967263
NaLi2Sb,8.80196638
Rb2S3,3.965364437
KSmSe2,5.66191374
NdCuTeO,8.744509687
HgBr2,4.50811504
RbErS2,4.898307807
PAuS4,6.26032552
SeOF2,2.81900713
K4Br2O,2.8004411730000003
Ta(ICl)2,5.776774727
LiI,4.158700867
Li3BrO,3.55248198
TbSF,5.79161638
AgBrO4,4.940036597
ScIO,5.172717117
LiAlO2,3.0342658
Li2AlVO4,3.779904353
Th2HN3,7.92746936
HfS3,7.423804802999999
Al3GaN4,4.81194984
Sm3BWO9,4.4248518830000005
ZrSiPd,19.45671971
RbPrSe2,5.56577135
Pr5AgSe8,10.36781421
KLiZnS2,4.47382318
Pd(Se3Cl)2,8.38055591
Sr(AlCl4)2,2.7144507730000003
Dy2TeO2,7.087726053
HoBi2IO4,6.544105427000001
S3(NCl)2,5.277613863
NbCl4,4.623029507
Ca(MgSb)2,10.39734617
SnH8(CI)4,3.5408873030000003
ErTlO2,6.505104187000001
K2Mg2O3,2.94975793
SmBi2IO4,6.645159793
Cd(CN)2,2.07970434
CdCu2SiS4,7.51642308
NaTbSe2,6.15879489
Sr3TaGa3(SiO2)2,3.41802662
MgSe,6.47310118
Nd2TeO2,6.905394087
BaHfN2,7.290940543
BeSnAs2,14.85713903
NbTlBr4O,5.849507292999999
AlAgTe2,9.100043277000001
YbC2,4.19591236
KSmF4,2.38794867
Ca(PrTe2)2,11.7160533
Ca4Mg3H4,4.198819847
SiF4,1.75391696
RbCaSb,6.14691225
KMgH3,3.4322184
Li7SbO6,3.161759267
TlS,9.481368312999999
MgSiAs2,10.2995306
Tm2SeO2,6.21655253
B4PbO7,3.850128353
ZnCdSe2,9.04818681
TeO2,5.59072709
Ba(BS2)2,4.931210663
RbLuS2,4.846193967
MgSiP2,8.630991607
Nd3SiAgS7,7.424960242999999
RbAlF4,2.073665763
KH,2.68870995
TlGeF3,3.321178053
Ca2H3Br,4.694254917
MgPdF6,3.09055374
AsF3,2.49992004
BiTeI,12.0844532
TlCd(NO2)3,3.48247571
TaCu3Te4,9.31113372
SbF3,3.119253393
CeO2,7.95524046
CaNiF6,3.073860273
Ba2H6Os,4.41453496
Rb4I2O,3.2159993730000003
LiSmS2,6.190642003
SiC,6.966240203
Na2CdSnS4,4.63728975
NaPrO2,3.891945163
Sr(NdS2)2,7.474245697000001
LiDyS2,6.103755897
CaClF,3.04234029
Sr2H5Rh,7.863379287000001
LiFe(CO3)2,4.50949828
NaScO2,3.801550747
AgBr,6.04559234
Na2O,3.12404841
LiCaAs,6.53477397
Pd(SCl3)2,4.73908124
Ca(CdP)2,12.40438524
RbIO3,3.767289243
Sr7(HBr)2,3.96837538
Al2Si4O,2.4500780630000003
Nb(SeCl)2,6.288562147
Li5Cu(PO4)2,2.83742469
K2Pt,4.89085668
Sr4I6O,4.178969733
MgCN2,4.79164244
AgAsO2,4.495874067
SnH4(NF)2,2.883788493
CO2,2.51100432
ZnSnF6,2.419874317
CaHClO,2.909875233
Mg(AlS2)2,4.845468533
ScNiP,17.00546456
Nb(SeBr)2,7.013200972999999
CaSiO3,3.74522821
Na2PtS2,6.33227437
TaBi3O7,7.032526223
LiN3,2.874343427
PrBi2IO4,6.73253382
RbLiCl2,2.501516177
NaAlSe2,5.644356502999999
ErSeI,5.5759588
Ba(PrS2)2,7.50801606
LiHoSe2,6.85302832
BaTe3,14.16683842
NClOF4,3.357540547
Ba2CuClO2,3.63181314
PbF2,3.28623614
Dy3CuSnS7,8.040695572999999
Na3Mo(OF)3,2.525572187
AgRhO2,12.85177817
KYSn,16.96123006
CaBr2,3.258728093
Mg3ZnO4,3.553631733
NaClO2,2.6880733830000003
Ba4Cl6O,3.122208857
Li2Si2NiO6,3.6518676
BaGaSiH,17.68657038
MnZnF4,2.719656457
CaGaBO4,2.85034165
Na5Li3Ti5O4,4.32415671
MgSnF6,2.15474319
H5NO,2.144213473
LiSiNO,3.33457895
TiF2,3.46981417
SrTe,8.02990801
Na2PtSe2,7.689102487
BeGeAs2,13.70508047
YCuSe2,9.825900423
CdSiO3,4.36713726
Ca(NdS2)2,7.63712266
HoBi2ClO4,5.530040672999999
PbF2,3.281883833
V2ZnO6,6.404122752999999
K2PtF6,2.46216995
Tb2TeO2,7.067940507
AgHgSI,6.63748166
Sr(YS2)2,7.300689863
SrC2,4.537993357
HgF2,3.91556765
Tl4GeS4,8.169318367
BI3,3.92933334
BaNaP,8.57835916
H4C,1.90345931
SrCuSF,5.245133807
GeF2,3.170278943
Na3PO4,2.237986017
Ca4As2O,8.05603443
Sr2ZnN2,6.274107027
Pr3CuSiS7,7.348911757000001
SmBrO,4.449354007
BaSi3SnO9,2.8764579130000003
Ga(IO3)3,4.408592523
YbO,3.86112525
CdPdF6,3.4789628130000003
RbBr,2.56845995
Li2CrPO4F,3.153419137
Li2MnSi3O8,2.753063007
AlPS4,4.119436413
NaSm3SiS7,6.903367847
H4NClO2,2.7724262000000004
NaInTe2,10.25147379
BeSiP2,9.317985137
ClF,3.2855053
NaHoO2,3.707543893
SrMg2N2,5.934663532999999
TiMnO3,8.871179063
TiMn2O6,7.510105553
HoHSe,8.576517757000001
BeSO4,2.417670767
SbO2F,4.288632157
K2AgP,6.60210051
RbUO3,5.02526358
GaB3N4,4.9149105
TeAuCl7,4.27851347
RbCd(NO2)3,2.944106757
BeGeP2,10.63551263
PrClO,4.303632567
TlSbS2,9.995715993
BeTe,7.3376884
NdBrO,4.70296326
BeSiN2,4.492410743
Rb2MgCl4,2.614519057
MoW3(SeS)4,8.020063322999999
ScHO2,4.194266437
Ac2O3,4.416521697
Li8SiO6,2.732720487
YAlO3,3.740333597
KCrP2S7,5.80524213
Tl3VS4,7.77475919
CrCuO2,8.381653547
LiMn(PO3)3,2.401223153
Fe(SiP)4,16.412106400000006
HgIBr,5.08214985
Pd(Se4Cl)2,8.341935303
CF4,1.750423137
LiV(PO3)3,2.492284573
ZnB2(CN)8,2.519914057
Na2H4Pt,3.507604653
H2SeO4,2.815068997
ErBi2BrO4,5.84593307
NaSmSe2,6.239056537000001
Mn(SbS2)2,13.44600587
RbHoS2,4.906311637
ThSnPt,31.45494785
BH4O2F3,2.01679058
RhF3,12.68598425
Rb2PdC2,4.906418557
PrZr3F5,2.5394890130000003
Li3Mn3OF7,2.566199197
Pr3SiAgSe7,8.848466077000001
NaAlTe2,7.546355157000001
Yb4Br6O,3.88680971
KHCO3,2.288900267
HoCuO2,4.784728317
Yb(HoS2)2,7.637445893
Ti(CuS)4,9.739636947000001
HfSO,7.02203761
BaCaAlF7,2.25172873
WSe2,5.511497237
SrLiP,8.484355913
TlBSe3,8.682558517
KLiBeF4,1.827853093
RbBr,2.92476648
ZnSe,7.372318937
SbTe2F6,3.860616167
SrHClO,2.77259615
Ba3Ga2(GeO)4,3.668482303
PrTlTe2,10.0054689
NaCN,2.257126267
Nb(PS4)2,5.288414057
YOF,3.3893305
RbHoSe2,5.552881883
TlClO3,3.366286063
Na3AlF6,1.856158957
Li7NbO6,3.66073996
Li2CaSiO4,3.03393717
Na2NiO2,4.47274481
RbNO2,2.414994987
NaY3SiS7,6.922339417000001
Nd2TeS2,7.799205702999999
Sr2C(NCl)2,3.1165099830000003
BrF3,3.0314136030000003
Tl3AsSe3,11.92682927
Yb(SmS2)2,7.736721133
Te2O5,5.042563483
Cd(AgI2)2,5.031349887
H2C,2.612888373
AlTlF4,2.716080463
Li2SiO3,2.665338357
Nb(SCl)2,5.480425637000001
SrCN2,3.172461563
KTlO2,5.180410757
Ba2ZnF6,2.589551593
InSnCl3,4.612244067
KMgP,6.03290651
Tb2SO2,5.121533917
SeBr,7.68810499
SmTlS2,7.190984382999999
SrMgH4,3.993339957
Ba2ZrS4,7.180189563
P3N5,5.204587187
Rb2ThF6,2.372880873
Li3ClO,3.1248162999999995
Al2CO,5.294051943
LiCl,2.96663546
CIN,3.276320147
KAuO2,3.77588541
AlBr3,3.155898067
LiHoSe2,7.211966092999999
SiH4,2.421651283
LiSi2N3,4.23307575
AlHO2,3.148997707
Sr2SnO4,3.90003609
BaO,4.66807706
